[2026-08-19 01:35:17] production.ERROR: No application encryption key has been specified. {"exception":"[object] (Illuminate\\Encryption\\MissingAppKeyException(code: 0): No application encryption key has been specified. at C:/laragon/www/cadisetramadiR/vendor/laravel/framework/src/Illuminate/Encryption/EncryptionServiceProvider.php:83)
[stacktrace]
#0 C:/laragon/www/cadisetramadiR/vendor/laravel/framework/src/Illuminate/Support/helpers.php(393): Illuminate/Encryption/EncryptionServiceProvider->{closure:Illuminate/Encryption/EncryptionServiceProvider::key():81}(NULL)
#1 C:/laragon/www/cadisetramadiR/vendor/laravel/framework/src/Illuminate/Encryption/EncryptionServiceProvider.php(81): tap(NULL, Object(Closure))
#2 C:/laragon/www/cadisetramadiR/vendor/laravel/framework/src/Illuminate/Encryption/EncryptionServiceProvider.php(64): Illuminate/Encryption/EncryptionServiceProvider->key(Array)
#3 C:/laragon/www/cadisetramadiR/vendor/laravel/framework/src/Illuminate/Encryption/EncryptionServiceProvider.php(32): Illuminate/Encryption/EncryptionServiceProvider->parseKey(Array)
#4 C:/laragon/www/cadisetramadiR/vendor/laravel/framework/src/Illuminate/Container/Container.php(1115): Illuminate/Encryption/EncryptionServiceProvider->{closure:Illuminate/Encryption/EncryptionServiceProvider::registerEncrypter():29}(Object(Illuminate/Foundation/Application), Array)
#5 C:/laragon/www/cadisetramadiR/vendor/laravel/framework/src/Illuminate/Container/Container.php(933): Illuminate/Container/Container->build(Object(Closure))
#6 C:/laragon/www/cadisetramadiR/vendor/laravel/framework/src/Illuminate/Foundation/Application.php(1078): Illuminate/Container/Container->resolve('encrypter', Array, true)
#7 C:/laragon/www/cadisetramadiR/vendor/laravel/framework/src/Illuminate/Container/Container.php(864): Illuminate/Foundation/Application->resolve('encrypter', Array)
#8 C:/laragon/www/cadisetramadiR/vendor/laravel/framework/src/Illuminate/Foundation/Application.php(1058): Illuminate/Container/Container->make('encrypter', Array)
#9 C:/laragon/www/cadisetramadiR/vendor/laravel/framework/src/Illuminate/Container/Container.php(1336): Illuminate/Foundation/Application->make('encrypter')
#10 C:/laragon/www/cadisetramadiR/vendor/laravel/framework/src/Illuminate/Container/Container.php(1237): Illuminate/Container/Container->resolveClass(Object(ReflectionParameter), 'Illuminate//Cont...')
#11 C:/laragon/www/cadisetramadiR/vendor/laravel/framework/src/Illuminate/Container/Container.php(1162): Illuminate/Container/Container->resolveDependencies(Array)
#12 C:/laragon/www/cadisetramadiR/vendor/laravel/framework/src/Illuminate/Container/Container.php(933): Illuminate/Container/Container->build('Illuminate//Cook...')
#13 C:/laragon/www/cadisetramadiR/vendor/laravel/framework/src/Illuminate/Foundation/Application.php(1078): Illuminate/Container/Container->resolve('Illuminate//Cook...', Array, true)
#14 C:/laragon/www/cadisetramadiR/vendor/laravel/framework/src/Illuminate/Container/Container.php(864): Illuminate/Foundation/Application->resolve('Illuminate//Cook...', Array)
#15 C:/laragon/www/cadisetramadiR/vendor/laravel/framework/src/Illuminate/Foundation/Application.php(1058): Illuminate/Container/Container->make('Illuminate//Cook...', Array)
#16 C:/laragon/www/cadisetramadiR/vendor/laravel/framework/src/Illuminate/Pipeline/Pipeline.php(208): Illuminate/Foundation/Application->make('Illuminate//Cook...')
#17 C:/laragon/www/cadisetramadiR/vendor/laravel/framework/src/Illuminate/Pipeline/Pipeline.php(137): Illuminate/Pipeline/Pipeline->{closure:{closure:Illuminate/Pipeline/Pipeline::carry():194}:195}(Object(Illuminate/Http/Request))
#18 C:/laragon/www/cadisetramadiR/vendor/laravel/framework/src/Illuminate/Routing/Router.php(821): Illuminate/Pipeline/Pipeline->then(Object(Closure))
#19 C:/laragon/www/cadisetramadiR/vendor/laravel/framework/src/Illuminate/Routing/Router.php(800): Illuminate/Routing/Router->runRouteWithinStack(Object(Illuminate/Routing/Route), Object(Illuminate/Http/Request))
#20 C:/laragon/www/cadisetramadiR/vendor/laravel/framework/src/Illuminate/Routing/Router.php(764): Illuminate/Routing/Router->runRoute(Object(Illuminate/Http/Request), Object(Illuminate/Routing/Route))
#21 C:/laragon/www/cadisetramadiR/vendor/laravel/framework/src/Illuminate/Routing/Router.php(753): Illuminate/Routing/Router->dispatchToRoute(Object(Illuminate/Http/Request))
#22 C:/laragon/www/cadisetramadiR/vendor/laravel/framework/src/Illuminate/Foundation/Http/Kernel.php(200): Illuminate/Routing/Router->dispatch(Object(Illuminate/Http/Request))
#23 C:/laragon/www/cadisetramadiR/vendor/laravel/framework/src/Illuminate/Pipeline/Pipeline.php(180): Illuminate/Foundation/Http/Kernel->{closure:Illuminate/Foundation/Http/Kernel::dispatchToRouter():197}(Object(Illuminate/Http/Request))
#24 C:/laragon/www/cadisetramadiR/vendor/laravel/framework/src/Illuminate/Foundation/Http/Middleware/TransformsRequest.php(21): Illuminate/Pipeline/Pipeline->{closure:Illuminate/Pipeline/Pipeline::prepareDestination():178}(Object(Illuminate/Http/Request))
#25 C:/laragon/www/cadisetramadiR/vendor/laravel/framework/src/Illuminate/Foundation/Http/Middleware/ConvertEmptyStringsToNull.php(31): Illuminate/Foundation/Http/Middleware/TransformsRequest->handle(Object(Illuminate/Http/Request), Object(Closure))
#26 C:/laragon/www/cadisetramadiR/vendor/laravel/framework/src/Illuminate/Pipeline/Pipeline.php(219): Illuminate/Foundation/Http/Middleware/ConvertEmptyStringsToNull->handle(Object(Illuminate/Http/Request), Object(Closure))
#27 C:/laragon/www/cadisetramadiR/vendor/laravel/framework/src/Illuminate/Foundation/Http/Middleware/TransformsRequest.php(21): Illuminate/Pipeline/Pipeline->{closure:{closure:Illuminate/Pipeline/Pipeline::carry():194}:195}(Object(Illuminate/Http/Request))
#28 C:/laragon/www/cadisetramadiR/vendor/laravel/framework/src/Illuminate/Foundation/Http/Middleware/TrimStrings.php(51): Illuminate/Foundation/Http/Middleware/TransformsRequest->handle(Object(Illuminate/Http/Request), Object(Closure))
#29 C:/laragon/www/cadisetramadiR/vendor/laravel/framework/src/Illuminate/Pipeline/Pipeline.php(219): Illuminate/Foundation/Http/Middleware/TrimStrings->handle(Object(Illuminate/Http/Request), Object(Closure))
#30 C:/laragon/www/cadisetramadiR/vendor/laravel/framework/src/Illuminate/Http/Middleware/ValidatePostSize.php(27): Illuminate/Pipeline/Pipeline->{closure:{closure:Illuminate/Pipeline/Pipeline::carry():194}:195}(Object(Illuminate/Http/Request))
#31 C:/laragon/www/cadisetramadiR/vendor/laravel/framework/src/Illuminate/Pipeline/Pipeline.php(219): Illuminate/Http/Middleware/ValidatePostSize->handle(Object(Illuminate/Http/Request), Object(Closure))
#32 C:/laragon/www/cadisetramadiR/vendor/laravel/framework/src/Illuminate/Foundation/Http/Middleware/PreventRequestsDuringMaintenance.php(109): Illuminate/Pipeline/Pipeline->{closure:{closure:Illuminate/Pipeline/Pipeline::carry():194}:195}(Object(Illuminate/Http/Request))
#33 C:/laragon/www/cadisetramadiR/vendor/laravel/framework/src/Illuminate/Pipeline/Pipeline.php(219): Illuminate/Foundation/Http/Middleware/PreventRequestsDuringMaintenance->handle(Object(Illuminate/Http/Request), Object(Closure))
#34 C:/laragon/www/cadisetramadiR/vendor/laravel/framework/src/Illuminate/Http/Middleware/HandleCors.php(61): Illuminate/Pipeline/Pipeline->{closure:{closure:Illuminate/Pipeline/Pipeline::carry():194}:195}(Object(Illuminate/Http/Request))
#35 C:/laragon/www/cadisetramadiR/vendor/laravel/framework/src/Illuminate/Pipeline/Pipeline.php(219): Illuminate/Http/Middleware/HandleCors->handle(Object(Illuminate/Http/Request), Object(Closure))
#36 C:/laragon/www/cadisetramadiR/vendor/laravel/framework/src/Illuminate/Http/Middleware/TrustProxies.php(58): Illuminate/Pipeline/Pipeline->{closure:{closure:Illuminate/Pipeline/Pipeline::carry():194}:195}(Object(Illuminate/Http/Request))
#37 C:/laragon/www/cadisetramadiR/vendor/laravel/framework/src/Illuminate/Pipeline/Pipeline.php(219): Illuminate/Http/Middleware/TrustProxies->handle(Object(Illuminate/Http/Request), Object(Closure))
#38 C:/laragon/www/cadisetramadiR/vendor/laravel/framework/src/Illuminate/Foundation/Http/Middleware/InvokeDeferredCallbacks.php(22): Illuminate/Pipeline/Pipeline->{closure:{closure:Illuminate/Pipeline/Pipeline::carry():194}:195}(Object(Illuminate/Http/Request))
#39 C:/laragon/www/cadisetramadiR/vendor/laravel/framework/src/Illuminate/Pipeline/Pipeline.php(219): Illuminate/Foundation/Http/Middleware/InvokeDeferredCallbacks->handle(Object(Illuminate/Http/Request), Object(Closure))
#40 C:/laragon/www/cadisetramadiR/vendor/laravel/framework/src/Illuminate/Http/Middleware/ValidatePathEncoding.php(26): Illuminate/Pipeline/Pipeline->{closure:{closure:Illuminate/Pipeline/Pipeline::carry():194}:195}(Object(Illuminate/Http/Request))
#41 C:/laragon/www/cadisetramadiR/vendor/laravel/framework/src/Illuminate/Pipeline/Pipeline.php(219): Illuminate/Http/Middleware/ValidatePathEncoding->handle(Object(Illuminate/Http/Request), Object(Closure))
#42 C:/laragon/www/cadisetramadiR/vendor/laravel/framework/src/Illuminate/Pipeline/Pipeline.php(137): Illuminate/Pipeline/Pipeline->{closure:{closure:Illuminate/Pipeline/Pipeline::carry():194}:195}(Object(Illuminate/Http/Request))
#43 C:/laragon/www/cadisetramadiR/vendor/laravel/framework/src/Illuminate/Foundation/Http/Kernel.php(175): Illuminate/Pipeline/Pipeline->then(Object(Closure))
#44 C:/laragon/www/cadisetramadiR/vendor/laravel/framework/src/Illuminate/Foundation/Http/Kernel.php(144): Illuminate/Foundation/Http/Kernel->sendRequestThroughRouter(Object(Illuminate/Http/Request))
#45 C:/laragon/www/cadisetramadiR/vendor/laravel/framework/src/Illuminate/Foundation/Application.php(1220): Illuminate/Foundation/Http/Kernel->handle(Object(Illuminate/Http/Request))
#46 C:/laragon/www/cadisetramadiR/public/index.php(20): Illuminate/Foundation/Application->handleRequest(Object(Illuminate/Http/Request))
#47 C:/laragon/www/cadisetramadiR/vendor/laravel/framework/src/Illuminate/Foundation/resources/server.php(23): require_once('C://laragon//www//...')
#48 {main}
"} 
[2026-08-19 01:35:17] production.ERROR: No application encryption key has been specified. {"exception":"[object] (Illuminate\\Encryption\\MissingAppKeyException(code: 0): No application encryption key has been specified. at C:/laragon/www/cadisetramadiR/vendor/laravel/framework/src/Illuminate/Encryption/EncryptionServiceProvider.php:83)
[stacktrace]
#0 C:/laragon/www/cadisetramadiR/vendor/laravel/framework/src/Illuminate/Support/helpers.php(393): Illuminate/Encryption/EncryptionServiceProvider->{closure:Illuminate/Encryption/EncryptionServiceProvider::key():81}(NULL)
#1 C:/laragon/www/cadisetramadiR/vendor/laravel/framework/src/Illuminate/Encryption/EncryptionServiceProvider.php(81): tap(NULL, Object(Closure))
#2 C:/laragon/www/cadisetramadiR/vendor/laravel/framework/src/Illuminate/Encryption/EncryptionServiceProvider.php(64): Illuminate/Encryption/EncryptionServiceProvider->key(Array)
#3 C:/laragon/www/cadisetramadiR/vendor/laravel/framework/src/Illuminate/Encryption/EncryptionServiceProvider.php(32): Illuminate/Encryption/EncryptionServiceProvider->parseKey(Array)
#4 C:/laragon/www/cadisetramadiR/vendor/laravel/framework/src/Illuminate/Container/Container.php(1115): Illuminate/Encryption/EncryptionServiceProvider->{closure:Illuminate/Encryption/EncryptionServiceProvider::registerEncrypter():29}(Object(Illuminate/Foundation/Application), Array)
#5 C:/laragon/www/cadisetramadiR/vendor/laravel/framework/src/Illuminate/Container/Container.php(933): Illuminate/Container/Container->build(Object(Closure))
#6 C:/laragon/www/cadisetramadiR/vendor/laravel/framework/src/Illuminate/Foundation/Application.php(1078): Illuminate/Container/Container->resolve('encrypter', Array, true)
#7 C:/laragon/www/cadisetramadiR/vendor/laravel/framework/src/Illuminate/Container/Container.php(864): Illuminate/Foundation/Application->resolve('encrypter', Array)
#8 C:/laragon/www/cadisetramadiR/vendor/laravel/framework/src/Illuminate/Foundation/Application.php(1058): Illuminate/Container/Container->make('encrypter', Array)
#9 C:/laragon/www/cadisetramadiR/vendor/laravel/framework/src/Illuminate/Container/Container.php(1336): Illuminate/Foundation/Application->make('encrypter')
#10 C:/laragon/www/cadisetramadiR/vendor/laravel/framework/src/Illuminate/Container/Container.php(1237): Illuminate/Container/Container->resolveClass(Object(ReflectionParameter), 'Illuminate//Cont...')
#11 C:/laragon/www/cadisetramadiR/vendor/laravel/framework/src/Illuminate/Container/Container.php(1162): Illuminate/Container/Container->resolveDependencies(Array)
#12 C:/laragon/www/cadisetramadiR/vendor/laravel/framework/src/Illuminate/Container/Container.php(933): Illuminate/Container/Container->build('Illuminate//Cook...')
#13 C:/laragon/www/cadisetramadiR/vendor/laravel/framework/src/Illuminate/Foundation/Application.php(1078): Illuminate/Container/Container->resolve('Illuminate//Cook...', Array, true)
#14 C:/laragon/www/cadisetramadiR/vendor/laravel/framework/src/Illuminate/Container/Container.php(864): Illuminate/Foundation/Application->resolve('Illuminate//Cook...', Array)
#15 C:/laragon/www/cadisetramadiR/vendor/laravel/framework/src/Illuminate/Foundation/Application.php(1058): Illuminate/Container/Container->make('Illuminate//Cook...', Array)
#16 C:/laragon/www/cadisetramadiR/vendor/laravel/framework/src/Illuminate/Foundation/Http/Kernel.php(257): Illuminate/Foundation/Application->make('Illuminate//Cook...')
#17 C:/laragon/www/cadisetramadiR/vendor/laravel/framework/src/Illuminate/Foundation/Http/Kernel.php(215): Illuminate/Foundation/Http/Kernel->terminateMiddleware(Object(Illuminate/Http/Request), Object(Illuminate/Http/Response))
#18 C:/laragon/www/cadisetramadiR/vendor/laravel/framework/src/Illuminate/Foundation/Application.php(1222): Illuminate/Foundation/Http/Kernel->terminate(Object(Illuminate/Http/Request), Object(Illuminate/Http/Response))
#19 C:/laragon/www/cadisetramadiR/public/index.php(20): Illuminate/Foundation/Application->handleRequest(Object(Illuminate/Http/Request))
#20 C:/laragon/www/cadisetramadiR/vendor/laravel/framework/src/Illuminate/Foundation/resources/server.php(23): require_once('C://laragon//www//...')
#21 {main}
"} 
[2026-08-19 01:35:21] production.ERROR: No application encryption key has been specified. {"exception":"[object] (Illuminate\\Encryption\\MissingAppKeyException(code: 0): No application encryption key has been specified. at C:/laragon/www/cadisetramadiR/vendor/laravel/framework/src/Illuminate/Encryption/EncryptionServiceProvider.php:83)
[stacktrace]
#0 C:/laragon/www/cadisetramadiR/vendor/laravel/framework/src/Illuminate/Support/helpers.php(393): Illuminate/Encryption/EncryptionServiceProvider->{closure:Illuminate/Encryption/EncryptionServiceProvider::key():81}(NULL)
#1 C:/laragon/www/cadisetramadiR/vendor/laravel/framework/src/Illuminate/Encryption/EncryptionServiceProvider.php(81): tap(NULL, Object(Closure))
#2 C:/laragon/www/cadisetramadiR/vendor/laravel/framework/src/Illuminate/Encryption/EncryptionServiceProvider.php(64): Illuminate/Encryption/EncryptionServiceProvider->key(Array)
#3 C:/laragon/www/cadisetramadiR/vendor/laravel/framework/src/Illuminate/Encryption/EncryptionServiceProvider.php(32): Illuminate/Encryption/EncryptionServiceProvider->parseKey(Array)
#4 C:/laragon/www/cadisetramadiR/vendor/laravel/framework/src/Illuminate/Container/Container.php(1115): Illuminate/Encryption/EncryptionServiceProvider->{closure:Illuminate/Encryption/EncryptionServiceProvider::registerEncrypter():29}(Object(Illuminate/Foundation/Application), Array)
#5 C:/laragon/www/cadisetramadiR/vendor/laravel/framework/src/Illuminate/Container/Container.php(933): Illuminate/Container/Container->build(Object(Closure))
#6 C:/laragon/www/cadisetramadiR/vendor/laravel/framework/src/Illuminate/Foundation/Application.php(1078): Illuminate/Container/Container->resolve('encrypter', Array, true)
#7 C:/laragon/www/cadisetramadiR/vendor/laravel/framework/src/Illuminate/Container/Container.php(864): Illuminate/Foundation/Application->resolve('encrypter', Array)
#8 C:/laragon/www/cadisetramadiR/vendor/laravel/framework/src/Illuminate/Foundation/Application.php(1058): Illuminate/Container/Container->make('encrypter', Array)
#9 C:/laragon/www/cadisetramadiR/vendor/laravel/framework/src/Illuminate/Container/Container.php(1336): Illuminate/Foundation/Application->make('encrypter')
#10 C:/laragon/www/cadisetramadiR/vendor/laravel/framework/src/Illuminate/Container/Container.php(1237): Illuminate/Container/Container->resolveClass(Object(ReflectionParameter), 'Illuminate//Cont...')
#11 C:/laragon/www/cadisetramadiR/vendor/laravel/framework/src/Illuminate/Container/Container.php(1162): Illuminate/Container/Container->resolveDependencies(Array)
#12 C:/laragon/www/cadisetramadiR/vendor/laravel/framework/src/Illuminate/Container/Container.php(933): Illuminate/Container/Container->build('Illuminate//Cook...')
#13 C:/laragon/www/cadisetramadiR/vendor/laravel/framework/src/Illuminate/Foundation/Application.php(1078): Illuminate/Container/Container->resolve('Illuminate//Cook...', Array, true)
#14 C:/laragon/www/cadisetramadiR/vendor/laravel/framework/src/Illuminate/Container/Container.php(864): Illuminate/Foundation/Application->resolve('Illuminate//Cook...', Array)
#15 C:/laragon/www/cadisetramadiR/vendor/laravel/framework/src/Illuminate/Foundation/Application.php(1058): Illuminate/Container/Container->make('Illuminate//Cook...', Array)
#16 C:/laragon/www/cadisetramadiR/vendor/laravel/framework/src/Illuminate/Pipeline/Pipeline.php(208): Illuminate/Foundation/Application->make('Illuminate//Cook...')
#17 C:/laragon/www/cadisetramadiR/vendor/laravel/framework/src/Illuminate/Pipeline/Pipeline.php(137): Illuminate/Pipeline/Pipeline->{closure:{closure:Illuminate/Pipeline/Pipeline::carry():194}:195}(Object(Illuminate/Http/Request))
#18 C:/laragon/www/cadisetramadiR/vendor/laravel/framework/src/Illuminate/Routing/Router.php(821): Illuminate/Pipeline/Pipeline->then(Object(Closure))
#19 C:/laragon/www/cadisetramadiR/vendor/laravel/framework/src/Illuminate/Routing/Router.php(800): Illuminate/Routing/Router->runRouteWithinStack(Object(Illuminate/Routing/Route), Object(Illuminate/Http/Request))
#20 C:/laragon/www/cadisetramadiR/vendor/laravel/framework/src/Illuminate/Routing/Router.php(764): Illuminate/Routing/Router->runRoute(Object(Illuminate/Http/Request), Object(Illuminate/Routing/Route))
#21 C:/laragon/www/cadisetramadiR/vendor/laravel/framework/src/Illuminate/Routing/Router.php(753): Illuminate/Routing/Router->dispatchToRoute(Object(Illuminate/Http/Request))
#22 C:/laragon/www/cadisetramadiR/vendor/laravel/framework/src/Illuminate/Foundation/Http/Kernel.php(200): Illuminate/Routing/Router->dispatch(Object(Illuminate/Http/Request))
#23 C:/laragon/www/cadisetramadiR/vendor/laravel/framework/src/Illuminate/Pipeline/Pipeline.php(180): Illuminate/Foundation/Http/Kernel->{closure:Illuminate/Foundation/Http/Kernel::dispatchToRouter():197}(Object(Illuminate/Http/Request))
#24 C:/laragon/www/cadisetramadiR/vendor/laravel/framework/src/Illuminate/Foundation/Http/Middleware/TransformsRequest.php(21): Illuminate/Pipeline/Pipeline->{closure:Illuminate/Pipeline/Pipeline::prepareDestination():178}(Object(Illuminate/Http/Request))
#25 C:/laragon/www/cadisetramadiR/vendor/laravel/framework/src/Illuminate/Foundation/Http/Middleware/ConvertEmptyStringsToNull.php(31): Illuminate/Foundation/Http/Middleware/TransformsRequest->handle(Object(Illuminate/Http/Request), Object(Closure))
#26 C:/laragon/www/cadisetramadiR/vendor/laravel/framework/src/Illuminate/Pipeline/Pipeline.php(219): Illuminate/Foundation/Http/Middleware/ConvertEmptyStringsToNull->handle(Object(Illuminate/Http/Request), Object(Closure))
#27 C:/laragon/www/cadisetramadiR/vendor/laravel/framework/src/Illuminate/Foundation/Http/Middleware/TransformsRequest.php(21): Illuminate/Pipeline/Pipeline->{closure:{closure:Illuminate/Pipeline/Pipeline::carry():194}:195}(Object(Illuminate/Http/Request))
#28 C:/laragon/www/cadisetramadiR/vendor/laravel/framework/src/Illuminate/Foundation/Http/Middleware/TrimStrings.php(51): Illuminate/Foundation/Http/Middleware/TransformsRequest->handle(Object(Illuminate/Http/Request), Object(Closure))
#29 C:/laragon/www/cadisetramadiR/vendor/laravel/framework/src/Illuminate/Pipeline/Pipeline.php(219): Illuminate/Foundation/Http/Middleware/TrimStrings->handle(Object(Illuminate/Http/Request), Object(Closure))
#30 C:/laragon/www/cadisetramadiR/vendor/laravel/framework/src/Illuminate/Http/Middleware/ValidatePostSize.php(27): Illuminate/Pipeline/Pipeline->{closure:{closure:Illuminate/Pipeline/Pipeline::carry():194}:195}(Object(Illuminate/Http/Request))
#31 C:/laragon/www/cadisetramadiR/vendor/laravel/framework/src/Illuminate/Pipeline/Pipeline.php(219): Illuminate/Http/Middleware/ValidatePostSize->handle(Object(Illuminate/Http/Request), Object(Closure))
#32 C:/laragon/www/cadisetramadiR/vendor/laravel/framework/src/Illuminate/Foundation/Http/Middleware/PreventRequestsDuringMaintenance.php(109): Illuminate/Pipeline/Pipeline->{closure:{closure:Illuminate/Pipeline/Pipeline::carry():194}:195}(Object(Illuminate/Http/Request))
#33 C:/laragon/www/cadisetramadiR/vendor/laravel/framework/src/Illuminate/Pipeline/Pipeline.php(219): Illuminate/Foundation/Http/Middleware/PreventRequestsDuringMaintenance->handle(Object(Illuminate/Http/Request), Object(Closure))
#34 C:/laragon/www/cadisetramadiR/vendor/laravel/framework/src/Illuminate/Http/Middleware/HandleCors.php(61): Illuminate/Pipeline/Pipeline->{closure:{closure:Illuminate/Pipeline/Pipeline::carry():194}:195}(Object(Illuminate/Http/Request))
#35 C:/laragon/www/cadisetramadiR/vendor/laravel/framework/src/Illuminate/Pipeline/Pipeline.php(219): Illuminate/Http/Middleware/HandleCors->handle(Object(Illuminate/Http/Request), Object(Closure))
#36 C:/laragon/www/cadisetramadiR/vendor/laravel/framework/src/Illuminate/Http/Middleware/TrustProxies.php(58): Illuminate/Pipeline/Pipeline->{closure:{closure:Illuminate/Pipeline/Pipeline::carry():194}:195}(Object(Illuminate/Http/Request))
#37 C:/laragon/www/cadisetramadiR/vendor/laravel/framework/src/Illuminate/Pipeline/Pipeline.php(219): Illuminate/Http/Middleware/TrustProxies->handle(Object(Illuminate/Http/Request), Object(Closure))
#38 C:/laragon/www/cadisetramadiR/vendor/laravel/framework/src/Illuminate/Foundation/Http/Middleware/InvokeDeferredCallbacks.php(22): Illuminate/Pipeline/Pipeline->{closure:{closure:Illuminate/Pipeline/Pipeline::carry():194}:195}(Object(Illuminate/Http/Request))
#39 C:/laragon/www/cadisetramadiR/vendor/laravel/framework/src/Illuminate/Pipeline/Pipeline.php(219): Illuminate/Foundation/Http/Middleware/InvokeDeferredCallbacks->handle(Object(Illuminate/Http/Request), Object(Closure))
#40 C:/laragon/www/cadisetramadiR/vendor/laravel/framework/src/Illuminate/Http/Middleware/ValidatePathEncoding.php(26): Illuminate/Pipeline/Pipeline->{closure:{closure:Illuminate/Pipeline/Pipeline::carry():194}:195}(Object(Illuminate/Http/Request))
#41 C:/laragon/www/cadisetramadiR/vendor/laravel/framework/src/Illuminate/Pipeline/Pipeline.php(219): Illuminate/Http/Middleware/ValidatePathEncoding->handle(Object(Illuminate/Http/Request), Object(Closure))
#42 C:/laragon/www/cadisetramadiR/vendor/laravel/framework/src/Illuminate/Pipeline/Pipeline.php(137): Illuminate/Pipeline/Pipeline->{closure:{closure:Illuminate/Pipeline/Pipeline::carry():194}:195}(Object(Illuminate/Http/Request))
#43 C:/laragon/www/cadisetramadiR/vendor/laravel/framework/src/Illuminate/Foundation/Http/Kernel.php(175): Illuminate/Pipeline/Pipeline->then(Object(Closure))
#44 C:/laragon/www/cadisetramadiR/vendor/laravel/framework/src/Illuminate/Foundation/Http/Kernel.php(144): Illuminate/Foundation/Http/Kernel->sendRequestThroughRouter(Object(Illuminate/Http/Request))
#45 C:/laragon/www/cadisetramadiR/vendor/laravel/framework/src/Illuminate/Foundation/Application.php(1220): Illuminate/Foundation/Http/Kernel->handle(Object(Illuminate/Http/Request))
#46 C:/laragon/www/cadisetramadiR/public/index.php(20): Illuminate/Foundation/Application->handleRequest(Object(Illuminate/Http/Request))
#47 C:/laragon/www/cadisetramadiR/vendor/laravel/framework/src/Illuminate/Foundation/resources/server.php(23): require_once('C://laragon//www//...')
#48 {main}
"} 
[2026-08-19 01:35:21] production.ERROR: No application encryption key has been specified. {"exception":"[object] (Illuminate\\Encryption\\MissingAppKeyException(code: 0): No application encryption key has been specified. at C:/laragon/www/cadisetramadiR/vendor/laravel/framework/src/Illuminate/Encryption/EncryptionServiceProvider.php:83)
[stacktrace]
#0 C:/laragon/www/cadisetramadiR/vendor/laravel/framework/src/Illuminate/Support/helpers.php(393): Illuminate/Encryption/EncryptionServiceProvider->{closure:Illuminate/Encryption/EncryptionServiceProvider::key():81}(NULL)
#1 C:/laragon/www/cadisetramadiR/vendor/laravel/framework/src/Illuminate/Encryption/EncryptionServiceProvider.php(81): tap(NULL, Object(Closure))
#2 C:/laragon/www/cadisetramadiR/vendor/laravel/framework/src/Illuminate/Encryption/EncryptionServiceProvider.php(64): Illuminate/Encryption/EncryptionServiceProvider->key(Array)
#3 C:/laragon/www/cadisetramadiR/vendor/laravel/framework/src/Illuminate/Encryption/EncryptionServiceProvider.php(32): Illuminate/Encryption/EncryptionServiceProvider->parseKey(Array)
#4 C:/laragon/www/cadisetramadiR/vendor/laravel/framework/src/Illuminate/Container/Container.php(1115): Illuminate/Encryption/EncryptionServiceProvider->{closure:Illuminate/Encryption/EncryptionServiceProvider::registerEncrypter():29}(Object(Illuminate/Foundation/Application), Array)
#5 C:/laragon/www/cadisetramadiR/vendor/laravel/framework/src/Illuminate/Container/Container.php(933): Illuminate/Container/Container->build(Object(Closure))
#6 C:/laragon/www/cadisetramadiR/vendor/laravel/framework/src/Illuminate/Foundation/Application.php(1078): Illuminate/Container/Container->resolve('encrypter', Array, true)
#7 C:/laragon/www/cadisetramadiR/vendor/laravel/framework/src/Illuminate/Container/Container.php(864): Illuminate/Foundation/Application->resolve('encrypter', Array)
#8 C:/laragon/www/cadisetramadiR/vendor/laravel/framework/src/Illuminate/Foundation/Application.php(1058): Illuminate/Container/Container->make('encrypter', Array)
#9 C:/laragon/www/cadisetramadiR/vendor/laravel/framework/src/Illuminate/Container/Container.php(1336): Illuminate/Foundation/Application->make('encrypter')
#10 C:/laragon/www/cadisetramadiR/vendor/laravel/framework/src/Illuminate/Container/Container.php(1237): Illuminate/Container/Container->resolveClass(Object(ReflectionParameter), 'Illuminate//Cont...')
#11 C:/laragon/www/cadisetramadiR/vendor/laravel/framework/src/Illuminate/Container/Container.php(1162): Illuminate/Container/Container->resolveDependencies(Array)
#12 C:/laragon/www/cadisetramadiR/vendor/laravel/framework/src/Illuminate/Container/Container.php(933): Illuminate/Container/Container->build('Illuminate//Cook...')
#13 C:/laragon/www/cadisetramadiR/vendor/laravel/framework/src/Illuminate/Foundation/Application.php(1078): Illuminate/Container/Container->resolve('Illuminate//Cook...', Array, true)
#14 C:/laragon/www/cadisetramadiR/vendor/laravel/framework/src/Illuminate/Container/Container.php(864): Illuminate/Foundation/Application->resolve('Illuminate//Cook...', Array)
#15 C:/laragon/www/cadisetramadiR/vendor/laravel/framework/src/Illuminate/Foundation/Application.php(1058): Illuminate/Container/Container->make('Illuminate//Cook...', Array)
#16 C:/laragon/www/cadisetramadiR/vendor/laravel/framework/src/Illuminate/Foundation/Http/Kernel.php(257): Illuminate/Foundation/Application->make('Illuminate//Cook...')
#17 C:/laragon/www/cadisetramadiR/vendor/laravel/framework/src/Illuminate/Foundation/Http/Kernel.php(215): Illuminate/Foundation/Http/Kernel->terminateMiddleware(Object(Illuminate/Http/Request), Object(Illuminate/Http/Response))
#18 C:/laragon/www/cadisetramadiR/vendor/laravel/framework/src/Illuminate/Foundation/Application.php(1222): Illuminate/Foundation/Http/Kernel->terminate(Object(Illuminate/Http/Request), Object(Illuminate/Http/Response))
#19 C:/laragon/www/cadisetramadiR/public/index.php(20): Illuminate/Foundation/Application->handleRequest(Object(Illuminate/Http/Request))
#20 C:/laragon/www/cadisetramadiR/vendor/laravel/framework/src/Illuminate/Foundation/resources/server.php(23): require_once('C://laragon//www//...')
#21 {main}
"} 
[2026-08-19 01:35:22] production.ERROR: No application encryption key has been specified. {"exception":"[object] (Illuminate\\Encryption\\MissingAppKeyException(code: 0): No application encryption key has been specified. at C:/laragon/www/cadisetramadiR/vendor/laravel/framework/src/Illuminate/Encryption/EncryptionServiceProvider.php:83)
[stacktrace]
#0 C:/laragon/www/cadisetramadiR/vendor/laravel/framework/src/Illuminate/Support/helpers.php(393): Illuminate/Encryption/EncryptionServiceProvider->{closure:Illuminate/Encryption/EncryptionServiceProvider::key():81}(NULL)
#1 C:/laragon/www/cadisetramadiR/vendor/laravel/framework/src/Illuminate/Encryption/EncryptionServiceProvider.php(81): tap(NULL, Object(Closure))
#2 C:/laragon/www/cadisetramadiR/vendor/laravel/framework/src/Illuminate/Encryption/EncryptionServiceProvider.php(64): Illuminate/Encryption/EncryptionServiceProvider->key(Array)
#3 C:/laragon/www/cadisetramadiR/vendor/laravel/framework/src/Illuminate/Encryption/EncryptionServiceProvider.php(32): Illuminate/Encryption/EncryptionServiceProvider->parseKey(Array)
#4 C:/laragon/www/cadisetramadiR/vendor/laravel/framework/src/Illuminate/Container/Container.php(1115): Illuminate/Encryption/EncryptionServiceProvider->{closure:Illuminate/Encryption/EncryptionServiceProvider::registerEncrypter():29}(Object(Illuminate/Foundation/Application), Array)
#5 C:/laragon/www/cadisetramadiR/vendor/laravel/framework/src/Illuminate/Container/Container.php(933): Illuminate/Container/Container->build(Object(Closure))
#6 C:/laragon/www/cadisetramadiR/vendor/laravel/framework/src/Illuminate/Foundation/Application.php(1078): Illuminate/Container/Container->resolve('encrypter', Array, true)
#7 C:/laragon/www/cadisetramadiR/vendor/laravel/framework/src/Illuminate/Container/Container.php(864): Illuminate/Foundation/Application->resolve('encrypter', Array)
#8 C:/laragon/www/cadisetramadiR/vendor/laravel/framework/src/Illuminate/Foundation/Application.php(1058): Illuminate/Container/Container->make('encrypter', Array)
#9 C:/laragon/www/cadisetramadiR/vendor/laravel/framework/src/Illuminate/Container/Container.php(1336): Illuminate/Foundation/Application->make('encrypter')
#10 C:/laragon/www/cadisetramadiR/vendor/laravel/framework/src/Illuminate/Container/Container.php(1237): Illuminate/Container/Container->resolveClass(Object(ReflectionParameter), 'Illuminate//Cont...')
#11 C:/laragon/www/cadisetramadiR/vendor/laravel/framework/src/Illuminate/Container/Container.php(1162): Illuminate/Container/Container->resolveDependencies(Array)
#12 C:/laragon/www/cadisetramadiR/vendor/laravel/framework/src/Illuminate/Container/Container.php(933): Illuminate/Container/Container->build('Illuminate//Cook...')
#13 C:/laragon/www/cadisetramadiR/vendor/laravel/framework/src/Illuminate/Foundation/Application.php(1078): Illuminate/Container/Container->resolve('Illuminate//Cook...', Array, true)
#14 C:/laragon/www/cadisetramadiR/vendor/laravel/framework/src/Illuminate/Container/Container.php(864): Illuminate/Foundation/Application->resolve('Illuminate//Cook...', Array)
#15 C:/laragon/www/cadisetramadiR/vendor/laravel/framework/src/Illuminate/Foundation/Application.php(1058): Illuminate/Container/Container->make('Illuminate//Cook...', Array)
#16 C:/laragon/www/cadisetramadiR/vendor/laravel/framework/src/Illuminate/Pipeline/Pipeline.php(208): Illuminate/Foundation/Application->make('Illuminate//Cook...')
#17 C:/laragon/www/cadisetramadiR/vendor/laravel/framework/src/Illuminate/Pipeline/Pipeline.php(137): Illuminate/Pipeline/Pipeline->{closure:{closure:Illuminate/Pipeline/Pipeline::carry():194}:195}(Object(Illuminate/Http/Request))
#18 C:/laragon/www/cadisetramadiR/vendor/laravel/framework/src/Illuminate/Routing/Router.php(821): Illuminate/Pipeline/Pipeline->then(Object(Closure))
#19 C:/laragon/www/cadisetramadiR/vendor/laravel/framework/src/Illuminate/Routing/Router.php(800): Illuminate/Routing/Router->runRouteWithinStack(Object(Illuminate/Routing/Route), Object(Illuminate/Http/Request))
#20 C:/laragon/www/cadisetramadiR/vendor/laravel/framework/src/Illuminate/Routing/Router.php(764): Illuminate/Routing/Router->runRoute(Object(Illuminate/Http/Request), Object(Illuminate/Routing/Route))
#21 C:/laragon/www/cadisetramadiR/vendor/laravel/framework/src/Illuminate/Routing/Router.php(753): Illuminate/Routing/Router->dispatchToRoute(Object(Illuminate/Http/Request))
#22 C:/laragon/www/cadisetramadiR/vendor/laravel/framework/src/Illuminate/Foundation/Http/Kernel.php(200): Illuminate/Routing/Router->dispatch(Object(Illuminate/Http/Request))
#23 C:/laragon/www/cadisetramadiR/vendor/laravel/framework/src/Illuminate/Pipeline/Pipeline.php(180): Illuminate/Foundation/Http/Kernel->{closure:Illuminate/Foundation/Http/Kernel::dispatchToRouter():197}(Object(Illuminate/Http/Request))
#24 C:/laragon/www/cadisetramadiR/vendor/laravel/framework/src/Illuminate/Foundation/Http/Middleware/TransformsRequest.php(21): Illuminate/Pipeline/Pipeline->{closure:Illuminate/Pipeline/Pipeline::prepareDestination():178}(Object(Illuminate/Http/Request))
#25 C:/laragon/www/cadisetramadiR/vendor/laravel/framework/src/Illuminate/Foundation/Http/Middleware/ConvertEmptyStringsToNull.php(31): Illuminate/Foundation/Http/Middleware/TransformsRequest->handle(Object(Illuminate/Http/Request), Object(Closure))
#26 C:/laragon/www/cadisetramadiR/vendor/laravel/framework/src/Illuminate/Pipeline/Pipeline.php(219): Illuminate/Foundation/Http/Middleware/ConvertEmptyStringsToNull->handle(Object(Illuminate/Http/Request), Object(Closure))
#27 C:/laragon/www/cadisetramadiR/vendor/laravel/framework/src/Illuminate/Foundation/Http/Middleware/TransformsRequest.php(21): Illuminate/Pipeline/Pipeline->{closure:{closure:Illuminate/Pipeline/Pipeline::carry():194}:195}(Object(Illuminate/Http/Request))
#28 C:/laragon/www/cadisetramadiR/vendor/laravel/framework/src/Illuminate/Foundation/Http/Middleware/TrimStrings.php(51): Illuminate/Foundation/Http/Middleware/TransformsRequest->handle(Object(Illuminate/Http/Request), Object(Closure))
#29 C:/laragon/www/cadisetramadiR/vendor/laravel/framework/src/Illuminate/Pipeline/Pipeline.php(219): Illuminate/Foundation/Http/Middleware/TrimStrings->handle(Object(Illuminate/Http/Request), Object(Closure))
#30 C:/laragon/www/cadisetramadiR/vendor/laravel/framework/src/Illuminate/Http/Middleware/ValidatePostSize.php(27): Illuminate/Pipeline/Pipeline->{closure:{closure:Illuminate/Pipeline/Pipeline::carry():194}:195}(Object(Illuminate/Http/Request))
#31 C:/laragon/www/cadisetramadiR/vendor/laravel/framework/src/Illuminate/Pipeline/Pipeline.php(219): Illuminate/Http/Middleware/ValidatePostSize->handle(Object(Illuminate/Http/Request), Object(Closure))
#32 C:/laragon/www/cadisetramadiR/vendor/laravel/framework/src/Illuminate/Foundation/Http/Middleware/PreventRequestsDuringMaintenance.php(109): Illuminate/Pipeline/Pipeline->{closure:{closure:Illuminate/Pipeline/Pipeline::carry():194}:195}(Object(Illuminate/Http/Request))
#33 C:/laragon/www/cadisetramadiR/vendor/laravel/framework/src/Illuminate/Pipeline/Pipeline.php(219): Illuminate/Foundation/Http/Middleware/PreventRequestsDuringMaintenance->handle(Object(Illuminate/Http/Request), Object(Closure))
#34 C:/laragon/www/cadisetramadiR/vendor/laravel/framework/src/Illuminate/Http/Middleware/HandleCors.php(61): Illuminate/Pipeline/Pipeline->{closure:{closure:Illuminate/Pipeline/Pipeline::carry():194}:195}(Object(Illuminate/Http/Request))
#35 C:/laragon/www/cadisetramadiR/vendor/laravel/framework/src/Illuminate/Pipeline/Pipeline.php(219): Illuminate/Http/Middleware/HandleCors->handle(Object(Illuminate/Http/Request), Object(Closure))
#36 C:/laragon/www/cadisetramadiR/vendor/laravel/framework/src/Illuminate/Http/Middleware/TrustProxies.php(58): Illuminate/Pipeline/Pipeline->{closure:{closure:Illuminate/Pipeline/Pipeline::carry():194}:195}(Object(Illuminate/Http/Request))
#37 C:/laragon/www/cadisetramadiR/vendor/laravel/framework/src/Illuminate/Pipeline/Pipeline.php(219): Illuminate/Http/Middleware/TrustProxies->handle(Object(Illuminate/Http/Request), Object(Closure))
#38 C:/laragon/www/cadisetramadiR/vendor/laravel/framework/src/Illuminate/Foundation/Http/Middleware/InvokeDeferredCallbacks.php(22): Illuminate/Pipeline/Pipeline->{closure:{closure:Illuminate/Pipeline/Pipeline::carry():194}:195}(Object(Illuminate/Http/Request))
#39 C:/laragon/www/cadisetramadiR/vendor/laravel/framework/src/Illuminate/Pipeline/Pipeline.php(219): Illuminate/Foundation/Http/Middleware/InvokeDeferredCallbacks->handle(Object(Illuminate/Http/Request), Object(Closure))
#40 C:/laragon/www/cadisetramadiR/vendor/laravel/framework/src/Illuminate/Http/Middleware/ValidatePathEncoding.php(26): Illuminate/Pipeline/Pipeline->{closure:{closure:Illuminate/Pipeline/Pipeline::carry():194}:195}(Object(Illuminate/Http/Request))
#41 C:/laragon/www/cadisetramadiR/vendor/laravel/framework/src/Illuminate/Pipeline/Pipeline.php(219): Illuminate/Http/Middleware/ValidatePathEncoding->handle(Object(Illuminate/Http/Request), Object(Closure))
#42 C:/laragon/www/cadisetramadiR/vendor/laravel/framework/src/Illuminate/Pipeline/Pipeline.php(137): Illuminate/Pipeline/Pipeline->{closure:{closure:Illuminate/Pipeline/Pipeline::carry():194}:195}(Object(Illuminate/Http/Request))
#43 C:/laragon/www/cadisetramadiR/vendor/laravel/framework/src/Illuminate/Foundation/Http/Kernel.php(175): Illuminate/Pipeline/Pipeline->then(Object(Closure))
#44 C:/laragon/www/cadisetramadiR/vendor/laravel/framework/src/Illuminate/Foundation/Http/Kernel.php(144): Illuminate/Foundation/Http/Kernel->sendRequestThroughRouter(Object(Illuminate/Http/Request))
#45 C:/laragon/www/cadisetramadiR/vendor/laravel/framework/src/Illuminate/Foundation/Application.php(1220): Illuminate/Foundation/Http/Kernel->handle(Object(Illuminate/Http/Request))
#46 C:/laragon/www/cadisetramadiR/public/index.php(20): Illuminate/Foundation/Application->handleRequest(Object(Illuminate/Http/Request))
#47 C:/laragon/www/cadisetramadiR/vendor/laravel/framework/src/Illuminate/Foundation/resources/server.php(23): require_once('C://laragon//www//...')
#48 {main}
"} 
[2026-08-19 01:35:22] production.ERROR: No application encryption key has been specified. {"exception":"[object] (Illuminate\\Encryption\\MissingAppKeyException(code: 0): No application encryption key has been specified. at C:/laragon/www/cadisetramadiR/vendor/laravel/framework/src/Illuminate/Encryption/EncryptionServiceProvider.php:83)
[stacktrace]
#0 C:/laragon/www/cadisetramadiR/vendor/laravel/framework/src/Illuminate/Support/helpers.php(393): Illuminate/Encryption/EncryptionServiceProvider->{closure:Illuminate/Encryption/EncryptionServiceProvider::key():81}(NULL)
#1 C:/laragon/www/cadisetramadiR/vendor/laravel/framework/src/Illuminate/Encryption/EncryptionServiceProvider.php(81): tap(NULL, Object(Closure))
#2 C:/laragon/www/cadisetramadiR/vendor/laravel/framework/src/Illuminate/Encryption/EncryptionServiceProvider.php(64): Illuminate/Encryption/EncryptionServiceProvider->key(Array)
#3 C:/laragon/www/cadisetramadiR/vendor/laravel/framework/src/Illuminate/Encryption/EncryptionServiceProvider.php(32): Illuminate/Encryption/EncryptionServiceProvider->parseKey(Array)
#4 C:/laragon/www/cadisetramadiR/vendor/laravel/framework/src/Illuminate/Container/Container.php(1115): Illuminate/Encryption/EncryptionServiceProvider->{closure:Illuminate/Encryption/EncryptionServiceProvider::registerEncrypter():29}(Object(Illuminate/Foundation/Application), Array)
#5 C:/laragon/www/cadisetramadiR/vendor/laravel/framework/src/Illuminate/Container/Container.php(933): Illuminate/Container/Container->build(Object(Closure))
#6 C:/laragon/www/cadisetramadiR/vendor/laravel/framework/src/Illuminate/Foundation/Application.php(1078): Illuminate/Container/Container->resolve('encrypter', Array, true)
#7 C:/laragon/www/cadisetramadiR/vendor/laravel/framework/src/Illuminate/Container/Container.php(864): Illuminate/Foundation/Application->resolve('encrypter', Array)
#8 C:/laragon/www/cadisetramadiR/vendor/laravel/framework/src/Illuminate/Foundation/Application.php(1058): Illuminate/Container/Container->make('encrypter', Array)
#9 C:/laragon/www/cadisetramadiR/vendor/laravel/framework/src/Illuminate/Container/Container.php(1336): Illuminate/Foundation/Application->make('encrypter')
#10 C:/laragon/www/cadisetramadiR/vendor/laravel/framework/src/Illuminate/Container/Container.php(1237): Illuminate/Container/Container->resolveClass(Object(ReflectionParameter), 'Illuminate//Cont...')
#11 C:/laragon/www/cadisetramadiR/vendor/laravel/framework/src/Illuminate/Container/Container.php(1162): Illuminate/Container/Container->resolveDependencies(Array)
#12 C:/laragon/www/cadisetramadiR/vendor/laravel/framework/src/Illuminate/Container/Container.php(933): Illuminate/Container/Container->build('Illuminate//Cook...')
#13 C:/laragon/www/cadisetramadiR/vendor/laravel/framework/src/Illuminate/Foundation/Application.php(1078): Illuminate/Container/Container->resolve('Illuminate//Cook...', Array, true)
#14 C:/laragon/www/cadisetramadiR/vendor/laravel/framework/src/Illuminate/Container/Container.php(864): Illuminate/Foundation/Application->resolve('Illuminate//Cook...', Array)
#15 C:/laragon/www/cadisetramadiR/vendor/laravel/framework/src/Illuminate/Foundation/Application.php(1058): Illuminate/Container/Container->make('Illuminate//Cook...', Array)
#16 C:/laragon/www/cadisetramadiR/vendor/laravel/framework/src/Illuminate/Foundation/Http/Kernel.php(257): Illuminate/Foundation/Application->make('Illuminate//Cook...')
#17 C:/laragon/www/cadisetramadiR/vendor/laravel/framework/src/Illuminate/Foundation/Http/Kernel.php(215): Illuminate/Foundation/Http/Kernel->terminateMiddleware(Object(Illuminate/Http/Request), Object(Illuminate/Http/Response))
#18 C:/laragon/www/cadisetramadiR/vendor/laravel/framework/src/Illuminate/Foundation/Application.php(1222): Illuminate/Foundation/Http/Kernel->terminate(Object(Illuminate/Http/Request), Object(Illuminate/Http/Response))
#19 C:/laragon/www/cadisetramadiR/public/index.php(20): Illuminate/Foundation/Application->handleRequest(Object(Illuminate/Http/Request))
#20 C:/laragon/www/cadisetramadiR/vendor/laravel/framework/src/Illuminate/Foundation/resources/server.php(23): require_once('C://laragon//www//...')
#21 {main}
"} 
[2026-08-19 01:37:35] local.INFO: User ID: 7  
[2026-08-19 01:37:35] local.INFO: Notifications count: 0  
[2026-08-19 01:37:35] local.INFO: Unread count: 0  
[2026-08-19 01:38:32] local.ERROR: Uncaught ReflectionException: Class "App\Models\ItemPenjualanPolicy" does not exist in Command line code:1
Stack trace:
#0 Command line code(1): ReflectionClass->__construct('App\\Models\\Item...')
#1 [internal function]: {closure:Command line code:1}('App\\Models\\Item...', 'App\\Models\\Item...')
#2 Command line code(1): array_map(Object(Closure), Array, Array)
#3 {main}
  thrown {"exception":"[object] (Symfony\\Component\\ErrorHandler\\Error\\FatalError(code: 0): Uncaught ReflectionException: Class \"App\\Models\\ItemPenjualanPolicy\" does not exist in Command line code:1
Stack trace:
#0 Command line code(1): ReflectionClass->__construct('App\\\\Models\\\\Item...')
#1 [internal function]: {closure:Command line code:1}('App\\\\Models\\\\Item...', 'App\\\\Models\\\\Item...')
#2 Command line code(1): array_map(Object(Closure), Array, Array)
#3 {main}
  thrown at Command line code:1)
[stacktrace]
#0 {main}
"} 
[2026-08-19 01:39:08] local.ERROR: SQLSTATE[42S02]: Base table or view not found: 1146 Table 'pos_ilhamzzz.jenis' doesn't exist (Connection: mysql, Host: 127.0.0.1, Port: 3306, Database: pos_ilhamzzz, SQL: select count(*) as aggregate from `jenis`) {"userId":8,"exception":"[object] (Illuminate\\Database\\QueryException(code: 42S02): SQLSTATE[42S02]: Base table or view not found: 1146 Table 'pos_ilhamzzz.jenis' doesn't exist (Connection: mysql, Host: 127.0.0.1, Port: 3306, Database: pos_ilhamzzz, SQL: select count(*) as aggregate from `jenis`) at C:/laragon/www/cadisetramadiR/vendor/laravel/framework/src/Illuminate/Database/Connection.php:838)
[stacktrace]
#0 C:/laragon/www/cadisetramadiR/vendor/laravel/framework/src/Illuminate/Database/Connection.php(794): Illuminate/Database/Connection->runQueryCallback('select count(*)...', Array, Object(Closure))
#1 C:/laragon/www/cadisetramadiR/vendor/laravel/framework/src/Illuminate/Database/Connection.php(411): Illuminate/Database/Connection->run('select count(*)...', Array, Object(Closure))
#2 C:/laragon/www/cadisetramadiR/vendor/laravel/framework/src/Illuminate/Database/Query/Builder.php(3505): Illuminate/Database/Connection->select('select count(*)...', Array, true)
#3 C:/laragon/www/cadisetramadiR/vendor/laravel/framework/src/Illuminate/Database/Query/Builder.php(3490): Illuminate/Database/Query/Builder->runSelect()
#4 C:/laragon/www/cadisetramadiR/vendor/laravel/framework/src/Illuminate/Database/Query/Builder.php(4080): Illuminate/Database/Query/Builder->{closure:Illuminate/Database/Query/Builder::get():3489}()
#5 C:/laragon/www/cadisetramadiR/vendor/laravel/framework/src/Illuminate/Database/Query/Builder.php(3489): Illuminate/Database/Query/Builder->onceWithColumns(Array, Object(Closure))
#6 C:/laragon/www/cadisetramadiR/vendor/laravel/framework/src/Illuminate/Database/Query/Builder.php(3684): Illuminate/Database/Query/Builder->get()
#7 C:/laragon/www/cadisetramadiR/vendor/laravel/framework/src/Illuminate/Database/Query/Builder.php(3643): Illuminate/Database/Query/Builder->runPaginationCountQuery(Array)
#8 C:/laragon/www/cadisetramadiR/vendor/laravel/framework/src/Illuminate/Database/Eloquent/Builder.php(1120): Illuminate/Database/Query/Builder->getCountForPagination()
#9 C:/laragon/www/cadisetramadiR/app/Http/Controllers/JenisController.php(23): Illuminate/Database/Eloquent/Builder->paginate(10)
#10 C:/laragon/www/cadisetramadiR/vendor/laravel/framework/src/Illuminate/Routing/ControllerDispatcher.php(46): App/Http/Controllers/JenisController->index(Object(Illuminate/Http/Request))
#11 C:/laragon/www/cadisetramadiR/vendor/laravel/framework/src/Illuminate/Routing/Route.php(265): Illuminate/Routing/ControllerDispatcher->dispatch(Object(Illuminate/Routing/Route), Object(App/Http/Controllers/JenisController), 'index')
#12 C:/laragon/www/cadisetramadiR/vendor/laravel/framework/src/Illuminate/Routing/Route.php(211): Illuminate/Routing/Route->runController()
#13 C:/laragon/www/cadisetramadiR/vendor/laravel/framework/src/Illuminate/Routing/Router.php(822): Illuminate/Routing/Route->run()
#14 C:/laragon/www/cadisetramadiR/vendor/laravel/framework/src/Illuminate/Pipeline/Pipeline.php(180): Illuminate/Routing/Router->{closure:Illuminate/Routing/Router::runRouteWithinStack():821}(Object(Illuminate/Http/Request))
#15 C:/laragon/www/cadisetramadiR/app/Http/Middleware/RoleMiddleware.php(29): Illuminate/Pipeline/Pipeline->{closure:Illuminate/Pipeline/Pipeline::prepareDestination():178}(Object(Illuminate/Http/Request))
#16 C:/laragon/www/cadisetramadiR/vendor/laravel/framework/src/Illuminate/Pipeline/Pipeline.php(219): App/Http/Middleware/RoleMiddleware->handle(Object(Illuminate/Http/Request), Object(Closure), 'admin', 'kasir')
#17 C:/laragon/www/cadisetramadiR/app/Http/Middleware/SetLanguage.php(38): Illuminate/Pipeline/Pipeline->{closure:{closure:Illuminate/Pipeline/Pipeline::carry():194}:195}(Object(Illuminate/Http/Request))
#18 C:/laragon/www/cadisetramadiR/vendor/laravel/framework/src/Illuminate/Pipeline/Pipeline.php(219): App/Http/Middleware/SetLanguage->handle(Object(Illuminate/Http/Request), Object(Closure))
#19 C:/laragon/www/cadisetramadiR/vendor/laravel/framework/src/Illuminate/Routing/Middleware/SubstituteBindings.php(50): Illuminate/Pipeline/Pipeline->{closure:{closure:Illuminate/Pipeline/Pipeline::carry():194}:195}(Object(Illuminate/Http/Request))
#20 C:/laragon/www/cadisetramadiR/vendor/laravel/framework/src/Illuminate/Pipeline/Pipeline.php(219): Illuminate/Routing/Middleware/SubstituteBindings->handle(Object(Illuminate/Http/Request), Object(Closure))
#21 C:/laragon/www/cadisetramadiR/vendor/laravel/framework/src/Illuminate/Auth/Middleware/Authenticate.php(63): Illuminate/Pipeline/Pipeline->{closure:{closure:Illuminate/Pipeline/Pipeline::carry():194}:195}(Object(Illuminate/Http/Request))
#22 C:/laragon/www/cadisetramadiR/vendor/laravel/framework/src/Illuminate/Pipeline/Pipeline.php(219): Illuminate/Auth/Middleware/Authenticate->handle(Object(Illuminate/Http/Request), Object(Closure))
#23 C:/laragon/www/cadisetramadiR/vendor/laravel/framework/src/Illuminate/Foundation/Http/Middleware/VerifyCsrfToken.php(87): Illuminate/Pipeline/Pipeline->{closure:{closure:Illuminate/Pipeline/Pipeline::carry():194}:195}(Object(Illuminate/Http/Request))
#24 C:/laragon/www/cadisetramadiR/vendor/laravel/framework/src/Illuminate/Pipeline/Pipeline.php(219): Illuminate/Foundation/Http/Middleware/VerifyCsrfToken->handle(Object(Illuminate/Http/Request), Object(Closure))
#25 C:/laragon/www/cadisetramadiR/vendor/laravel/framework/src/Illuminate/View/Middleware/ShareErrorsFromSession.php(48): Illuminate/Pipeline/Pipeline->{closure:{closure:Illuminate/Pipeline/Pipeline::carry():194}:195}(Object(Illuminate/Http/Request))
#26 C:/laragon/www/cadisetramadiR/vendor/laravel/framework/src/Illuminate/Pipeline/Pipeline.php(219): Illuminate/View/Middleware/ShareErrorsFromSession->handle(Object(Illuminate/Http/Request), Object(Closure))
#27 C:/laragon/www/cadisetramadiR/vendor/laravel/framework/src/Illuminate/Session/Middleware/StartSession.php(120): Illuminate/Pipeline/Pipeline->{closure:{closure:Illuminate/Pipeline/Pipeline::carry():194}:195}(Object(Illuminate/Http/Request))
#28 C:/laragon/www/cadisetramadiR/vendor/laravel/framework/src/Illuminate/Session/Middleware/StartSession.php(63): Illuminate/Session/Middleware/StartSession->handleStatefulRequest(Object(Illuminate/Http/Request), Object(Illuminate/Session/Store), Object(Closure))
#29 C:/laragon/www/cadisetramadiR/vendor/laravel/framework/src/Illuminate/Pipeline/Pipeline.php(219): Illuminate/Session/Middleware/StartSession->handle(Object(Illuminate/Http/Request), Object(Closure))
#30 C:/laragon/www/cadisetramadiR/vendor/laravel/framework/src/Illuminate/Cookie/Middleware/AddQueuedCookiesToResponse.php(36): Illuminate/Pipeline/Pipeline->{closure:{closure:Illuminate/Pipeline/Pipeline::carry():194}:195}(Object(Illuminate/Http/Request))
#31 C:/laragon/www/cadisetramadiR/vendor/laravel/framework/src/Illuminate/Pipeline/Pipeline.php(219): Illuminate/Cookie/Middleware/AddQueuedCookiesToResponse->handle(Object(Illuminate/Http/Request), Object(Closure))
#32 C:/laragon/www/cadisetramadiR/vendor/laravel/framework/src/Illuminate/Cookie/Middleware/EncryptCookies.php(74): Illuminate/Pipeline/Pipeline->{closure:{closure:Illuminate/Pipeline/Pipeline::carry():194}:195}(Object(Illuminate/Http/Request))
#33 C:/laragon/www/cadisetramadiR/vendor/laravel/framework/src/Illuminate/Pipeline/Pipeline.php(219): Illuminate/Cookie/Middleware/EncryptCookies->handle(Object(Illuminate/Http/Request), Object(Closure))
#34 C:/laragon/www/cadisetramadiR/vendor/laravel/framework/src/Illuminate/Pipeline/Pipeline.php(137): Illuminate/Pipeline/Pipeline->{closure:{closure:Illuminate/Pipeline/Pipeline::carry():194}:195}(Object(Illuminate/Http/Request))
#35 C:/laragon/www/cadisetramadiR/vendor/laravel/framework/src/Illuminate/Routing/Router.php(821): Illuminate/Pipeline/Pipeline->then(Object(Closure))
#36 C:/laragon/www/cadisetramadiR/vendor/laravel/framework/src/Illuminate/Routing/Router.php(800): Illuminate/Routing/Router->runRouteWithinStack(Object(Illuminate/Routing/Route), Object(Illuminate/Http/Request))
#37 C:/laragon/www/cadisetramadiR/vendor/laravel/framework/src/Illuminate/Routing/Router.php(764): Illuminate/Routing/Router->runRoute(Object(Illuminate/Http/Request), Object(Illuminate/Routing/Route))
#38 C:/laragon/www/cadisetramadiR/vendor/laravel/framework/src/Illuminate/Routing/Router.php(753): Illuminate/Routing/Router->dispatchToRoute(Object(Illuminate/Http/Request))
#39 C:/laragon/www/cadisetramadiR/vendor/laravel/framework/src/Illuminate/Foundation/Http/Kernel.php(200): Illuminate/Routing/Router->dispatch(Object(Illuminate/Http/Request))
#40 C:/laragon/www/cadisetramadiR/vendor/laravel/framework/src/Illuminate/Pipeline/Pipeline.php(180): Illuminate/Foundation/Http/Kernel->{closure:Illuminate/Foundation/Http/Kernel::dispatchToRouter():197}(Object(Illuminate/Http/Request))
#41 C:/laragon/www/cadisetramadiR/vendor/laravel/framework/src/Illuminate/Foundation/Http/Middleware/TransformsRequest.php(21): Illuminate/Pipeline/Pipeline->{closure:Illuminate/Pipeline/Pipeline::prepareDestination():178}(Object(Illuminate/Http/Request))
#42 C:/laragon/www/cadisetramadiR/vendor/laravel/framework/src/Illuminate/Foundation/Http/Middleware/ConvertEmptyStringsToNull.php(31): Illuminate/Foundation/Http/Middleware/TransformsRequest->handle(Object(Illuminate/Http/Request), Object(Closure))
#43 C:/laragon/www/cadisetramadiR/vendor/laravel/framework/src/Illuminate/Pipeline/Pipeline.php(219): Illuminate/Foundation/Http/Middleware/ConvertEmptyStringsToNull->handle(Object(Illuminate/Http/Request), Object(Closure))
#44 C:/laragon/www/cadisetramadiR/vendor/laravel/framework/src/Illuminate/Foundation/Http/Middleware/TransformsRequest.php(21): Illuminate/Pipeline/Pipeline->{closure:{closure:Illuminate/Pipeline/Pipeline::carry():194}:195}(Object(Illuminate/Http/Request))
#45 C:/laragon/www/cadisetramadiR/vendor/laravel/framework/src/Illuminate/Foundation/Http/Middleware/TrimStrings.php(51): Illuminate/Foundation/Http/Middleware/TransformsRequest->handle(Object(Illuminate/Http/Request), Object(Closure))
#46 C:/laragon/www/cadisetramadiR/vendor/laravel/framework/src/Illuminate/Pipeline/Pipeline.php(219): Illuminate/Foundation/Http/Middleware/TrimStrings->handle(Object(Illuminate/Http/Request), Object(Closure))
#47 C:/laragon/www/cadisetramadiR/vendor/laravel/framework/src/Illuminate/Http/Middleware/ValidatePostSize.php(27): Illuminate/Pipeline/Pipeline->{closure:{closure:Illuminate/Pipeline/Pipeline::carry():194}:195}(Object(Illuminate/Http/Request))
#48 C:/laragon/www/cadisetramadiR/vendor/laravel/framework/src/Illuminate/Pipeline/Pipeline.php(219): Illuminate/Http/Middleware/ValidatePostSize->handle(Object(Illuminate/Http/Request), Object(Closure))
#49 C:/laragon/www/cadisetramadiR/vendor/laravel/framework/src/Illuminate/Foundation/Http/Middleware/PreventRequestsDuringMaintenance.php(109): Illuminate/Pipeline/Pipeline->{closure:{closure:Illuminate/Pipeline/Pipeline::carry():194}:195}(Object(Illuminate/Http/Request))
#50 C:/laragon/www/cadisetramadiR/vendor/laravel/framework/src/Illuminate/Pipeline/Pipeline.php(219): Illuminate/Foundation/Http/Middleware/PreventRequestsDuringMaintenance->handle(Object(Illuminate/Http/Request), Object(Closure))
#51 C:/laragon/www/cadisetramadiR/vendor/laravel/framework/src/Illuminate/Http/Middleware/HandleCors.php(61): Illuminate/Pipeline/Pipeline->{closure:{closure:Illuminate/Pipeline/Pipeline::carry():194}:195}(Object(Illuminate/Http/Request))
#52 C:/laragon/www/cadisetramadiR/vendor/laravel/framework/src/Illuminate/Pipeline/Pipeline.php(219): Illuminate/Http/Middleware/HandleCors->handle(Object(Illuminate/Http/Request), Object(Closure))
#53 C:/laragon/www/cadisetramadiR/vendor/laravel/framework/src/Illuminate/Http/Middleware/TrustProxies.php(58): Illuminate/Pipeline/Pipeline->{closure:{closure:Illuminate/Pipeline/Pipeline::carry():194}:195}(Object(Illuminate/Http/Request))
#54 C:/laragon/www/cadisetramadiR/vendor/laravel/framework/src/Illuminate/Pipeline/Pipeline.php(219): Illuminate/Http/Middleware/TrustProxies->handle(Object(Illuminate/Http/Request), Object(Closure))
#55 C:/laragon/www/cadisetramadiR/vendor/laravel/framework/src/Illuminate/Foundation/Http/Middleware/InvokeDeferredCallbacks.php(22): Illuminate/Pipeline/Pipeline->{closure:{closure:Illuminate/Pipeline/Pipeline::carry():194}:195}(Object(Illuminate/Http/Request))
#56 C:/laragon/www/cadisetramadiR/vendor/laravel/framework/src/Illuminate/Pipeline/Pipeline.php(219): Illuminate/Foundation/Http/Middleware/InvokeDeferredCallbacks->handle(Object(Illuminate/Http/Request), Object(Closure))
#57 C:/laragon/www/cadisetramadiR/vendor/laravel/framework/src/Illuminate/Http/Middleware/ValidatePathEncoding.php(26): Illuminate/Pipeline/Pipeline->{closure:{closure:Illuminate/Pipeline/Pipeline::carry():194}:195}(Object(Illuminate/Http/Request))
#58 C:/laragon/www/cadisetramadiR/vendor/laravel/framework/src/Illuminate/Pipeline/Pipeline.php(219): Illuminate/Http/Middleware/ValidatePathEncoding->handle(Object(Illuminate/Http/Request), Object(Closure))
#59 C:/laragon/www/cadisetramadiR/vendor/laravel/framework/src/Illuminate/Pipeline/Pipeline.php(137): Illuminate/Pipeline/Pipeline->{closure:{closure:Illuminate/Pipeline/Pipeline::carry():194}:195}(Object(Illuminate/Http/Request))
#60 C:/laragon/www/cadisetramadiR/vendor/laravel/framework/src/Illuminate/Foundation/Http/Kernel.php(175): Illuminate/Pipeline/Pipeline->then(Object(Closure))
#61 C:/laragon/www/cadisetramadiR/vendor/laravel/framework/src/Illuminate/Foundation/Http/Kernel.php(144): Illuminate/Foundation/Http/Kernel->sendRequestThroughRouter(Object(Illuminate/Http/Request))
#62 C:/laragon/www/cadisetramadiR/vendor/laravel/framework/src/Illuminate/Foundation/Application.php(1220): Illuminate/Foundation/Http/Kernel->handle(Object(Illuminate/Http/Request))
#63 C:/laragon/www/cadisetramadiR/public/index.php(20): Illuminate/Foundation/Application->handleRequest(Object(Illuminate/Http/Request))
#64 C:/laragon/www/cadisetramadiR/vendor/laravel/framework/src/Illuminate/Foundation/resources/server.php(23): require_once('C://laragon//www//...')
#65 {main}

[previous exception] [object] (PDOException(code: 42S02): SQLSTATE[42S02]: Base table or view not found: 1146 Table 'pos_ilhamzzz.jenis' doesn't exist at C:/laragon/www/cadisetramadiR/vendor/laravel/framework/src/Illuminate/Database/Connection.php:420)
[stacktrace]
#0 C:/laragon/www/cadisetramadiR/vendor/laravel/framework/src/Illuminate/Database/Connection.php(420): PDO->prepare('select count(*)...')
#1 C:/laragon/www/cadisetramadiR/vendor/laravel/framework/src/Illuminate/Database/Connection.php(827): Illuminate/Database/Connection->{closure:Illuminate/Database/Connection::select():411}('select count(*)...', Array)
#2 C:/laragon/www/cadisetramadiR/vendor/laravel/framework/src/Illuminate/Database/Connection.php(794): Illuminate/Database/Connection->runQueryCallback('select count(*)...', Array, Object(Closure))
#3 C:/laragon/www/cadisetramadiR/vendor/laravel/framework/src/Illuminate/Database/Connection.php(411): Illuminate/Database/Connection->run('select count(*)...', Array, Object(Closure))
#4 C:/laragon/www/cadisetramadiR/vendor/laravel/framework/src/Illuminate/Database/Query/Builder.php(3505): Illuminate/Database/Connection->select('select count(*)...', Array, true)
#5 C:/laragon/www/cadisetramadiR/vendor/laravel/framework/src/Illuminate/Database/Query/Builder.php(3490): Illuminate/Database/Query/Builder->runSelect()
#6 C:/laragon/www/cadisetramadiR/vendor/laravel/framework/src/Illuminate/Database/Query/Builder.php(4080): Illuminate/Database/Query/Builder->{closure:Illuminate/Database/Query/Builder::get():3489}()
#7 C:/laragon/www/cadisetramadiR/vendor/laravel/framework/src/Illuminate/Database/Query/Builder.php(3489): Illuminate/Database/Query/Builder->onceWithColumns(Array, Object(Closure))
#8 C:/laragon/www/cadisetramadiR/vendor/laravel/framework/src/Illuminate/Database/Query/Builder.php(3684): Illuminate/Database/Query/Builder->get()
#9 C:/laragon/www/cadisetramadiR/vendor/laravel/framework/src/Illuminate/Database/Query/Builder.php(3643): Illuminate/Database/Query/Builder->runPaginationCountQuery(Array)
#10 C:/laragon/www/cadisetramadiR/vendor/laravel/framework/src/Illuminate/Database/Eloquent/Builder.php(1120): Illuminate/Database/Query/Builder->getCountForPagination()
#11 C:/laragon/www/cadisetramadiR/app/Http/Controllers/JenisController.php(23): Illuminate/Database/Eloquent/Builder->paginate(10)
#12 C:/laragon/www/cadisetramadiR/vendor/laravel/framework/src/Illuminate/Routing/ControllerDispatcher.php(46): App/Http/Controllers/JenisController->index(Object(Illuminate/Http/Request))
#13 C:/laragon/www/cadisetramadiR/vendor/laravel/framework/src/Illuminate/Routing/Route.php(265): Illuminate/Routing/ControllerDispatcher->dispatch(Object(Illuminate/Routing/Route), Object(App/Http/Controllers/JenisController), 'index')
#14 C:/laragon/www/cadisetramadiR/vendor/laravel/framework/src/Illuminate/Routing/Route.php(211): Illuminate/Routing/Route->runController()
#15 C:/laragon/www/cadisetramadiR/vendor/laravel/framework/src/Illuminate/Routing/Router.php(822): Illuminate/Routing/Route->run()
#16 C:/laragon/www/cadisetramadiR/vendor/laravel/framework/src/Illuminate/Pipeline/Pipeline.php(180): Illuminate/Routing/Router->{closure:Illuminate/Routing/Router::runRouteWithinStack():821}(Object(Illuminate/Http/Request))
#17 C:/laragon/www/cadisetramadiR/app/Http/Middleware/RoleMiddleware.php(29): Illuminate/Pipeline/Pipeline->{closure:Illuminate/Pipeline/Pipeline::prepareDestination():178}(Object(Illuminate/Http/Request))
#18 C:/laragon/www/cadisetramadiR/vendor/laravel/framework/src/Illuminate/Pipeline/Pipeline.php(219): App/Http/Middleware/RoleMiddleware->handle(Object(Illuminate/Http/Request), Object(Closure), 'admin', 'kasir')
#19 C:/laragon/www/cadisetramadiR/app/Http/Middleware/SetLanguage.php(38): Illuminate/Pipeline/Pipeline->{closure:{closure:Illuminate/Pipeline/Pipeline::carry():194}:195}(Object(Illuminate/Http/Request))
#20 C:/laragon/www/cadisetramadiR/vendor/laravel/framework/src/Illuminate/Pipeline/Pipeline.php(219): App/Http/Middleware/SetLanguage->handle(Object(Illuminate/Http/Request), Object(Closure))
#21 C:/laragon/www/cadisetramadiR/vendor/laravel/framework/src/Illuminate/Routing/Middleware/SubstituteBindings.php(50): Illuminate/Pipeline/Pipeline->{closure:{closure:Illuminate/Pipeline/Pipeline::carry():194}:195}(Object(Illuminate/Http/Request))
#22 C:/laragon/www/cadisetramadiR/vendor/laravel/framework/src/Illuminate/Pipeline/Pipeline.php(219): Illuminate/Routing/Middleware/SubstituteBindings->handle(Object(Illuminate/Http/Request), Object(Closure))
#23 C:/laragon/www/cadisetramadiR/vendor/laravel/framework/src/Illuminate/Auth/Middleware/Authenticate.php(63): Illuminate/Pipeline/Pipeline->{closure:{closure:Illuminate/Pipeline/Pipeline::carry():194}:195}(Object(Illuminate/Http/Request))
#24 C:/laragon/www/cadisetramadiR/vendor/laravel/framework/src/Illuminate/Pipeline/Pipeline.php(219): Illuminate/Auth/Middleware/Authenticate->handle(Object(Illuminate/Http/Request), Object(Closure))
#25 C:/laragon/www/cadisetramadiR/vendor/laravel/framework/src/Illuminate/Foundation/Http/Middleware/VerifyCsrfToken.php(87): Illuminate/Pipeline/Pipeline->{closure:{closure:Illuminate/Pipeline/Pipeline::carry():194}:195}(Object(Illuminate/Http/Request))
#26 C:/laragon/www/cadisetramadiR/vendor/laravel/framework/src/Illuminate/Pipeline/Pipeline.php(219): Illuminate/Foundation/Http/Middleware/VerifyCsrfToken->handle(Object(Illuminate/Http/Request), Object(Closure))
#27 C:/laragon/www/cadisetramadiR/vendor/laravel/framework/src/Illuminate/View/Middleware/ShareErrorsFromSession.php(48): Illuminate/Pipeline/Pipeline->{closure:{closure:Illuminate/Pipeline/Pipeline::carry():194}:195}(Object(Illuminate/Http/Request))
#28 C:/laragon/www/cadisetramadiR/vendor/laravel/framework/src/Illuminate/Pipeline/Pipeline.php(219): Illuminate/View/Middleware/ShareErrorsFromSession->handle(Object(Illuminate/Http/Request), Object(Closure))
#29 C:/laragon/www/cadisetramadiR/vendor/laravel/framework/src/Illuminate/Session/Middleware/StartSession.php(120): Illuminate/Pipeline/Pipeline->{closure:{closure:Illuminate/Pipeline/Pipeline::carry():194}:195}(Object(Illuminate/Http/Request))
#30 C:/laragon/www/cadisetramadiR/vendor/laravel/framework/src/Illuminate/Session/Middleware/StartSession.php(63): Illuminate/Session/Middleware/StartSession->handleStatefulRequest(Object(Illuminate/Http/Request), Object(Illuminate/Session/Store), Object(Closure))
#31 C:/laragon/www/cadisetramadiR/vendor/laravel/framework/src/Illuminate/Pipeline/Pipeline.php(219): Illuminate/Session/Middleware/StartSession->handle(Object(Illuminate/Http/Request), Object(Closure))
#32 C:/laragon/www/cadisetramadiR/vendor/laravel/framework/src/Illuminate/Cookie/Middleware/AddQueuedCookiesToResponse.php(36): Illuminate/Pipeline/Pipeline->{closure:{closure:Illuminate/Pipeline/Pipeline::carry():194}:195}(Object(Illuminate/Http/Request))
#33 C:/laragon/www/cadisetramadiR/vendor/laravel/framework/src/Illuminate/Pipeline/Pipeline.php(219): Illuminate/Cookie/Middleware/AddQueuedCookiesToResponse->handle(Object(Illuminate/Http/Request), Object(Closure))
#34 C:/laragon/www/cadisetramadiR/vendor/laravel/framework/src/Illuminate/Cookie/Middleware/EncryptCookies.php(74): Illuminate/Pipeline/Pipeline->{closure:{closure:Illuminate/Pipeline/Pipeline::carry():194}:195}(Object(Illuminate/Http/Request))
#35 C:/laragon/www/cadisetramadiR/vendor/laravel/framework/src/Illuminate/Pipeline/Pipeline.php(219): Illuminate/Cookie/Middleware/EncryptCookies->handle(Object(Illuminate/Http/Request), Object(Closure))
#36 C:/laragon/www/cadisetramadiR/vendor/laravel/framework/src/Illuminate/Pipeline/Pipeline.php(137): Illuminate/Pipeline/Pipeline->{closure:{closure:Illuminate/Pipeline/Pipeline::carry():194}:195}(Object(Illuminate/Http/Request))
#37 C:/laragon/www/cadisetramadiR/vendor/laravel/framework/src/Illuminate/Routing/Router.php(821): Illuminate/Pipeline/Pipeline->then(Object(Closure))
#38 C:/laragon/www/cadisetramadiR/vendor/laravel/framework/src/Illuminate/Routing/Router.php(800): Illuminate/Routing/Router->runRouteWithinStack(Object(Illuminate/Routing/Route), Object(Illuminate/Http/Request))
#39 C:/laragon/www/cadisetramadiR/vendor/laravel/framework/src/Illuminate/Routing/Router.php(764): Illuminate/Routing/Router->runRoute(Object(Illuminate/Http/Request), Object(Illuminate/Routing/Route))
#40 C:/laragon/www/cadisetramadiR/vendor/laravel/framework/src/Illuminate/Routing/Router.php(753): Illuminate/Routing/Router->dispatchToRoute(Object(Illuminate/Http/Request))
#41 C:/laragon/www/cadisetramadiR/vendor/laravel/framework/src/Illuminate/Foundation/Http/Kernel.php(200): Illuminate/Routing/Router->dispatch(Object(Illuminate/Http/Request))
#42 C:/laragon/www/cadisetramadiR/vendor/laravel/framework/src/Illuminate/Pipeline/Pipeline.php(180): Illuminate/Foundation/Http/Kernel->{closure:Illuminate/Foundation/Http/Kernel::dispatchToRouter():197}(Object(Illuminate/Http/Request))
#43 C:/laragon/www/cadisetramadiR/vendor/laravel/framework/src/Illuminate/Foundation/Http/Middleware/TransformsRequest.php(21): Illuminate/Pipeline/Pipeline->{closure:Illuminate/Pipeline/Pipeline::prepareDestination():178}(Object(Illuminate/Http/Request))
#44 C:/laragon/www/cadisetramadiR/vendor/laravel/framework/src/Illuminate/Foundation/Http/Middleware/ConvertEmptyStringsToNull.php(31): Illuminate/Foundation/Http/Middleware/TransformsRequest->handle(Object(Illuminate/Http/Request), Object(Closure))
#45 C:/laragon/www/cadisetramadiR/vendor/laravel/framework/src/Illuminate/Pipeline/Pipeline.php(219): Illuminate/Foundation/Http/Middleware/ConvertEmptyStringsToNull->handle(Object(Illuminate/Http/Request), Object(Closure))
#46 C:/laragon/www/cadisetramadiR/vendor/laravel/framework/src/Illuminate/Foundation/Http/Middleware/TransformsRequest.php(21): Illuminate/Pipeline/Pipeline->{closure:{closure:Illuminate/Pipeline/Pipeline::carry():194}:195}(Object(Illuminate/Http/Request))
#47 C:/laragon/www/cadisetramadiR/vendor/laravel/framework/src/Illuminate/Foundation/Http/Middleware/TrimStrings.php(51): Illuminate/Foundation/Http/Middleware/TransformsRequest->handle(Object(Illuminate/Http/Request), Object(Closure))
#48 C:/laragon/www/cadisetramadiR/vendor/laravel/framework/src/Illuminate/Pipeline/Pipeline.php(219): Illuminate/Foundation/Http/Middleware/TrimStrings->handle(Object(Illuminate/Http/Request), Object(Closure))
#49 C:/laragon/www/cadisetramadiR/vendor/laravel/framework/src/Illuminate/Http/Middleware/ValidatePostSize.php(27): Illuminate/Pipeline/Pipeline->{closure:{closure:Illuminate/Pipeline/Pipeline::carry():194}:195}(Object(Illuminate/Http/Request))
#50 C:/laragon/www/cadisetramadiR/vendor/laravel/framework/src/Illuminate/Pipeline/Pipeline.php(219): Illuminate/Http/Middleware/ValidatePostSize->handle(Object(Illuminate/Http/Request), Object(Closure))
#51 C:/laragon/www/cadisetramadiR/vendor/laravel/framework/src/Illuminate/Foundation/Http/Middleware/PreventRequestsDuringMaintenance.php(109): Illuminate/Pipeline/Pipeline->{closure:{closure:Illuminate/Pipeline/Pipeline::carry():194}:195}(Object(Illuminate/Http/Request))
#52 C:/laragon/www/cadisetramadiR/vendor/laravel/framework/src/Illuminate/Pipeline/Pipeline.php(219): Illuminate/Foundation/Http/Middleware/PreventRequestsDuringMaintenance->handle(Object(Illuminate/Http/Request), Object(Closure))
#53 C:/laragon/www/cadisetramadiR/vendor/laravel/framework/src/Illuminate/Http/Middleware/HandleCors.php(61): Illuminate/Pipeline/Pipeline->{closure:{closure:Illuminate/Pipeline/Pipeline::carry():194}:195}(Object(Illuminate/Http/Request))
#54 C:/laragon/www/cadisetramadiR/vendor/laravel/framework/src/Illuminate/Pipeline/Pipeline.php(219): Illuminate/Http/Middleware/HandleCors->handle(Object(Illuminate/Http/Request), Object(Closure))
#55 C:/laragon/www/cadisetramadiR/vendor/laravel/framework/src/Illuminate/Http/Middleware/TrustProxies.php(58): Illuminate/Pipeline/Pipeline->{closure:{closure:Illuminate/Pipeline/Pipeline::carry():194}:195}(Object(Illuminate/Http/Request))
#56 C:/laragon/www/cadisetramadiR/vendor/laravel/framework/src/Illuminate/Pipeline/Pipeline.php(219): Illuminate/Http/Middleware/TrustProxies->handle(Object(Illuminate/Http/Request), Object(Closure))
#57 C:/laragon/www/cadisetramadiR/vendor/laravel/framework/src/Illuminate/Foundation/Http/Middleware/InvokeDeferredCallbacks.php(22): Illuminate/Pipeline/Pipeline->{closure:{closure:Illuminate/Pipeline/Pipeline::carry():194}:195}(Object(Illuminate/Http/Request))
#58 C:/laragon/www/cadisetramadiR/vendor/laravel/framework/src/Illuminate/Pipeline/Pipeline.php(219): Illuminate/Foundation/Http/Middleware/InvokeDeferredCallbacks->handle(Object(Illuminate/Http/Request), Object(Closure))
#59 C:/laragon/www/cadisetramadiR/vendor/laravel/framework/src/Illuminate/Http/Middleware/ValidatePathEncoding.php(26): Illuminate/Pipeline/Pipeline->{closure:{closure:Illuminate/Pipeline/Pipeline::carry():194}:195}(Object(Illuminate/Http/Request))
#60 C:/laragon/www/cadisetramadiR/vendor/laravel/framework/src/Illuminate/Pipeline/Pipeline.php(219): Illuminate/Http/Middleware/ValidatePathEncoding->handle(Object(Illuminate/Http/Request), Object(Closure))
#61 C:/laragon/www/cadisetramadiR/vendor/laravel/framework/src/Illuminate/Pipeline/Pipeline.php(137): Illuminate/Pipeline/Pipeline->{closure:{closure:Illuminate/Pipeline/Pipeline::carry():194}:195}(Object(Illuminate/Http/Request))
#62 C:/laragon/www/cadisetramadiR/vendor/laravel/framework/src/Illuminate/Foundation/Http/Kernel.php(175): Illuminate/Pipeline/Pipeline->then(Object(Closure))
#63 C:/laragon/www/cadisetramadiR/vendor/laravel/framework/src/Illuminate/Foundation/Http/Kernel.php(144): Illuminate/Foundation/Http/Kernel->sendRequestThroughRouter(Object(Illuminate/Http/Request))
#64 C:/laragon/www/cadisetramadiR/vendor/laravel/framework/src/Illuminate/Foundation/Application.php(1220): Illuminate/Foundation/Http/Kernel->handle(Object(Illuminate/Http/Request))
#65 C:/laragon/www/cadisetramadiR/public/index.php(20): Illuminate/Foundation/Application->handleRequest(Object(Illuminate/Http/Request))
#66 C:/laragon/www/cadisetramadiR/vendor/laravel/framework/src/Illuminate/Foundation/resources/server.php(23): require_once('C://laragon//www//...')
#67 {main}
"} 
[2026-08-19 01:39:31] local.ERROR: Uncaught ReflectionException: Class "App\Models\ItemPenjualanPolicy" does not exist in Command line code:1
Stack trace:
#0 Command line code(1): ReflectionClass->__construct('App\\Models\\Item...')
#1 [internal function]: {closure:Command line code:1}('App\\Models\\Item...', 'App\\Models\\Item...')
#2 Command line code(1): array_map(Object(Closure), Array, Array)
#3 {main}
  thrown {"exception":"[object] (Symfony\\Component\\ErrorHandler\\Error\\FatalError(code: 0): Uncaught ReflectionException: Class \"App\\Models\\ItemPenjualanPolicy\" does not exist in Command line code:1
Stack trace:
#0 Command line code(1): ReflectionClass->__construct('App\\\\Models\\\\Item...')
#1 [internal function]: {closure:Command line code:1}('App\\\\Models\\\\Item...', 'App\\\\Models\\\\Item...')
#2 Command line code(1): array_map(Object(Closure), Array, Array)
#3 {main}
  thrown at Command line code:1)
[stacktrace]
#0 {main}
"} 
[2026-08-19 01:40:30] local.ERROR: Uncaught ReflectionException: Class "App\Models\ItemPenjualanPolicy" does not exist in Command line code:1
Stack trace:
#0 Command line code(1): ReflectionClass->__construct('App\\Models\\Item...')
#1 [internal function]: {closure:Command line code:1}('App\\Models\\Item...', 'App\\Models\\Item...')
#2 Command line code(1): array_map(Object(Closure), Array, Array)
#3 {main}
  thrown {"exception":"[object] (Symfony\\Component\\ErrorHandler\\Error\\FatalError(code: 0): Uncaught ReflectionException: Class \"App\\Models\\ItemPenjualanPolicy\" does not exist in Command line code:1
Stack trace:
#0 Command line code(1): ReflectionClass->__construct('App\\\\Models\\\\Item...')
#1 [internal function]: {closure:Command line code:1}('App\\\\Models\\\\Item...', 'App\\\\Models\\\\Item...')
#2 Command line code(1): array_map(Object(Closure), Array, Array)
#3 {main}
  thrown at Command line code:1)
[stacktrace]
#0 {main}
"} 
[2026-08-19 01:41:00] local.INFO: User ID: 7  
[2026-08-19 01:41:00] local.INFO: Notifications count: 0  
[2026-08-19 01:41:00] local.INFO: Unread count: 0  
[2026-08-19 01:41:21] local.INFO: Sending notification to user: 1 - Cristopher Howell  
[2026-08-19 01:41:21] local.INFO: Sending notification to user: 2 - Monica Schneider  
[2026-08-19 01:41:21] local.INFO: Sending notification to user: 3 - Albin Beer  
[2026-08-19 01:41:21] local.INFO: Sending notification to user: 4 - Ofelia Marks  
[2026-08-19 01:41:21] local.INFO: Sending notification to user: 5 - Lloyd Schamberger DDS  
[2026-08-19 01:41:21] local.INFO: Sending notification to user: 6 - Test User  
[2026-08-19 01:41:21] local.INFO: Sending notification to user: 7 - Raizel  
[2026-08-19 01:41:25] local.INFO: User ID: 7  
[2026-08-19 01:41:25] local.INFO: Notifications count: 1  
[2026-08-19 01:41:25] local.INFO: Unread count: 1  
[2026-08-19 01:41:30] local.ERROR: Uncaught ReflectionException: Class "App\Models\ItemPenjualanPolicy" does not exist in Command line code:1
Stack trace:
#0 Command line code(1): ReflectionClass->__construct('App\\Models\\Item...')
#1 [internal function]: {closure:Command line code:1}('App\\Models\\Item...', 'App\\Models\\Item...')
#2 Command line code(1): array_map(Object(Closure), Array, Array)
#3 {main}
  thrown {"exception":"[object] (Symfony\\Component\\ErrorHandler\\Error\\FatalError(code: 0): Uncaught ReflectionException: Class \"App\\Models\\ItemPenjualanPolicy\" does not exist in Command line code:1
Stack trace:
#0 Command line code(1): ReflectionClass->__construct('App\\\\Models\\\\Item...')
#1 [internal function]: {closure:Command line code:1}('App\\\\Models\\\\Item...', 'App\\\\Models\\\\Item...')
#2 Command line code(1): array_map(Object(Closure), Array, Array)
#3 {main}
  thrown at Command line code:1)
[stacktrace]
#0 {main}
"} 
[2026-08-19 01:41:33] local.INFO: User ID: 7  
[2026-08-19 01:41:33] local.INFO: Notifications count: 1  
[2026-08-19 01:41:33] local.INFO: Unread count: 0  
[2026-08-19 01:41:35] local.INFO: User ID: 7  
[2026-08-19 01:41:35] local.INFO: Notifications count: 1  
[2026-08-19 01:41:35] local.INFO: Unread count: 0  
[2026-08-19 01:42:44] local.ERROR: Uncaught ReflectionException: Class "App\Models\ItemPenjualanPolicy" does not exist in Command line code:1
Stack trace:
#0 Command line code(1): ReflectionClass->__construct('App\\Models\\Item...')
#1 [internal function]: {closure:Command line code:1}('App\\Models\\Item...', 'App\\Models\\Item...')
#2 Command line code(1): array_map(Object(Closure), Array, Array)
#3 {main}
  thrown {"exception":"[object] (Symfony\\Component\\ErrorHandler\\Error\\FatalError(code: 0): Uncaught ReflectionException: Class \"App\\Models\\ItemPenjualanPolicy\" does not exist in Command line code:1
Stack trace:
#0 Command line code(1): ReflectionClass->__construct('App\\\\Models\\\\Item...')
#1 [internal function]: {closure:Command line code:1}('App\\\\Models\\\\Item...', 'App\\\\Models\\\\Item...')
#2 Command line code(1): array_map(Object(Closure), Array, Array)
#3 {main}
  thrown at Command line code:1)
[stacktrace]
#0 {main}
"} 
[2026-08-19 01:43:44] local.ERROR: Uncaught ReflectionException: Class "App\Models\ItemPenjualanPolicy" does not exist in Command line code:1
Stack trace:
#0 Command line code(1): ReflectionClass->__construct('App\\Models\\Item...')
#1 [internal function]: {closure:Command line code:1}('App\\Models\\Item...', 'App\\Models\\Item...')
#2 Command line code(1): array_map(Object(Closure), Array, Array)
#3 {main}
  thrown {"exception":"[object] (Symfony\\Component\\ErrorHandler\\Error\\FatalError(code: 0): Uncaught ReflectionException: Class \"App\\Models\\ItemPenjualanPolicy\" does not exist in Command line code:1
Stack trace:
#0 Command line code(1): ReflectionClass->__construct('App\\\\Models\\\\Item...')
#1 [internal function]: {closure:Command line code:1}('App\\\\Models\\\\Item...', 'App\\\\Models\\\\Item...')
#2 Command line code(1): array_map(Object(Closure), Array, Array)
#3 {main}
  thrown at Command line code:1)
[stacktrace]
#0 {main}
"} 
[2026-08-19 01:44:44] local.ERROR: Uncaught ReflectionException: Class "App\Models\ItemPenjualanPolicy" does not exist in Command line code:1
Stack trace:
#0 Command line code(1): ReflectionClass->__construct('App\\Models\\Item...')
#1 [internal function]: {closure:Command line code:1}('App\\Models\\Item...', 'App\\Models\\Item...')
#2 Command line code(1): array_map(Object(Closure), Array, Array)
#3 {main}
  thrown {"exception":"[object] (Symfony\\Component\\ErrorHandler\\Error\\FatalError(code: 0): Uncaught ReflectionException: Class \"App\\Models\\ItemPenjualanPolicy\" does not exist in Command line code:1
Stack trace:
#0 Command line code(1): ReflectionClass->__construct('App\\\\Models\\\\Item...')
#1 [internal function]: {closure:Command line code:1}('App\\\\Models\\\\Item...', 'App\\\\Models\\\\Item...')
#2 Command line code(1): array_map(Object(Closure), Array, Array)
#3 {main}
  thrown at Command line code:1)
[stacktrace]
#0 {main}
"} 
[2026-08-19 01:45:44] local.ERROR: Uncaught ReflectionException: Class "App\Models\ItemPenjualanPolicy" does not exist in Command line code:1
Stack trace:
#0 Command line code(1): ReflectionClass->__construct('App\\Models\\Item...')
#1 [internal function]: {closure:Command line code:1}('App\\Models\\Item...', 'App\\Models\\Item...')
#2 Command line code(1): array_map(Object(Closure), Array, Array)
#3 {main}
  thrown {"exception":"[object] (Symfony\\Component\\ErrorHandler\\Error\\FatalError(code: 0): Uncaught ReflectionException: Class \"App\\Models\\ItemPenjualanPolicy\" does not exist in Command line code:1
Stack trace:
#0 Command line code(1): ReflectionClass->__construct('App\\\\Models\\\\Item...')
#1 [internal function]: {closure:Command line code:1}('App\\\\Models\\\\Item...', 'App\\\\Models\\\\Item...')
#2 Command line code(1): array_map(Object(Closure), Array, Array)
#3 {main}
  thrown at Command line code:1)
[stacktrace]
#0 {main}
"} 
[2026-08-19 01:46:44] local.ERROR: Uncaught ReflectionException: Class "App\Models\ItemPenjualanPolicy" does not exist in Command line code:1
Stack trace:
#0 Command line code(1): ReflectionClass->__construct('App\\Models\\Item...')
#1 [internal function]: {closure:Command line code:1}('App\\Models\\Item...', 'App\\Models\\Item...')
#2 Command line code(1): array_map(Object(Closure), Array, Array)
#3 {main}
  thrown {"exception":"[object] (Symfony\\Component\\ErrorHandler\\Error\\FatalError(code: 0): Uncaught ReflectionException: Class \"App\\Models\\ItemPenjualanPolicy\" does not exist in Command line code:1
Stack trace:
#0 Command line code(1): ReflectionClass->__construct('App\\\\Models\\\\Item...')
#1 [internal function]: {closure:Command line code:1}('App\\\\Models\\\\Item...', 'App\\\\Models\\\\Item...')
#2 Command line code(1): array_map(Object(Closure), Array, Array)
#3 {main}
  thrown at Command line code:1)
[stacktrace]
#0 {main}
"} 
[2026-08-19 01:47:44] local.ERROR: Uncaught ReflectionException: Class "App\Models\ItemPenjualanPolicy" does not exist in Command line code:1
Stack trace:
#0 Command line code(1): ReflectionClass->__construct('App\\Models\\Item...')
#1 [internal function]: {closure:Command line code:1}('App\\Models\\Item...', 'App\\Models\\Item...')
#2 Command line code(1): array_map(Object(Closure), Array, Array)
#3 {main}
  thrown {"exception":"[object] (Symfony\\Component\\ErrorHandler\\Error\\FatalError(code: 0): Uncaught ReflectionException: Class \"App\\Models\\ItemPenjualanPolicy\" does not exist in Command line code:1
Stack trace:
#0 Command line code(1): ReflectionClass->__construct('App\\\\Models\\\\Item...')
#1 [internal function]: {closure:Command line code:1}('App\\\\Models\\\\Item...', 'App\\\\Models\\\\Item...')
#2 Command line code(1): array_map(Object(Closure), Array, Array)
#3 {main}
  thrown at Command line code:1)
[stacktrace]
#0 {main}
"} 
[2026-08-19 01:48:44] local.ERROR: Uncaught ReflectionException: Class "App\Models\ItemPenjualanPolicy" does not exist in Command line code:1
Stack trace:
#0 Command line code(1): ReflectionClass->__construct('App\\Models\\Item...')
#1 [internal function]: {closure:Command line code:1}('App\\Models\\Item...', 'App\\Models\\Item...')
#2 Command line code(1): array_map(Object(Closure), Array, Array)
#3 {main}
  thrown {"exception":"[object] (Symfony\\Component\\ErrorHandler\\Error\\FatalError(code: 0): Uncaught ReflectionException: Class \"App\\Models\\ItemPenjualanPolicy\" does not exist in Command line code:1
Stack trace:
#0 Command line code(1): ReflectionClass->__construct('App\\\\Models\\\\Item...')
#1 [internal function]: {closure:Command line code:1}('App\\\\Models\\\\Item...', 'App\\\\Models\\\\Item...')
#2 Command line code(1): array_map(Object(Closure), Array, Array)
#3 {main}
  thrown at Command line code:1)
[stacktrace]
#0 {main}
"} 
[2026-08-19 01:49:44] local.ERROR: Uncaught ReflectionException: Class "App\Models\ItemPenjualanPolicy" does not exist in Command line code:1
Stack trace:
#0 Command line code(1): ReflectionClass->__construct('App\\Models\\Item...')
#1 [internal function]: {closure:Command line code:1}('App\\Models\\Item...', 'App\\Models\\Item...')
#2 Command line code(1): array_map(Object(Closure), Array, Array)
#3 {main}
  thrown {"exception":"[object] (Symfony\\Component\\ErrorHandler\\Error\\FatalError(code: 0): Uncaught ReflectionException: Class \"App\\Models\\ItemPenjualanPolicy\" does not exist in Command line code:1
Stack trace:
#0 Command line code(1): ReflectionClass->__construct('App\\\\Models\\\\Item...')
#1 [internal function]: {closure:Command line code:1}('App\\\\Models\\\\Item...', 'App\\\\Models\\\\Item...')
#2 Command line code(1): array_map(Object(Closure), Array, Array)
#3 {main}
  thrown at Command line code:1)
[stacktrace]
#0 {main}
"} 
[2026-08-19 01:50:45] local.ERROR: Uncaught ReflectionException: Class "App\Models\ItemPenjualanPolicy" does not exist in Command line code:1
Stack trace:
#0 Command line code(1): ReflectionClass->__construct('App\\Models\\Item...')
#1 [internal function]: {closure:Command line code:1}('App\\Models\\Item...', 'App\\Models\\Item...')
#2 Command line code(1): array_map(Object(Closure), Array, Array)
#3 {main}
  thrown {"exception":"[object] (Symfony\\Component\\ErrorHandler\\Error\\FatalError(code: 0): Uncaught ReflectionException: Class \"App\\Models\\ItemPenjualanPolicy\" does not exist in Command line code:1
Stack trace:
#0 Command line code(1): ReflectionClass->__construct('App\\\\Models\\\\Item...')
#1 [internal function]: {closure:Command line code:1}('App\\\\Models\\\\Item...', 'App\\\\Models\\\\Item...')
#2 Command line code(1): array_map(Object(Closure), Array, Array)
#3 {main}
  thrown at Command line code:1)
[stacktrace]
#0 {main}
"} 
[2026-08-19 01:51:44] local.ERROR: Uncaught ReflectionException: Class "App\Models\ItemPenjualanPolicy" does not exist in Command line code:1
Stack trace:
#0 Command line code(1): ReflectionClass->__construct('App\\Models\\Item...')
#1 [internal function]: {closure:Command line code:1}('App\\Models\\Item...', 'App\\Models\\Item...')
#2 Command line code(1): array_map(Object(Closure), Array, Array)
#3 {main}
  thrown {"exception":"[object] (Symfony\\Component\\ErrorHandler\\Error\\FatalError(code: 0): Uncaught ReflectionException: Class \"App\\Models\\ItemPenjualanPolicy\" does not exist in Command line code:1
Stack trace:
#0 Command line code(1): ReflectionClass->__construct('App\\\\Models\\\\Item...')
#1 [internal function]: {closure:Command line code:1}('App\\\\Models\\\\Item...', 'App\\\\Models\\\\Item...')
#2 Command line code(1): array_map(Object(Closure), Array, Array)
#3 {main}
  thrown at Command line code:1)
[stacktrace]
#0 {main}
"} 
[2026-08-19 01:52:44] local.ERROR: Uncaught ReflectionException: Class "App\Models\ItemPenjualanPolicy" does not exist in Command line code:1
Stack trace:
#0 Command line code(1): ReflectionClass->__construct('App\\Models\\Item...')
#1 [internal function]: {closure:Command line code:1}('App\\Models\\Item...', 'App\\Models\\Item...')
#2 Command line code(1): array_map(Object(Closure), Array, Array)
#3 {main}
  thrown {"exception":"[object] (Symfony\\Component\\ErrorHandler\\Error\\FatalError(code: 0): Uncaught ReflectionException: Class \"App\\Models\\ItemPenjualanPolicy\" does not exist in Command line code:1
Stack trace:
#0 Command line code(1): ReflectionClass->__construct('App\\\\Models\\\\Item...')
#1 [internal function]: {closure:Command line code:1}('App\\\\Models\\\\Item...', 'App\\\\Models\\\\Item...')
#2 Command line code(1): array_map(Object(Closure), Array, Array)
#3 {main}
  thrown at Command line code:1)
[stacktrace]
#0 {main}
"} 
[2026-08-19 01:53:44] local.ERROR: Uncaught ReflectionException: Class "App\Models\ItemPenjualanPolicy" does not exist in Command line code:1
Stack trace:
#0 Command line code(1): ReflectionClass->__construct('App\\Models\\Item...')
#1 [internal function]: {closure:Command line code:1}('App\\Models\\Item...', 'App\\Models\\Item...')
#2 Command line code(1): array_map(Object(Closure), Array, Array)
#3 {main}
  thrown {"exception":"[object] (Symfony\\Component\\ErrorHandler\\Error\\FatalError(code: 0): Uncaught ReflectionException: Class \"App\\Models\\ItemPenjualanPolicy\" does not exist in Command line code:1
Stack trace:
#0 Command line code(1): ReflectionClass->__construct('App\\\\Models\\\\Item...')
#1 [internal function]: {closure:Command line code:1}('App\\\\Models\\\\Item...', 'App\\\\Models\\\\Item...')
#2 Command line code(1): array_map(Object(Closure), Array, Array)
#3 {main}
  thrown at Command line code:1)
[stacktrace]
#0 {main}
"} 
[2026-08-19 01:54:44] local.ERROR: Uncaught ReflectionException: Class "App\Models\ItemPenjualanPolicy" does not exist in Command line code:1
Stack trace:
#0 Command line code(1): ReflectionClass->__construct('App\\Models\\Item...')
#1 [internal function]: {closure:Command line code:1}('App\\Models\\Item...', 'App\\Models\\Item...')
#2 Command line code(1): array_map(Object(Closure), Array, Array)
#3 {main}
  thrown {"exception":"[object] (Symfony\\Component\\ErrorHandler\\Error\\FatalError(code: 0): Uncaught ReflectionException: Class \"App\\Models\\ItemPenjualanPolicy\" does not exist in Command line code:1
Stack trace:
#0 Command line code(1): ReflectionClass->__construct('App\\\\Models\\\\Item...')
#1 [internal function]: {closure:Command line code:1}('App\\\\Models\\\\Item...', 'App\\\\Models\\\\Item...')
#2 Command line code(1): array_map(Object(Closure), Array, Array)
#3 {main}
  thrown at Command line code:1)
[stacktrace]
#0 {main}
"} 
[2026-08-19 01:55:44] local.ERROR: Uncaught ReflectionException: Class "App\Models\ItemPenjualanPolicy" does not exist in Command line code:1
Stack trace:
#0 Command line code(1): ReflectionClass->__construct('App\\Models\\Item...')
#1 [internal function]: {closure:Command line code:1}('App\\Models\\Item...', 'App\\Models\\Item...')
#2 Command line code(1): array_map(Object(Closure), Array, Array)
#3 {main}
  thrown {"exception":"[object] (Symfony\\Component\\ErrorHandler\\Error\\FatalError(code: 0): Uncaught ReflectionException: Class \"App\\Models\\ItemPenjualanPolicy\" does not exist in Command line code:1
Stack trace:
#0 Command line code(1): ReflectionClass->__construct('App\\\\Models\\\\Item...')
#1 [internal function]: {closure:Command line code:1}('App\\\\Models\\\\Item...', 'App\\\\Models\\\\Item...')
#2 Command line code(1): array_map(Object(Closure), Array, Array)
#3 {main}
  thrown at Command line code:1)
[stacktrace]
#0 {main}
"} 
[2026-08-19 01:56:44] local.ERROR: Uncaught ReflectionException: Class "App\Models\ItemPenjualanPolicy" does not exist in Command line code:1
Stack trace:
#0 Command line code(1): ReflectionClass->__construct('App\\Models\\Item...')
#1 [internal function]: {closure:Command line code:1}('App\\Models\\Item...', 'App\\Models\\Item...')
#2 Command line code(1): array_map(Object(Closure), Array, Array)
#3 {main}
  thrown {"exception":"[object] (Symfony\\Component\\ErrorHandler\\Error\\FatalError(code: 0): Uncaught ReflectionException: Class \"App\\Models\\ItemPenjualanPolicy\" does not exist in Command line code:1
Stack trace:
#0 Command line code(1): ReflectionClass->__construct('App\\\\Models\\\\Item...')
#1 [internal function]: {closure:Command line code:1}('App\\\\Models\\\\Item...', 'App\\\\Models\\\\Item...')
#2 Command line code(1): array_map(Object(Closure), Array, Array)
#3 {main}
  thrown at Command line code:1)
[stacktrace]
#0 {main}
"} 
[2026-08-19 01:57:44] local.ERROR: Uncaught ReflectionException: Class "App\Models\ItemPenjualanPolicy" does not exist in Command line code:1
Stack trace:
#0 Command line code(1): ReflectionClass->__construct('App\\Models\\Item...')
#1 [internal function]: {closure:Command line code:1}('App\\Models\\Item...', 'App\\Models\\Item...')
#2 Command line code(1): array_map(Object(Closure), Array, Array)
#3 {main}
  thrown {"exception":"[object] (Symfony\\Component\\ErrorHandler\\Error\\FatalError(code: 0): Uncaught ReflectionException: Class \"App\\Models\\ItemPenjualanPolicy\" does not exist in Command line code:1
Stack trace:
#0 Command line code(1): ReflectionClass->__construct('App\\\\Models\\\\Item...')
#1 [internal function]: {closure:Command line code:1}('App\\\\Models\\\\Item...', 'App\\\\Models\\\\Item...')
#2 Command line code(1): array_map(Object(Closure), Array, Array)
#3 {main}
  thrown at Command line code:1)
[stacktrace]
#0 {main}
"} 
[2026-08-19 01:58:44] local.ERROR: Uncaught ReflectionException: Class "App\Models\ItemPenjualanPolicy" does not exist in Command line code:1
Stack trace:
#0 Command line code(1): ReflectionClass->__construct('App\\Models\\Item...')
#1 [internal function]: {closure:Command line code:1}('App\\Models\\Item...', 'App\\Models\\Item...')
#2 Command line code(1): array_map(Object(Closure), Array, Array)
#3 {main}
  thrown {"exception":"[object] (Symfony\\Component\\ErrorHandler\\Error\\FatalError(code: 0): Uncaught ReflectionException: Class \"App\\Models\\ItemPenjualanPolicy\" does not exist in Command line code:1
Stack trace:
#0 Command line code(1): ReflectionClass->__construct('App\\\\Models\\\\Item...')
#1 [internal function]: {closure:Command line code:1}('App\\\\Models\\\\Item...', 'App\\\\Models\\\\Item...')
#2 Command line code(1): array_map(Object(Closure), Array, Array)
#3 {main}
  thrown at Command line code:1)
[stacktrace]
#0 {main}
"} 
[2026-08-19 01:59:44] local.ERROR: Uncaught ReflectionException: Class "App\Models\ItemPenjualanPolicy" does not exist in Command line code:1
Stack trace:
#0 Command line code(1): ReflectionClass->__construct('App\\Models\\Item...')
#1 [internal function]: {closure:Command line code:1}('App\\Models\\Item...', 'App\\Models\\Item...')
#2 Command line code(1): array_map(Object(Closure), Array, Array)
#3 {main}
  thrown {"exception":"[object] (Symfony\\Component\\ErrorHandler\\Error\\FatalError(code: 0): Uncaught ReflectionException: Class \"App\\Models\\ItemPenjualanPolicy\" does not exist in Command line code:1
Stack trace:
#0 Command line code(1): ReflectionClass->__construct('App\\\\Models\\\\Item...')
#1 [internal function]: {closure:Command line code:1}('App\\\\Models\\\\Item...', 'App\\\\Models\\\\Item...')
#2 Command line code(1): array_map(Object(Closure), Array, Array)
#3 {main}
  thrown at Command line code:1)
[stacktrace]
#0 {main}
"} 
[2026-08-19 02:00:44] local.ERROR: Uncaught ReflectionException: Class "App\Models\ItemPenjualanPolicy" does not exist in Command line code:1
Stack trace:
#0 Command line code(1): ReflectionClass->__construct('App\\Models\\Item...')
#1 [internal function]: {closure:Command line code:1}('App\\Models\\Item...', 'App\\Models\\Item...')
#2 Command line code(1): array_map(Object(Closure), Array, Array)
#3 {main}
  thrown {"exception":"[object] (Symfony\\Component\\ErrorHandler\\Error\\FatalError(code: 0): Uncaught ReflectionException: Class \"App\\Models\\ItemPenjualanPolicy\" does not exist in Command line code:1
Stack trace:
#0 Command line code(1): ReflectionClass->__construct('App\\\\Models\\\\Item...')
#1 [internal function]: {closure:Command line code:1}('App\\\\Models\\\\Item...', 'App\\\\Models\\\\Item...')
#2 Command line code(1): array_map(Object(Closure), Array, Array)
#3 {main}
  thrown at Command line code:1)
[stacktrace]
#0 {main}
"} 
[2026-08-19 02:01:44] local.ERROR: Uncaught ReflectionException: Class "App\Models\ItemPenjualanPolicy" does not exist in Command line code:1
Stack trace:
#0 Command line code(1): ReflectionClass->__construct('App\\Models\\Item...')
#1 [internal function]: {closure:Command line code:1}('App\\Models\\Item...', 'App\\Models\\Item...')
#2 Command line code(1): array_map(Object(Closure), Array, Array)
#3 {main}
  thrown {"exception":"[object] (Symfony\\Component\\ErrorHandler\\Error\\FatalError(code: 0): Uncaught ReflectionException: Class \"App\\Models\\ItemPenjualanPolicy\" does not exist in Command line code:1
Stack trace:
#0 Command line code(1): ReflectionClass->__construct('App\\\\Models\\\\Item...')
#1 [internal function]: {closure:Command line code:1}('App\\\\Models\\\\Item...', 'App\\\\Models\\\\Item...')
#2 Command line code(1): array_map(Object(Closure), Array, Array)
#3 {main}
  thrown at Command line code:1)
[stacktrace]
#0 {main}
"} 
[2026-08-19 02:02:44] local.ERROR: Uncaught ReflectionException: Class "App\Models\ItemPenjualanPolicy" does not exist in Command line code:1
Stack trace:
#0 Command line code(1): ReflectionClass->__construct('App\\Models\\Item...')
#1 [internal function]: {closure:Command line code:1}('App\\Models\\Item...', 'App\\Models\\Item...')
#2 Command line code(1): array_map(Object(Closure), Array, Array)
#3 {main}
  thrown {"exception":"[object] (Symfony\\Component\\ErrorHandler\\Error\\FatalError(code: 0): Uncaught ReflectionException: Class \"App\\Models\\ItemPenjualanPolicy\" does not exist in Command line code:1
Stack trace:
#0 Command line code(1): ReflectionClass->__construct('App\\\\Models\\\\Item...')
#1 [internal function]: {closure:Command line code:1}('App\\\\Models\\\\Item...', 'App\\\\Models\\\\Item...')
#2 Command line code(1): array_map(Object(Closure), Array, Array)
#3 {main}
  thrown at Command line code:1)
[stacktrace]
#0 {main}
"} 
[2026-08-19 02:03:44] local.ERROR: Uncaught ReflectionException: Class "App\Models\ItemPenjualanPolicy" does not exist in Command line code:1
Stack trace:
#0 Command line code(1): ReflectionClass->__construct('App\\Models\\Item...')
#1 [internal function]: {closure:Command line code:1}('App\\Models\\Item...', 'App\\Models\\Item...')
#2 Command line code(1): array_map(Object(Closure), Array, Array)
#3 {main}
  thrown {"exception":"[object] (Symfony\\Component\\ErrorHandler\\Error\\FatalError(code: 0): Uncaught ReflectionException: Class \"App\\Models\\ItemPenjualanPolicy\" does not exist in Command line code:1
Stack trace:
#0 Command line code(1): ReflectionClass->__construct('App\\\\Models\\\\Item...')
#1 [internal function]: {closure:Command line code:1}('App\\\\Models\\\\Item...', 'App\\\\Models\\\\Item...')
#2 Command line code(1): array_map(Object(Closure), Array, Array)
#3 {main}
  thrown at Command line code:1)
[stacktrace]
#0 {main}
"} 
[2026-08-19 02:04:44] local.ERROR: Uncaught ReflectionException: Class "App\Models\ItemPenjualanPolicy" does not exist in Command line code:1
Stack trace:
#0 Command line code(1): ReflectionClass->__construct('App\\Models\\Item...')
#1 [internal function]: {closure:Command line code:1}('App\\Models\\Item...', 'App\\Models\\Item...')
#2 Command line code(1): array_map(Object(Closure), Array, Array)
#3 {main}
  thrown {"exception":"[object] (Symfony\\Component\\ErrorHandler\\Error\\FatalError(code: 0): Uncaught ReflectionException: Class \"App\\Models\\ItemPenjualanPolicy\" does not exist in Command line code:1
Stack trace:
#0 Command line code(1): ReflectionClass->__construct('App\\\\Models\\\\Item...')
#1 [internal function]: {closure:Command line code:1}('App\\\\Models\\\\Item...', 'App\\\\Models\\\\Item...')
#2 Command line code(1): array_map(Object(Closure), Array, Array)
#3 {main}
  thrown at Command line code:1)
[stacktrace]
#0 {main}
"} 
[2026-08-19 02:05:44] local.ERROR: Uncaught ReflectionException: Class "App\Models\ItemPenjualanPolicy" does not exist in Command line code:1
Stack trace:
#0 Command line code(1): ReflectionClass->__construct('App\\Models\\Item...')
#1 [internal function]: {closure:Command line code:1}('App\\Models\\Item...', 'App\\Models\\Item...')
#2 Command line code(1): array_map(Object(Closure), Array, Array)
#3 {main}
  thrown {"exception":"[object] (Symfony\\Component\\ErrorHandler\\Error\\FatalError(code: 0): Uncaught ReflectionException: Class \"App\\Models\\ItemPenjualanPolicy\" does not exist in Command line code:1
Stack trace:
#0 Command line code(1): ReflectionClass->__construct('App\\\\Models\\\\Item...')
#1 [internal function]: {closure:Command line code:1}('App\\\\Models\\\\Item...', 'App\\\\Models\\\\Item...')
#2 Command line code(1): array_map(Object(Closure), Array, Array)
#3 {main}
  thrown at Command line code:1)
[stacktrace]
#0 {main}
"} 
[2026-08-19 02:06:44] local.ERROR: Uncaught ReflectionException: Class "App\Models\ItemPenjualanPolicy" does not exist in Command line code:1
Stack trace:
#0 Command line code(1): ReflectionClass->__construct('App\\Models\\Item...')
#1 [internal function]: {closure:Command line code:1}('App\\Models\\Item...', 'App\\Models\\Item...')
#2 Command line code(1): array_map(Object(Closure), Array, Array)
#3 {main}
  thrown {"exception":"[object] (Symfony\\Component\\ErrorHandler\\Error\\FatalError(code: 0): Uncaught ReflectionException: Class \"App\\Models\\ItemPenjualanPolicy\" does not exist in Command line code:1
Stack trace:
#0 Command line code(1): ReflectionClass->__construct('App\\\\Models\\\\Item...')
#1 [internal function]: {closure:Command line code:1}('App\\\\Models\\\\Item...', 'App\\\\Models\\\\Item...')
#2 Command line code(1): array_map(Object(Closure), Array, Array)
#3 {main}
  thrown at Command line code:1)
[stacktrace]
#0 {main}
"} 
[2026-08-19 02:07:44] local.ERROR: Uncaught ReflectionException: Class "App\Models\ItemPenjualanPolicy" does not exist in Command line code:1
Stack trace:
#0 Command line code(1): ReflectionClass->__construct('App\\Models\\Item...')
#1 [internal function]: {closure:Command line code:1}('App\\Models\\Item...', 'App\\Models\\Item...')
#2 Command line code(1): array_map(Object(Closure), Array, Array)
#3 {main}
  thrown {"exception":"[object] (Symfony\\Component\\ErrorHandler\\Error\\FatalError(code: 0): Uncaught ReflectionException: Class \"App\\Models\\ItemPenjualanPolicy\" does not exist in Command line code:1
Stack trace:
#0 Command line code(1): ReflectionClass->__construct('App\\\\Models\\\\Item...')
#1 [internal function]: {closure:Command line code:1}('App\\\\Models\\\\Item...', 'App\\\\Models\\\\Item...')
#2 Command line code(1): array_map(Object(Closure), Array, Array)
#3 {main}
  thrown at Command line code:1)
[stacktrace]
#0 {main}
"} 
[2026-08-19 02:08:44] local.ERROR: Uncaught ReflectionException: Class "App\Models\ItemPenjualanPolicy" does not exist in Command line code:1
Stack trace:
#0 Command line code(1): ReflectionClass->__construct('App\\Models\\Item...')
#1 [internal function]: {closure:Command line code:1}('App\\Models\\Item...', 'App\\Models\\Item...')
#2 Command line code(1): array_map(Object(Closure), Array, Array)
#3 {main}
  thrown {"exception":"[object] (Symfony\\Component\\ErrorHandler\\Error\\FatalError(code: 0): Uncaught ReflectionException: Class \"App\\Models\\ItemPenjualanPolicy\" does not exist in Command line code:1
Stack trace:
#0 Command line code(1): ReflectionClass->__construct('App\\\\Models\\\\Item...')
#1 [internal function]: {closure:Command line code:1}('App\\\\Models\\\\Item...', 'App\\\\Models\\\\Item...')
#2 Command line code(1): array_map(Object(Closure), Array, Array)
#3 {main}
  thrown at Command line code:1)
[stacktrace]
#0 {main}
"} 
[2026-08-19 02:09:44] local.ERROR: Uncaught ReflectionException: Class "App\Models\ItemPenjualanPolicy" does not exist in Command line code:1
Stack trace:
#0 Command line code(1): ReflectionClass->__construct('App\\Models\\Item...')
#1 [internal function]: {closure:Command line code:1}('App\\Models\\Item...', 'App\\Models\\Item...')
#2 Command line code(1): array_map(Object(Closure), Array, Array)
#3 {main}
  thrown {"exception":"[object] (Symfony\\Component\\ErrorHandler\\Error\\FatalError(code: 0): Uncaught ReflectionException: Class \"App\\Models\\ItemPenjualanPolicy\" does not exist in Command line code:1
Stack trace:
#0 Command line code(1): ReflectionClass->__construct('App\\\\Models\\\\Item...')
#1 [internal function]: {closure:Command line code:1}('App\\\\Models\\\\Item...', 'App\\\\Models\\\\Item...')
#2 Command line code(1): array_map(Object(Closure), Array, Array)
#3 {main}
  thrown at Command line code:1)
[stacktrace]
#0 {main}
"} 
[2026-08-19 02:10:44] local.ERROR: Uncaught ReflectionException: Class "App\Models\ItemPenjualanPolicy" does not exist in Command line code:1
Stack trace:
#0 Command line code(1): ReflectionClass->__construct('App\\Models\\Item...')
#1 [internal function]: {closure:Command line code:1}('App\\Models\\Item...', 'App\\Models\\Item...')
#2 Command line code(1): array_map(Object(Closure), Array, Array)
#3 {main}
  thrown {"exception":"[object] (Symfony\\Component\\ErrorHandler\\Error\\FatalError(code: 0): Uncaught ReflectionException: Class \"App\\Models\\ItemPenjualanPolicy\" does not exist in Command line code:1
Stack trace:
#0 Command line code(1): ReflectionClass->__construct('App\\\\Models\\\\Item...')
#1 [internal function]: {closure:Command line code:1}('App\\\\Models\\\\Item...', 'App\\\\Models\\\\Item...')
#2 Command line code(1): array_map(Object(Closure), Array, Array)
#3 {main}
  thrown at Command line code:1)
[stacktrace]
#0 {main}
"} 
[2026-08-19 02:11:44] local.ERROR: Uncaught ReflectionException: Class "App\Models\ItemPenjualanPolicy" does not exist in Command line code:1
Stack trace:
#0 Command line code(1): ReflectionClass->__construct('App\\Models\\Item...')
#1 [internal function]: {closure:Command line code:1}('App\\Models\\Item...', 'App\\Models\\Item...')
#2 Command line code(1): array_map(Object(Closure), Array, Array)
#3 {main}
  thrown {"exception":"[object] (Symfony\\Component\\ErrorHandler\\Error\\FatalError(code: 0): Uncaught ReflectionException: Class \"App\\Models\\ItemPenjualanPolicy\" does not exist in Command line code:1
Stack trace:
#0 Command line code(1): ReflectionClass->__construct('App\\\\Models\\\\Item...')
#1 [internal function]: {closure:Command line code:1}('App\\\\Models\\\\Item...', 'App\\\\Models\\\\Item...')
#2 Command line code(1): array_map(Object(Closure), Array, Array)
#3 {main}
  thrown at Command line code:1)
[stacktrace]
#0 {main}
"} 
[2026-08-19 02:12:44] local.ERROR: Uncaught ReflectionException: Class "App\Models\ItemPenjualanPolicy" does not exist in Command line code:1
Stack trace:
#0 Command line code(1): ReflectionClass->__construct('App\\Models\\Item...')
#1 [internal function]: {closure:Command line code:1}('App\\Models\\Item...', 'App\\Models\\Item...')
#2 Command line code(1): array_map(Object(Closure), Array, Array)
#3 {main}
  thrown {"exception":"[object] (Symfony\\Component\\ErrorHandler\\Error\\FatalError(code: 0): Uncaught ReflectionException: Class \"App\\Models\\ItemPenjualanPolicy\" does not exist in Command line code:1
Stack trace:
#0 Command line code(1): ReflectionClass->__construct('App\\\\Models\\\\Item...')
#1 [internal function]: {closure:Command line code:1}('App\\\\Models\\\\Item...', 'App\\\\Models\\\\Item...')
#2 Command line code(1): array_map(Object(Closure), Array, Array)
#3 {main}
  thrown at Command line code:1)
[stacktrace]
#0 {main}
"} 
[2026-08-19 02:13:44] local.ERROR: Uncaught ReflectionException: Class "App\Models\ItemPenjualanPolicy" does not exist in Command line code:1
Stack trace:
#0 Command line code(1): ReflectionClass->__construct('App\\Models\\Item...')
#1 [internal function]: {closure:Command line code:1}('App\\Models\\Item...', 'App\\Models\\Item...')
#2 Command line code(1): array_map(Object(Closure), Array, Array)
#3 {main}
  thrown {"exception":"[object] (Symfony\\Component\\ErrorHandler\\Error\\FatalError(code: 0): Uncaught ReflectionException: Class \"App\\Models\\ItemPenjualanPolicy\" does not exist in Command line code:1
Stack trace:
#0 Command line code(1): ReflectionClass->__construct('App\\\\Models\\\\Item...')
#1 [internal function]: {closure:Command line code:1}('App\\\\Models\\\\Item...', 'App\\\\Models\\\\Item...')
#2 Command line code(1): array_map(Object(Closure), Array, Array)
#3 {main}
  thrown at Command line code:1)
[stacktrace]
#0 {main}
"} 
[2026-08-19 02:14:44] local.ERROR: Uncaught ReflectionException: Class "App\Models\ItemPenjualanPolicy" does not exist in Command line code:1
Stack trace:
#0 Command line code(1): ReflectionClass->__construct('App\\Models\\Item...')
#1 [internal function]: {closure:Command line code:1}('App\\Models\\Item...', 'App\\Models\\Item...')
#2 Command line code(1): array_map(Object(Closure), Array, Array)
#3 {main}
  thrown {"exception":"[object] (Symfony\\Component\\ErrorHandler\\Error\\FatalError(code: 0): Uncaught ReflectionException: Class \"App\\Models\\ItemPenjualanPolicy\" does not exist in Command line code:1
Stack trace:
#0 Command line code(1): ReflectionClass->__construct('App\\\\Models\\\\Item...')
#1 [internal function]: {closure:Command line code:1}('App\\\\Models\\\\Item...', 'App\\\\Models\\\\Item...')
#2 Command line code(1): array_map(Object(Closure), Array, Array)
#3 {main}
  thrown at Command line code:1)
[stacktrace]
#0 {main}
"} 
[2026-08-19 02:15:44] local.ERROR: Uncaught ReflectionException: Class "App\Models\ItemPenjualanPolicy" does not exist in Command line code:1
Stack trace:
#0 Command line code(1): ReflectionClass->__construct('App\\Models\\Item...')
#1 [internal function]: {closure:Command line code:1}('App\\Models\\Item...', 'App\\Models\\Item...')
#2 Command line code(1): array_map(Object(Closure), Array, Array)
#3 {main}
  thrown {"exception":"[object] (Symfony\\Component\\ErrorHandler\\Error\\FatalError(code: 0): Uncaught ReflectionException: Class \"App\\Models\\ItemPenjualanPolicy\" does not exist in Command line code:1
Stack trace:
#0 Command line code(1): ReflectionClass->__construct('App\\\\Models\\\\Item...')
#1 [internal function]: {closure:Command line code:1}('App\\\\Models\\\\Item...', 'App\\\\Models\\\\Item...')
#2 Command line code(1): array_map(Object(Closure), Array, Array)
#3 {main}
  thrown at Command line code:1)
[stacktrace]
#0 {main}
"} 
[2026-08-19 02:16:44] local.ERROR: Uncaught ReflectionException: Class "App\Models\ItemPenjualanPolicy" does not exist in Command line code:1
Stack trace:
#0 Command line code(1): ReflectionClass->__construct('App\\Models\\Item...')
#1 [internal function]: {closure:Command line code:1}('App\\Models\\Item...', 'App\\Models\\Item...')
#2 Command line code(1): array_map(Object(Closure), Array, Array)
#3 {main}
  thrown {"exception":"[object] (Symfony\\Component\\ErrorHandler\\Error\\FatalError(code: 0): Uncaught ReflectionException: Class \"App\\Models\\ItemPenjualanPolicy\" does not exist in Command line code:1
Stack trace:
#0 Command line code(1): ReflectionClass->__construct('App\\\\Models\\\\Item...')
#1 [internal function]: {closure:Command line code:1}('App\\\\Models\\\\Item...', 'App\\\\Models\\\\Item...')
#2 Command line code(1): array_map(Object(Closure), Array, Array)
#3 {main}
  thrown at Command line code:1)
[stacktrace]
#0 {main}
"} 
[2026-08-19 02:17:44] local.ERROR: Uncaught ReflectionException: Class "App\Models\ItemPenjualanPolicy" does not exist in Command line code:1
Stack trace:
#0 Command line code(1): ReflectionClass->__construct('App\\Models\\Item...')
#1 [internal function]: {closure:Command line code:1}('App\\Models\\Item...', 'App\\Models\\Item...')
#2 Command line code(1): array_map(Object(Closure), Array, Array)
#3 {main}
  thrown {"exception":"[object] (Symfony\\Component\\ErrorHandler\\Error\\FatalError(code: 0): Uncaught ReflectionException: Class \"App\\Models\\ItemPenjualanPolicy\" does not exist in Command line code:1
Stack trace:
#0 Command line code(1): ReflectionClass->__construct('App\\\\Models\\\\Item...')
#1 [internal function]: {closure:Command line code:1}('App\\\\Models\\\\Item...', 'App\\\\Models\\\\Item...')
#2 Command line code(1): array_map(Object(Closure), Array, Array)
#3 {main}
  thrown at Command line code:1)
[stacktrace]
#0 {main}
"} 
[2026-08-19 02:18:44] local.ERROR: Uncaught ReflectionException: Class "App\Models\ItemPenjualanPolicy" does not exist in Command line code:1
Stack trace:
#0 Command line code(1): ReflectionClass->__construct('App\\Models\\Item...')
#1 [internal function]: {closure:Command line code:1}('App\\Models\\Item...', 'App\\Models\\Item...')
#2 Command line code(1): array_map(Object(Closure), Array, Array)
#3 {main}
  thrown {"exception":"[object] (Symfony\\Component\\ErrorHandler\\Error\\FatalError(code: 0): Uncaught ReflectionException: Class \"App\\Models\\ItemPenjualanPolicy\" does not exist in Command line code:1
Stack trace:
#0 Command line code(1): ReflectionClass->__construct('App\\\\Models\\\\Item...')
#1 [internal function]: {closure:Command line code:1}('App\\\\Models\\\\Item...', 'App\\\\Models\\\\Item...')
#2 Command line code(1): array_map(Object(Closure), Array, Array)
#3 {main}
  thrown at Command line code:1)
[stacktrace]
#0 {main}
"} 
[2026-08-19 02:19:31] local.INFO: User ID: 4  
[2026-08-19 02:19:31] local.INFO: Notifications count: 0  
[2026-08-19 02:19:31] local.INFO: Unread count: 0  
[2026-08-19 02:19:44] local.ERROR: Uncaught ReflectionException: Class "App\Models\ItemPenjualanPolicy" does not exist in Command line code:1
Stack trace:
#0 Command line code(1): ReflectionClass->__construct('App\\Models\\Item...')
#1 [internal function]: {closure:Command line code:1}('App\\Models\\Item...', 'App\\Models\\Item...')
#2 Command line code(1): array_map(Object(Closure), Array, Array)
#3 {main}
  thrown {"exception":"[object] (Symfony\\Component\\ErrorHandler\\Error\\FatalError(code: 0): Uncaught ReflectionException: Class \"App\\Models\\ItemPenjualanPolicy\" does not exist in Command line code:1
Stack trace:
#0 Command line code(1): ReflectionClass->__construct('App\\\\Models\\\\Item...')
#1 [internal function]: {closure:Command line code:1}('App\\\\Models\\\\Item...', 'App\\\\Models\\\\Item...')
#2 Command line code(1): array_map(Object(Closure), Array, Array)
#3 {main}
  thrown at Command line code:1)
[stacktrace]
#0 {main}
"} 
[2026-08-19 02:20:45] local.ERROR: Uncaught ReflectionException: Class "App\Models\ItemPenjualanPolicy" does not exist in Command line code:1
Stack trace:
#0 Command line code(1): ReflectionClass->__construct('App\\Models\\Item...')
#1 [internal function]: {closure:Command line code:1}('App\\Models\\Item...', 'App\\Models\\Item...')
#2 Command line code(1): array_map(Object(Closure), Array, Array)
#3 {main}
  thrown {"exception":"[object] (Symfony\\Component\\ErrorHandler\\Error\\FatalError(code: 0): Uncaught ReflectionException: Class \"App\\Models\\ItemPenjualanPolicy\" does not exist in Command line code:1
Stack trace:
#0 Command line code(1): ReflectionClass->__construct('App\\\\Models\\\\Item...')
#1 [internal function]: {closure:Command line code:1}('App\\\\Models\\\\Item...', 'App\\\\Models\\\\Item...')
#2 Command line code(1): array_map(Object(Closure), Array, Array)
#3 {main}
  thrown at Command line code:1)
[stacktrace]
#0 {main}
"} 
[2026-08-19 02:21:44] local.ERROR: Uncaught ReflectionException: Class "App\Models\ItemPenjualanPolicy" does not exist in Command line code:1
Stack trace:
#0 Command line code(1): ReflectionClass->__construct('App\\Models\\Item...')
#1 [internal function]: {closure:Command line code:1}('App\\Models\\Item...', 'App\\Models\\Item...')
#2 Command line code(1): array_map(Object(Closure), Array, Array)
#3 {main}
  thrown {"exception":"[object] (Symfony\\Component\\ErrorHandler\\Error\\FatalError(code: 0): Uncaught ReflectionException: Class \"App\\Models\\ItemPenjualanPolicy\" does not exist in Command line code:1
Stack trace:
#0 Command line code(1): ReflectionClass->__construct('App\\\\Models\\\\Item...')
#1 [internal function]: {closure:Command line code:1}('App\\\\Models\\\\Item...', 'App\\\\Models\\\\Item...')
#2 Command line code(1): array_map(Object(Closure), Array, Array)
#3 {main}
  thrown at Command line code:1)
[stacktrace]
#0 {main}
"} 
[2026-08-19 02:22:11] local.INFO: User ID: 4  
[2026-08-19 02:22:11] local.INFO: Notifications count: 0  
[2026-08-19 02:22:11] local.INFO: Unread count: 0  
[2026-08-19 02:22:44] local.ERROR: Uncaught ReflectionException: Class "App\Models\ItemPenjualanPolicy" does not exist in Command line code:1
Stack trace:
#0 Command line code(1): ReflectionClass->__construct('App\\Models\\Item...')
#1 [internal function]: {closure:Command line code:1}('App\\Models\\Item...', 'App\\Models\\Item...')
#2 Command line code(1): array_map(Object(Closure), Array, Array)
#3 {main}
  thrown {"exception":"[object] (Symfony\\Component\\ErrorHandler\\Error\\FatalError(code: 0): Uncaught ReflectionException: Class \"App\\Models\\ItemPenjualanPolicy\" does not exist in Command line code:1
Stack trace:
#0 Command line code(1): ReflectionClass->__construct('App\\\\Models\\\\Item...')
#1 [internal function]: {closure:Command line code:1}('App\\\\Models\\\\Item...', 'App\\\\Models\\\\Item...')
#2 Command line code(1): array_map(Object(Closure), Array, Array)
#3 {main}
  thrown at Command line code:1)
[stacktrace]
#0 {main}
"} 
[2026-08-19 02:23:45] local.ERROR: Uncaught ReflectionException: Class "App\Models\ItemPenjualanPolicy" does not exist in Command line code:1
Stack trace:
#0 Command line code(1): ReflectionClass->__construct('App\\Models\\Item...')
#1 [internal function]: {closure:Command line code:1}('App\\Models\\Item...', 'App\\Models\\Item...')
#2 Command line code(1): array_map(Object(Closure), Array, Array)
#3 {main}
  thrown {"exception":"[object] (Symfony\\Component\\ErrorHandler\\Error\\FatalError(code: 0): Uncaught ReflectionException: Class \"App\\Models\\ItemPenjualanPolicy\" does not exist in Command line code:1
Stack trace:
#0 Command line code(1): ReflectionClass->__construct('App\\\\Models\\\\Item...')
#1 [internal function]: {closure:Command line code:1}('App\\\\Models\\\\Item...', 'App\\\\Models\\\\Item...')
#2 Command line code(1): array_map(Object(Closure), Array, Array)
#3 {main}
  thrown at Command line code:1)
[stacktrace]
#0 {main}
"} 
[2026-08-19 02:24:16] local.INFO: User ID: 4  
[2026-08-19 02:24:16] local.INFO: Notifications count: 0  
[2026-08-19 02:24:16] local.INFO: Unread count: 0  
[2026-08-19 02:24:45] local.ERROR: Uncaught ReflectionException: Class "App\Models\ItemPenjualanPolicy" does not exist in Command line code:1
Stack trace:
#0 Command line code(1): ReflectionClass->__construct('App\\Models\\Item...')
#1 [internal function]: {closure:Command line code:1}('App\\Models\\Item...', 'App\\Models\\Item...')
#2 Command line code(1): array_map(Object(Closure), Array, Array)
#3 {main}
  thrown {"exception":"[object] (Symfony\\Component\\ErrorHandler\\Error\\FatalError(code: 0): Uncaught ReflectionException: Class \"App\\Models\\ItemPenjualanPolicy\" does not exist in Command line code:1
Stack trace:
#0 Command line code(1): ReflectionClass->__construct('App\\\\Models\\\\Item...')
#1 [internal function]: {closure:Command line code:1}('App\\\\Models\\\\Item...', 'App\\\\Models\\\\Item...')
#2 Command line code(1): array_map(Object(Closure), Array, Array)
#3 {main}
  thrown at Command line code:1)
[stacktrace]
#0 {main}
"} 
[2026-08-19 02:25:44] local.ERROR: Uncaught ReflectionException: Class "App\Models\ItemPenjualanPolicy" does not exist in Command line code:1
Stack trace:
#0 Command line code(1): ReflectionClass->__construct('App\\Models\\Item...')
#1 [internal function]: {closure:Command line code:1}('App\\Models\\Item...', 'App\\Models\\Item...')
#2 Command line code(1): array_map(Object(Closure), Array, Array)
#3 {main}
  thrown {"exception":"[object] (Symfony\\Component\\ErrorHandler\\Error\\FatalError(code: 0): Uncaught ReflectionException: Class \"App\\Models\\ItemPenjualanPolicy\" does not exist in Command line code:1
Stack trace:
#0 Command line code(1): ReflectionClass->__construct('App\\\\Models\\\\Item...')
#1 [internal function]: {closure:Command line code:1}('App\\\\Models\\\\Item...', 'App\\\\Models\\\\Item...')
#2 Command line code(1): array_map(Object(Closure), Array, Array)
#3 {main}
  thrown at Command line code:1)
[stacktrace]
#0 {main}
"} 
[2026-08-19 02:26:44] local.ERROR: Uncaught ReflectionException: Class "App\Models\ItemPenjualanPolicy" does not exist in Command line code:1
Stack trace:
#0 Command line code(1): ReflectionClass->__construct('App\\Models\\Item...')
#1 [internal function]: {closure:Command line code:1}('App\\Models\\Item...', 'App\\Models\\Item...')
#2 Command line code(1): array_map(Object(Closure), Array, Array)
#3 {main}
  thrown {"exception":"[object] (Symfony\\Component\\ErrorHandler\\Error\\FatalError(code: 0): Uncaught ReflectionException: Class \"App\\Models\\ItemPenjualanPolicy\" does not exist in Command line code:1
Stack trace:
#0 Command line code(1): ReflectionClass->__construct('App\\\\Models\\\\Item...')
#1 [internal function]: {closure:Command line code:1}('App\\\\Models\\\\Item...', 'App\\\\Models\\\\Item...')
#2 Command line code(1): array_map(Object(Closure), Array, Array)
#3 {main}
  thrown at Command line code:1)
[stacktrace]
#0 {main}
"} 
[2026-08-19 02:27:44] local.ERROR: Uncaught ReflectionException: Class "App\Models\ItemPenjualanPolicy" does not exist in Command line code:1
Stack trace:
#0 Command line code(1): ReflectionClass->__construct('App\\Models\\Item...')
#1 [internal function]: {closure:Command line code:1}('App\\Models\\Item...', 'App\\Models\\Item...')
#2 Command line code(1): array_map(Object(Closure), Array, Array)
#3 {main}
  thrown {"exception":"[object] (Symfony\\Component\\ErrorHandler\\Error\\FatalError(code: 0): Uncaught ReflectionException: Class \"App\\Models\\ItemPenjualanPolicy\" does not exist in Command line code:1
Stack trace:
#0 Command line code(1): ReflectionClass->__construct('App\\\\Models\\\\Item...')
#1 [internal function]: {closure:Command line code:1}('App\\\\Models\\\\Item...', 'App\\\\Models\\\\Item...')
#2 Command line code(1): array_map(Object(Closure), Array, Array)
#3 {main}
  thrown at Command line code:1)
[stacktrace]
#0 {main}
"} 
[2026-08-19 02:28:45] local.ERROR: Uncaught ReflectionException: Class "App\Models\ItemPenjualanPolicy" does not exist in Command line code:1
Stack trace:
#0 Command line code(1): ReflectionClass->__construct('App\\Models\\Item...')
#1 [internal function]: {closure:Command line code:1}('App\\Models\\Item...', 'App\\Models\\Item...')
#2 Command line code(1): array_map(Object(Closure), Array, Array)
#3 {main}
  thrown {"exception":"[object] (Symfony\\Component\\ErrorHandler\\Error\\FatalError(code: 0): Uncaught ReflectionException: Class \"App\\Models\\ItemPenjualanPolicy\" does not exist in Command line code:1
Stack trace:
#0 Command line code(1): ReflectionClass->__construct('App\\\\Models\\\\Item...')
#1 [internal function]: {closure:Command line code:1}('App\\\\Models\\\\Item...', 'App\\\\Models\\\\Item...')
#2 Command line code(1): array_map(Object(Closure), Array, Array)
#3 {main}
  thrown at Command line code:1)
[stacktrace]
#0 {main}
"} 
[2026-08-19 02:29:44] local.ERROR: Uncaught ReflectionException: Class "App\Models\ItemPenjualanPolicy" does not exist in Command line code:1
Stack trace:
#0 Command line code(1): ReflectionClass->__construct('App\\Models\\Item...')
#1 [internal function]: {closure:Command line code:1}('App\\Models\\Item...', 'App\\Models\\Item...')
#2 Command line code(1): array_map(Object(Closure), Array, Array)
#3 {main}
  thrown {"exception":"[object] (Symfony\\Component\\ErrorHandler\\Error\\FatalError(code: 0): Uncaught ReflectionException: Class \"App\\Models\\ItemPenjualanPolicy\" does not exist in Command line code:1
Stack trace:
#0 Command line code(1): ReflectionClass->__construct('App\\\\Models\\\\Item...')
#1 [internal function]: {closure:Command line code:1}('App\\\\Models\\\\Item...', 'App\\\\Models\\\\Item...')
#2 Command line code(1): array_map(Object(Closure), Array, Array)
#3 {main}
  thrown at Command line code:1)
[stacktrace]
#0 {main}
"} 
[2026-08-19 02:30:44] local.ERROR: Uncaught ReflectionException: Class "App\Models\ItemPenjualanPolicy" does not exist in Command line code:1
Stack trace:
#0 Command line code(1): ReflectionClass->__construct('App\\Models\\Item...')
#1 [internal function]: {closure:Command line code:1}('App\\Models\\Item...', 'App\\Models\\Item...')
#2 Command line code(1): array_map(Object(Closure), Array, Array)
#3 {main}
  thrown {"exception":"[object] (Symfony\\Component\\ErrorHandler\\Error\\FatalError(code: 0): Uncaught ReflectionException: Class \"App\\Models\\ItemPenjualanPolicy\" does not exist in Command line code:1
Stack trace:
#0 Command line code(1): ReflectionClass->__construct('App\\\\Models\\\\Item...')
#1 [internal function]: {closure:Command line code:1}('App\\\\Models\\\\Item...', 'App\\\\Models\\\\Item...')
#2 Command line code(1): array_map(Object(Closure), Array, Array)
#3 {main}
  thrown at Command line code:1)
[stacktrace]
#0 {main}
"} 
[2026-08-19 02:31:44] local.ERROR: Uncaught ReflectionException: Class "App\Models\ItemPenjualanPolicy" does not exist in Command line code:1
Stack trace:
#0 Command line code(1): ReflectionClass->__construct('App\\Models\\Item...')
#1 [internal function]: {closure:Command line code:1}('App\\Models\\Item...', 'App\\Models\\Item...')
#2 Command line code(1): array_map(Object(Closure), Array, Array)
#3 {main}
  thrown {"exception":"[object] (Symfony\\Component\\ErrorHandler\\Error\\FatalError(code: 0): Uncaught ReflectionException: Class \"App\\Models\\ItemPenjualanPolicy\" does not exist in Command line code:1
Stack trace:
#0 Command line code(1): ReflectionClass->__construct('App\\\\Models\\\\Item...')
#1 [internal function]: {closure:Command line code:1}('App\\\\Models\\\\Item...', 'App\\\\Models\\\\Item...')
#2 Command line code(1): array_map(Object(Closure), Array, Array)
#3 {main}
  thrown at Command line code:1)
[stacktrace]
#0 {main}
"} 
[2026-08-19 02:32:44] local.ERROR: Uncaught ReflectionException: Class "App\Models\ItemPenjualanPolicy" does not exist in Command line code:1
Stack trace:
#0 Command line code(1): ReflectionClass->__construct('App\\Models\\Item...')
#1 [internal function]: {closure:Command line code:1}('App\\Models\\Item...', 'App\\Models\\Item...')
#2 Command line code(1): array_map(Object(Closure), Array, Array)
#3 {main}
  thrown {"exception":"[object] (Symfony\\Component\\ErrorHandler\\Error\\FatalError(code: 0): Uncaught ReflectionException: Class \"App\\Models\\ItemPenjualanPolicy\" does not exist in Command line code:1
Stack trace:
#0 Command line code(1): ReflectionClass->__construct('App\\\\Models\\\\Item...')
#1 [internal function]: {closure:Command line code:1}('App\\\\Models\\\\Item...', 'App\\\\Models\\\\Item...')
#2 Command line code(1): array_map(Object(Closure), Array, Array)
#3 {main}
  thrown at Command line code:1)
[stacktrace]
#0 {main}
"} 
[2026-08-19 02:33:45] local.ERROR: Uncaught ReflectionException: Class "App\Models\ItemPenjualanPolicy" does not exist in Command line code:1
Stack trace:
#0 Command line code(1): ReflectionClass->__construct('App\\Models\\Item...')
#1 [internal function]: {closure:Command line code:1}('App\\Models\\Item...', 'App\\Models\\Item...')
#2 Command line code(1): array_map(Object(Closure), Array, Array)
#3 {main}
  thrown {"exception":"[object] (Symfony\\Component\\ErrorHandler\\Error\\FatalError(code: 0): Uncaught ReflectionException: Class \"App\\Models\\ItemPenjualanPolicy\" does not exist in Command line code:1
Stack trace:
#0 Command line code(1): ReflectionClass->__construct('App\\\\Models\\\\Item...')
#1 [internal function]: {closure:Command line code:1}('App\\\\Models\\\\Item...', 'App\\\\Models\\\\Item...')
#2 Command line code(1): array_map(Object(Closure), Array, Array)
#3 {main}
  thrown at Command line code:1)
[stacktrace]
#0 {main}
"} 
[2026-08-19 02:34:45] local.ERROR: Uncaught ReflectionException: Class "App\Models\ItemPenjualanPolicy" does not exist in Command line code:1
Stack trace:
#0 Command line code(1): ReflectionClass->__construct('App\\Models\\Item...')
#1 [internal function]: {closure:Command line code:1}('App\\Models\\Item...', 'App\\Models\\Item...')
#2 Command line code(1): array_map(Object(Closure), Array, Array)
#3 {main}
  thrown {"exception":"[object] (Symfony\\Component\\ErrorHandler\\Error\\FatalError(code: 0): Uncaught ReflectionException: Class \"App\\Models\\ItemPenjualanPolicy\" does not exist in Command line code:1
Stack trace:
#0 Command line code(1): ReflectionClass->__construct('App\\\\Models\\\\Item...')
#1 [internal function]: {closure:Command line code:1}('App\\\\Models\\\\Item...', 'App\\\\Models\\\\Item...')
#2 Command line code(1): array_map(Object(Closure), Array, Array)
#3 {main}
  thrown at Command line code:1)
[stacktrace]
#0 {main}
"} 
[2026-08-19 02:35:44] local.ERROR: Uncaught ReflectionException: Class "App\Models\ItemPenjualanPolicy" does not exist in Command line code:1
Stack trace:
#0 Command line code(1): ReflectionClass->__construct('App\\Models\\Item...')
#1 [internal function]: {closure:Command line code:1}('App\\Models\\Item...', 'App\\Models\\Item...')
#2 Command line code(1): array_map(Object(Closure), Array, Array)
#3 {main}
  thrown {"exception":"[object] (Symfony\\Component\\ErrorHandler\\Error\\FatalError(code: 0): Uncaught ReflectionException: Class \"App\\Models\\ItemPenjualanPolicy\" does not exist in Command line code:1
Stack trace:
#0 Command line code(1): ReflectionClass->__construct('App\\\\Models\\\\Item...')
#1 [internal function]: {closure:Command line code:1}('App\\\\Models\\\\Item...', 'App\\\\Models\\\\Item...')
#2 Command line code(1): array_map(Object(Closure), Array, Array)
#3 {main}
  thrown at Command line code:1)
[stacktrace]
#0 {main}
"} 
[2026-08-19 02:36:44] local.ERROR: Uncaught ReflectionException: Class "App\Models\ItemPenjualanPolicy" does not exist in Command line code:1
Stack trace:
#0 Command line code(1): ReflectionClass->__construct('App\\Models\\Item...')
#1 [internal function]: {closure:Command line code:1}('App\\Models\\Item...', 'App\\Models\\Item...')
#2 Command line code(1): array_map(Object(Closure), Array, Array)
#3 {main}
  thrown {"exception":"[object] (Symfony\\Component\\ErrorHandler\\Error\\FatalError(code: 0): Uncaught ReflectionException: Class \"App\\Models\\ItemPenjualanPolicy\" does not exist in Command line code:1
Stack trace:
#0 Command line code(1): ReflectionClass->__construct('App\\\\Models\\\\Item...')
#1 [internal function]: {closure:Command line code:1}('App\\\\Models\\\\Item...', 'App\\\\Models\\\\Item...')
#2 Command line code(1): array_map(Object(Closure), Array, Array)
#3 {main}
  thrown at Command line code:1)
[stacktrace]
#0 {main}
"} 
[2026-08-19 02:37:45] local.ERROR: Uncaught ReflectionException: Class "App\Models\ItemPenjualanPolicy" does not exist in Command line code:1
Stack trace:
#0 Command line code(1): ReflectionClass->__construct('App\\Models\\Item...')
#1 [internal function]: {closure:Command line code:1}('App\\Models\\Item...', 'App\\Models\\Item...')
#2 Command line code(1): array_map(Object(Closure), Array, Array)
#3 {main}
  thrown {"exception":"[object] (Symfony\\Component\\ErrorHandler\\Error\\FatalError(code: 0): Uncaught ReflectionException: Class \"App\\Models\\ItemPenjualanPolicy\" does not exist in Command line code:1
Stack trace:
#0 Command line code(1): ReflectionClass->__construct('App\\\\Models\\\\Item...')
#1 [internal function]: {closure:Command line code:1}('App\\\\Models\\\\Item...', 'App\\\\Models\\\\Item...')
#2 Command line code(1): array_map(Object(Closure), Array, Array)
#3 {main}
  thrown at Command line code:1)
[stacktrace]
#0 {main}
"} 
[2026-08-19 02:38:44] local.ERROR: Uncaught ReflectionException: Class "App\Models\ItemPenjualanPolicy" does not exist in Command line code:1
Stack trace:
#0 Command line code(1): ReflectionClass->__construct('App\\Models\\Item...')
#1 [internal function]: {closure:Command line code:1}('App\\Models\\Item...', 'App\\Models\\Item...')
#2 Command line code(1): array_map(Object(Closure), Array, Array)
#3 {main}
  thrown {"exception":"[object] (Symfony\\Component\\ErrorHandler\\Error\\FatalError(code: 0): Uncaught ReflectionException: Class \"App\\Models\\ItemPenjualanPolicy\" does not exist in Command line code:1
Stack trace:
#0 Command line code(1): ReflectionClass->__construct('App\\\\Models\\\\Item...')
#1 [internal function]: {closure:Command line code:1}('App\\\\Models\\\\Item...', 'App\\\\Models\\\\Item...')
#2 Command line code(1): array_map(Object(Closure), Array, Array)
#3 {main}
  thrown at Command line code:1)
[stacktrace]
#0 {main}
"} 
[2026-08-19 02:39:44] local.ERROR: Uncaught ReflectionException: Class "App\Models\ItemPenjualanPolicy" does not exist in Command line code:1
Stack trace:
#0 Command line code(1): ReflectionClass->__construct('App\\Models\\Item...')
#1 [internal function]: {closure:Command line code:1}('App\\Models\\Item...', 'App\\Models\\Item...')
#2 Command line code(1): array_map(Object(Closure), Array, Array)
#3 {main}
  thrown {"exception":"[object] (Symfony\\Component\\ErrorHandler\\Error\\FatalError(code: 0): Uncaught ReflectionException: Class \"App\\Models\\ItemPenjualanPolicy\" does not exist in Command line code:1
Stack trace:
#0 Command line code(1): ReflectionClass->__construct('App\\\\Models\\\\Item...')
#1 [internal function]: {closure:Command line code:1}('App\\\\Models\\\\Item...', 'App\\\\Models\\\\Item...')
#2 Command line code(1): array_map(Object(Closure), Array, Array)
#3 {main}
  thrown at Command line code:1)
[stacktrace]
#0 {main}
"} 
[2026-08-19 02:40:45] local.ERROR: Uncaught ReflectionException: Class "App\Models\ItemPenjualanPolicy" does not exist in Command line code:1
Stack trace:
#0 Command line code(1): ReflectionClass->__construct('App\\Models\\Item...')
#1 [internal function]: {closure:Command line code:1}('App\\Models\\Item...', 'App\\Models\\Item...')
#2 Command line code(1): array_map(Object(Closure), Array, Array)
#3 {main}
  thrown {"exception":"[object] (Symfony\\Component\\ErrorHandler\\Error\\FatalError(code: 0): Uncaught ReflectionException: Class \"App\\Models\\ItemPenjualanPolicy\" does not exist in Command line code:1
Stack trace:
#0 Command line code(1): ReflectionClass->__construct('App\\\\Models\\\\Item...')
#1 [internal function]: {closure:Command line code:1}('App\\\\Models\\\\Item...', 'App\\\\Models\\\\Item...')
#2 Command line code(1): array_map(Object(Closure), Array, Array)
#3 {main}
  thrown at Command line code:1)
[stacktrace]
#0 {main}
"} 
[2026-08-19 02:41:44] local.ERROR: Uncaught ReflectionException: Class "App\Models\ItemPenjualanPolicy" does not exist in Command line code:1
Stack trace:
#0 Command line code(1): ReflectionClass->__construct('App\\Models\\Item...')
#1 [internal function]: {closure:Command line code:1}('App\\Models\\Item...', 'App\\Models\\Item...')
#2 Command line code(1): array_map(Object(Closure), Array, Array)
#3 {main}
  thrown {"exception":"[object] (Symfony\\Component\\ErrorHandler\\Error\\FatalError(code: 0): Uncaught ReflectionException: Class \"App\\Models\\ItemPenjualanPolicy\" does not exist in Command line code:1
Stack trace:
#0 Command line code(1): ReflectionClass->__construct('App\\\\Models\\\\Item...')
#1 [internal function]: {closure:Command line code:1}('App\\\\Models\\\\Item...', 'App\\\\Models\\\\Item...')
#2 Command line code(1): array_map(Object(Closure), Array, Array)
#3 {main}
  thrown at Command line code:1)
[stacktrace]
#0 {main}
"} 
[2026-08-19 02:42:44] local.ERROR: Uncaught ReflectionException: Class "App\Models\ItemPenjualanPolicy" does not exist in Command line code:1
Stack trace:
#0 Command line code(1): ReflectionClass->__construct('App\\Models\\Item...')
#1 [internal function]: {closure:Command line code:1}('App\\Models\\Item...', 'App\\Models\\Item...')
#2 Command line code(1): array_map(Object(Closure), Array, Array)
#3 {main}
  thrown {"exception":"[object] (Symfony\\Component\\ErrorHandler\\Error\\FatalError(code: 0): Uncaught ReflectionException: Class \"App\\Models\\ItemPenjualanPolicy\" does not exist in Command line code:1
Stack trace:
#0 Command line code(1): ReflectionClass->__construct('App\\\\Models\\\\Item...')
#1 [internal function]: {closure:Command line code:1}('App\\\\Models\\\\Item...', 'App\\\\Models\\\\Item...')
#2 Command line code(1): array_map(Object(Closure), Array, Array)
#3 {main}
  thrown at Command line code:1)
[stacktrace]
#0 {main}
"} 
[2026-08-19 02:43:45] local.ERROR: Uncaught ReflectionException: Class "App\Models\ItemPenjualanPolicy" does not exist in Command line code:1
Stack trace:
#0 Command line code(1): ReflectionClass->__construct('App\\Models\\Item...')
#1 [internal function]: {closure:Command line code:1}('App\\Models\\Item...', 'App\\Models\\Item...')
#2 Command line code(1): array_map(Object(Closure), Array, Array)
#3 {main}
  thrown {"exception":"[object] (Symfony\\Component\\ErrorHandler\\Error\\FatalError(code: 0): Uncaught ReflectionException: Class \"App\\Models\\ItemPenjualanPolicy\" does not exist in Command line code:1
Stack trace:
#0 Command line code(1): ReflectionClass->__construct('App\\\\Models\\\\Item...')
#1 [internal function]: {closure:Command line code:1}('App\\\\Models\\\\Item...', 'App\\\\Models\\\\Item...')
#2 Command line code(1): array_map(Object(Closure), Array, Array)
#3 {main}
  thrown at Command line code:1)
[stacktrace]
#0 {main}
"} 
[2026-08-19 02:44:44] local.ERROR: Uncaught ReflectionException: Class "App\Models\ItemPenjualanPolicy" does not exist in Command line code:1
Stack trace:
#0 Command line code(1): ReflectionClass->__construct('App\\Models\\Item...')
#1 [internal function]: {closure:Command line code:1}('App\\Models\\Item...', 'App\\Models\\Item...')
#2 Command line code(1): array_map(Object(Closure), Array, Array)
#3 {main}
  thrown {"exception":"[object] (Symfony\\Component\\ErrorHandler\\Error\\FatalError(code: 0): Uncaught ReflectionException: Class \"App\\Models\\ItemPenjualanPolicy\" does not exist in Command line code:1
Stack trace:
#0 Command line code(1): ReflectionClass->__construct('App\\\\Models\\\\Item...')
#1 [internal function]: {closure:Command line code:1}('App\\\\Models\\\\Item...', 'App\\\\Models\\\\Item...')
#2 Command line code(1): array_map(Object(Closure), Array, Array)
#3 {main}
  thrown at Command line code:1)
[stacktrace]
#0 {main}
"} 
[2026-08-19 02:45:44] local.ERROR: Uncaught ReflectionException: Class "App\Models\ItemPenjualanPolicy" does not exist in Command line code:1
Stack trace:
#0 Command line code(1): ReflectionClass->__construct('App\\Models\\Item...')
#1 [internal function]: {closure:Command line code:1}('App\\Models\\Item...', 'App\\Models\\Item...')
#2 Command line code(1): array_map(Object(Closure), Array, Array)
#3 {main}
  thrown {"exception":"[object] (Symfony\\Component\\ErrorHandler\\Error\\FatalError(code: 0): Uncaught ReflectionException: Class \"App\\Models\\ItemPenjualanPolicy\" does not exist in Command line code:1
Stack trace:
#0 Command line code(1): ReflectionClass->__construct('App\\\\Models\\\\Item...')
#1 [internal function]: {closure:Command line code:1}('App\\\\Models\\\\Item...', 'App\\\\Models\\\\Item...')
#2 Command line code(1): array_map(Object(Closure), Array, Array)
#3 {main}
  thrown at Command line code:1)
[stacktrace]
#0 {main}
"} 
[2026-08-19 02:46:46] local.ERROR: Uncaught ReflectionException: Class "App\Models\ItemPenjualanPolicy" does not exist in Command line code:1
Stack trace:
#0 Command line code(1): ReflectionClass->__construct('App\\Models\\Item...')
#1 [internal function]: {closure:Command line code:1}('App\\Models\\Item...', 'App\\Models\\Item...')
#2 Command line code(1): array_map(Object(Closure), Array, Array)
#3 {main}
  thrown {"exception":"[object] (Symfony\\Component\\ErrorHandler\\Error\\FatalError(code: 0): Uncaught ReflectionException: Class \"App\\Models\\ItemPenjualanPolicy\" does not exist in Command line code:1
Stack trace:
#0 Command line code(1): ReflectionClass->__construct('App\\\\Models\\\\Item...')
#1 [internal function]: {closure:Command line code:1}('App\\\\Models\\\\Item...', 'App\\\\Models\\\\Item...')
#2 Command line code(1): array_map(Object(Closure), Array, Array)
#3 {main}
  thrown at Command line code:1)
[stacktrace]
#0 {main}
"} 
[2026-08-19 02:47:45] local.ERROR: Uncaught ReflectionException: Class "App\Models\ItemPenjualanPolicy" does not exist in Command line code:1
Stack trace:
#0 Command line code(1): ReflectionClass->__construct('App\\Models\\Item...')
#1 [internal function]: {closure:Command line code:1}('App\\Models\\Item...', 'App\\Models\\Item...')
#2 Command line code(1): array_map(Object(Closure), Array, Array)
#3 {main}
  thrown {"exception":"[object] (Symfony\\Component\\ErrorHandler\\Error\\FatalError(code: 0): Uncaught ReflectionException: Class \"App\\Models\\ItemPenjualanPolicy\" does not exist in Command line code:1
Stack trace:
#0 Command line code(1): ReflectionClass->__construct('App\\\\Models\\\\Item...')
#1 [internal function]: {closure:Command line code:1}('App\\\\Models\\\\Item...', 'App\\\\Models\\\\Item...')
#2 Command line code(1): array_map(Object(Closure), Array, Array)
#3 {main}
  thrown at Command line code:1)
[stacktrace]
#0 {main}
"} 
[2026-08-19 02:48:45] local.ERROR: Uncaught ReflectionException: Class "App\Models\ItemPenjualanPolicy" does not exist in Command line code:1
Stack trace:
#0 Command line code(1): ReflectionClass->__construct('App\\Models\\Item...')
#1 [internal function]: {closure:Command line code:1}('App\\Models\\Item...', 'App\\Models\\Item...')
#2 Command line code(1): array_map(Object(Closure), Array, Array)
#3 {main}
  thrown {"exception":"[object] (Symfony\\Component\\ErrorHandler\\Error\\FatalError(code: 0): Uncaught ReflectionException: Class \"App\\Models\\ItemPenjualanPolicy\" does not exist in Command line code:1
Stack trace:
#0 Command line code(1): ReflectionClass->__construct('App\\\\Models\\\\Item...')
#1 [internal function]: {closure:Command line code:1}('App\\\\Models\\\\Item...', 'App\\\\Models\\\\Item...')
#2 Command line code(1): array_map(Object(Closure), Array, Array)
#3 {main}
  thrown at Command line code:1)
[stacktrace]
#0 {main}
"} 
[2026-08-19 02:49:44] local.ERROR: Uncaught ReflectionException: Class "App\Models\ItemPenjualanPolicy" does not exist in Command line code:1
Stack trace:
#0 Command line code(1): ReflectionClass->__construct('App\\Models\\Item...')
#1 [internal function]: {closure:Command line code:1}('App\\Models\\Item...', 'App\\Models\\Item...')
#2 Command line code(1): array_map(Object(Closure), Array, Array)
#3 {main}
  thrown {"exception":"[object] (Symfony\\Component\\ErrorHandler\\Error\\FatalError(code: 0): Uncaught ReflectionException: Class \"App\\Models\\ItemPenjualanPolicy\" does not exist in Command line code:1
Stack trace:
#0 Command line code(1): ReflectionClass->__construct('App\\\\Models\\\\Item...')
#1 [internal function]: {closure:Command line code:1}('App\\\\Models\\\\Item...', 'App\\\\Models\\\\Item...')
#2 Command line code(1): array_map(Object(Closure), Array, Array)
#3 {main}
  thrown at Command line code:1)
[stacktrace]
#0 {main}
"} 
[2026-08-19 02:50:44] local.ERROR: Uncaught ReflectionException: Class "App\Models\ItemPenjualanPolicy" does not exist in Command line code:1
Stack trace:
#0 Command line code(1): ReflectionClass->__construct('App\\Models\\Item...')
#1 [internal function]: {closure:Command line code:1}('App\\Models\\Item...', 'App\\Models\\Item...')
#2 Command line code(1): array_map(Object(Closure), Array, Array)
#3 {main}
  thrown {"exception":"[object] (Symfony\\Component\\ErrorHandler\\Error\\FatalError(code: 0): Uncaught ReflectionException: Class \"App\\Models\\ItemPenjualanPolicy\" does not exist in Command line code:1
Stack trace:
#0 Command line code(1): ReflectionClass->__construct('App\\\\Models\\\\Item...')
#1 [internal function]: {closure:Command line code:1}('App\\\\Models\\\\Item...', 'App\\\\Models\\\\Item...')
#2 Command line code(1): array_map(Object(Closure), Array, Array)
#3 {main}
  thrown at Command line code:1)
[stacktrace]
#0 {main}
"} 
[2026-08-19 02:51:45] local.ERROR: Uncaught ReflectionException: Class "App\Models\ItemPenjualanPolicy" does not exist in Command line code:1
Stack trace:
#0 Command line code(1): ReflectionClass->__construct('App\\Models\\Item...')
#1 [internal function]: {closure:Command line code:1}('App\\Models\\Item...', 'App\\Models\\Item...')
#2 Command line code(1): array_map(Object(Closure), Array, Array)
#3 {main}
  thrown {"exception":"[object] (Symfony\\Component\\ErrorHandler\\Error\\FatalError(code: 0): Uncaught ReflectionException: Class \"App\\Models\\ItemPenjualanPolicy\" does not exist in Command line code:1
Stack trace:
#0 Command line code(1): ReflectionClass->__construct('App\\\\Models\\\\Item...')
#1 [internal function]: {closure:Command line code:1}('App\\\\Models\\\\Item...', 'App\\\\Models\\\\Item...')
#2 Command line code(1): array_map(Object(Closure), Array, Array)
#3 {main}
  thrown at Command line code:1)
[stacktrace]
#0 {main}
"} 
[2026-08-19 02:52:45] local.ERROR: Uncaught ReflectionException: Class "App\Models\ItemPenjualanPolicy" does not exist in Command line code:1
Stack trace:
#0 Command line code(1): ReflectionClass->__construct('App\\Models\\Item...')
#1 [internal function]: {closure:Command line code:1}('App\\Models\\Item...', 'App\\Models\\Item...')
#2 Command line code(1): array_map(Object(Closure), Array, Array)
#3 {main}
  thrown {"exception":"[object] (Symfony\\Component\\ErrorHandler\\Error\\FatalError(code: 0): Uncaught ReflectionException: Class \"App\\Models\\ItemPenjualanPolicy\" does not exist in Command line code:1
Stack trace:
#0 Command line code(1): ReflectionClass->__construct('App\\\\Models\\\\Item...')
#1 [internal function]: {closure:Command line code:1}('App\\\\Models\\\\Item...', 'App\\\\Models\\\\Item...')
#2 Command line code(1): array_map(Object(Closure), Array, Array)
#3 {main}
  thrown at Command line code:1)
[stacktrace]
#0 {main}
"} 
[2026-08-19 02:53:45] local.ERROR: Uncaught ReflectionException: Class "App\Models\ItemPenjualanPolicy" does not exist in Command line code:1
Stack trace:
#0 Command line code(1): ReflectionClass->__construct('App\\Models\\Item...')
#1 [internal function]: {closure:Command line code:1}('App\\Models\\Item...', 'App\\Models\\Item...')
#2 Command line code(1): array_map(Object(Closure), Array, Array)
#3 {main}
  thrown {"exception":"[object] (Symfony\\Component\\ErrorHandler\\Error\\FatalError(code: 0): Uncaught ReflectionException: Class \"App\\Models\\ItemPenjualanPolicy\" does not exist in Command line code:1
Stack trace:
#0 Command line code(1): ReflectionClass->__construct('App\\\\Models\\\\Item...')
#1 [internal function]: {closure:Command line code:1}('App\\\\Models\\\\Item...', 'App\\\\Models\\\\Item...')
#2 Command line code(1): array_map(Object(Closure), Array, Array)
#3 {main}
  thrown at Command line code:1)
[stacktrace]
#0 {main}
"} 
[2026-08-19 02:54:45] local.ERROR: Uncaught ReflectionException: Class "App\Models\ItemPenjualanPolicy" does not exist in Command line code:1
Stack trace:
#0 Command line code(1): ReflectionClass->__construct('App\\Models\\Item...')
#1 [internal function]: {closure:Command line code:1}('App\\Models\\Item...', 'App\\Models\\Item...')
#2 Command line code(1): array_map(Object(Closure), Array, Array)
#3 {main}
  thrown {"exception":"[object] (Symfony\\Component\\ErrorHandler\\Error\\FatalError(code: 0): Uncaught ReflectionException: Class \"App\\Models\\ItemPenjualanPolicy\" does not exist in Command line code:1
Stack trace:
#0 Command line code(1): ReflectionClass->__construct('App\\\\Models\\\\Item...')
#1 [internal function]: {closure:Command line code:1}('App\\\\Models\\\\Item...', 'App\\\\Models\\\\Item...')
#2 Command line code(1): array_map(Object(Closure), Array, Array)
#3 {main}
  thrown at Command line code:1)
[stacktrace]
#0 {main}
"} 
[2026-08-19 02:55:45] local.ERROR: Uncaught ReflectionException: Class "App\Models\ItemPenjualanPolicy" does not exist in Command line code:1
Stack trace:
#0 Command line code(1): ReflectionClass->__construct('App\\Models\\Item...')
#1 [internal function]: {closure:Command line code:1}('App\\Models\\Item...', 'App\\Models\\Item...')
#2 Command line code(1): array_map(Object(Closure), Array, Array)
#3 {main}
  thrown {"exception":"[object] (Symfony\\Component\\ErrorHandler\\Error\\FatalError(code: 0): Uncaught ReflectionException: Class \"App\\Models\\ItemPenjualanPolicy\" does not exist in Command line code:1
Stack trace:
#0 Command line code(1): ReflectionClass->__construct('App\\\\Models\\\\Item...')
#1 [internal function]: {closure:Command line code:1}('App\\\\Models\\\\Item...', 'App\\\\Models\\\\Item...')
#2 Command line code(1): array_map(Object(Closure), Array, Array)
#3 {main}
  thrown at Command line code:1)
[stacktrace]
#0 {main}
"} 
[2026-08-19 02:56:45] local.ERROR: Uncaught ReflectionException: Class "App\Models\ItemPenjualanPolicy" does not exist in Command line code:1
Stack trace:
#0 Command line code(1): ReflectionClass->__construct('App\\Models\\Item...')
#1 [internal function]: {closure:Command line code:1}('App\\Models\\Item...', 'App\\Models\\Item...')
#2 Command line code(1): array_map(Object(Closure), Array, Array)
#3 {main}
  thrown {"exception":"[object] (Symfony\\Component\\ErrorHandler\\Error\\FatalError(code: 0): Uncaught ReflectionException: Class \"App\\Models\\ItemPenjualanPolicy\" does not exist in Command line code:1
Stack trace:
#0 Command line code(1): ReflectionClass->__construct('App\\\\Models\\\\Item...')
#1 [internal function]: {closure:Command line code:1}('App\\\\Models\\\\Item...', 'App\\\\Models\\\\Item...')
#2 Command line code(1): array_map(Object(Closure), Array, Array)
#3 {main}
  thrown at Command line code:1)
[stacktrace]
#0 {main}
"} 
[2026-08-19 02:57:44] local.ERROR: Uncaught ReflectionException: Class "App\Models\ItemPenjualanPolicy" does not exist in Command line code:1
Stack trace:
#0 Command line code(1): ReflectionClass->__construct('App\\Models\\Item...')
#1 [internal function]: {closure:Command line code:1}('App\\Models\\Item...', 'App\\Models\\Item...')
#2 Command line code(1): array_map(Object(Closure), Array, Array)
#3 {main}
  thrown {"exception":"[object] (Symfony\\Component\\ErrorHandler\\Error\\FatalError(code: 0): Uncaught ReflectionException: Class \"App\\Models\\ItemPenjualanPolicy\" does not exist in Command line code:1
Stack trace:
#0 Command line code(1): ReflectionClass->__construct('App\\\\Models\\\\Item...')
#1 [internal function]: {closure:Command line code:1}('App\\\\Models\\\\Item...', 'App\\\\Models\\\\Item...')
#2 Command line code(1): array_map(Object(Closure), Array, Array)
#3 {main}
  thrown at Command line code:1)
[stacktrace]
#0 {main}
"} 
[2026-08-19 02:58:44] local.ERROR: Uncaught ReflectionException: Class "App\Models\ItemPenjualanPolicy" does not exist in Command line code:1
Stack trace:
#0 Command line code(1): ReflectionClass->__construct('App\\Models\\Item...')
#1 [internal function]: {closure:Command line code:1}('App\\Models\\Item...', 'App\\Models\\Item...')
#2 Command line code(1): array_map(Object(Closure), Array, Array)
#3 {main}
  thrown {"exception":"[object] (Symfony\\Component\\ErrorHandler\\Error\\FatalError(code: 0): Uncaught ReflectionException: Class \"App\\Models\\ItemPenjualanPolicy\" does not exist in Command line code:1
Stack trace:
#0 Command line code(1): ReflectionClass->__construct('App\\\\Models\\\\Item...')
#1 [internal function]: {closure:Command line code:1}('App\\\\Models\\\\Item...', 'App\\\\Models\\\\Item...')
#2 Command line code(1): array_map(Object(Closure), Array, Array)
#3 {main}
  thrown at Command line code:1)
[stacktrace]
#0 {main}
"} 
[2026-08-19 02:59:44] local.ERROR: Uncaught ReflectionException: Class "App\Models\ItemPenjualanPolicy" does not exist in Command line code:1
Stack trace:
#0 Command line code(1): ReflectionClass->__construct('App\\Models\\Item...')
#1 [internal function]: {closure:Command line code:1}('App\\Models\\Item...', 'App\\Models\\Item...')
#2 Command line code(1): array_map(Object(Closure), Array, Array)
#3 {main}
  thrown {"exception":"[object] (Symfony\\Component\\ErrorHandler\\Error\\FatalError(code: 0): Uncaught ReflectionException: Class \"App\\Models\\ItemPenjualanPolicy\" does not exist in Command line code:1
Stack trace:
#0 Command line code(1): ReflectionClass->__construct('App\\\\Models\\\\Item...')
#1 [internal function]: {closure:Command line code:1}('App\\\\Models\\\\Item...', 'App\\\\Models\\\\Item...')
#2 Command line code(1): array_map(Object(Closure), Array, Array)
#3 {main}
  thrown at Command line code:1)
[stacktrace]
#0 {main}
"} 
[2026-08-19 03:00:44] local.ERROR: Uncaught ReflectionException: Class "App\Models\ItemPenjualanPolicy" does not exist in Command line code:1
Stack trace:
#0 Command line code(1): ReflectionClass->__construct('App\\Models\\Item...')
#1 [internal function]: {closure:Command line code:1}('App\\Models\\Item...', 'App\\Models\\Item...')
#2 Command line code(1): array_map(Object(Closure), Array, Array)
#3 {main}
  thrown {"exception":"[object] (Symfony\\Component\\ErrorHandler\\Error\\FatalError(code: 0): Uncaught ReflectionException: Class \"App\\Models\\ItemPenjualanPolicy\" does not exist in Command line code:1
Stack trace:
#0 Command line code(1): ReflectionClass->__construct('App\\\\Models\\\\Item...')
#1 [internal function]: {closure:Command line code:1}('App\\\\Models\\\\Item...', 'App\\\\Models\\\\Item...')
#2 Command line code(1): array_map(Object(Closure), Array, Array)
#3 {main}
  thrown at Command line code:1)
[stacktrace]
#0 {main}
"} 
[2026-08-19 03:01:44] local.ERROR: Uncaught ReflectionException: Class "App\Models\ItemPenjualanPolicy" does not exist in Command line code:1
Stack trace:
#0 Command line code(1): ReflectionClass->__construct('App\\Models\\Item...')
#1 [internal function]: {closure:Command line code:1}('App\\Models\\Item...', 'App\\Models\\Item...')
#2 Command line code(1): array_map(Object(Closure), Array, Array)
#3 {main}
  thrown {"exception":"[object] (Symfony\\Component\\ErrorHandler\\Error\\FatalError(code: 0): Uncaught ReflectionException: Class \"App\\Models\\ItemPenjualanPolicy\" does not exist in Command line code:1
Stack trace:
#0 Command line code(1): ReflectionClass->__construct('App\\\\Models\\\\Item...')
#1 [internal function]: {closure:Command line code:1}('App\\\\Models\\\\Item...', 'App\\\\Models\\\\Item...')
#2 Command line code(1): array_map(Object(Closure), Array, Array)
#3 {main}
  thrown at Command line code:1)
[stacktrace]
#0 {main}
"} 
[2026-08-19 03:02:44] local.ERROR: Uncaught ReflectionException: Class "App\Models\ItemPenjualanPolicy" does not exist in Command line code:1
Stack trace:
#0 Command line code(1): ReflectionClass->__construct('App\\Models\\Item...')
#1 [internal function]: {closure:Command line code:1}('App\\Models\\Item...', 'App\\Models\\Item...')
#2 Command line code(1): array_map(Object(Closure), Array, Array)
#3 {main}
  thrown {"exception":"[object] (Symfony\\Component\\ErrorHandler\\Error\\FatalError(code: 0): Uncaught ReflectionException: Class \"App\\Models\\ItemPenjualanPolicy\" does not exist in Command line code:1
Stack trace:
#0 Command line code(1): ReflectionClass->__construct('App\\\\Models\\\\Item...')
#1 [internal function]: {closure:Command line code:1}('App\\\\Models\\\\Item...', 'App\\\\Models\\\\Item...')
#2 Command line code(1): array_map(Object(Closure), Array, Array)
#3 {main}
  thrown at Command line code:1)
[stacktrace]
#0 {main}
"} 
[2026-08-19 03:03:45] local.ERROR: Uncaught ReflectionException: Class "App\Models\ItemPenjualanPolicy" does not exist in Command line code:1
Stack trace:
#0 Command line code(1): ReflectionClass->__construct('App\\Models\\Item...')
#1 [internal function]: {closure:Command line code:1}('App\\Models\\Item...', 'App\\Models\\Item...')
#2 Command line code(1): array_map(Object(Closure), Array, Array)
#3 {main}
  thrown {"exception":"[object] (Symfony\\Component\\ErrorHandler\\Error\\FatalError(code: 0): Uncaught ReflectionException: Class \"App\\Models\\ItemPenjualanPolicy\" does not exist in Command line code:1
Stack trace:
#0 Command line code(1): ReflectionClass->__construct('App\\\\Models\\\\Item...')
#1 [internal function]: {closure:Command line code:1}('App\\\\Models\\\\Item...', 'App\\\\Models\\\\Item...')
#2 Command line code(1): array_map(Object(Closure), Array, Array)
#3 {main}
  thrown at Command line code:1)
[stacktrace]
#0 {main}
"} 
[2026-08-19 03:04:44] local.ERROR: Uncaught ReflectionException: Class "App\Models\ItemPenjualanPolicy" does not exist in Command line code:1
Stack trace:
#0 Command line code(1): ReflectionClass->__construct('App\\Models\\Item...')
#1 [internal function]: {closure:Command line code:1}('App\\Models\\Item...', 'App\\Models\\Item...')
#2 Command line code(1): array_map(Object(Closure), Array, Array)
#3 {main}
  thrown {"exception":"[object] (Symfony\\Component\\ErrorHandler\\Error\\FatalError(code: 0): Uncaught ReflectionException: Class \"App\\Models\\ItemPenjualanPolicy\" does not exist in Command line code:1
Stack trace:
#0 Command line code(1): ReflectionClass->__construct('App\\\\Models\\\\Item...')
#1 [internal function]: {closure:Command line code:1}('App\\\\Models\\\\Item...', 'App\\\\Models\\\\Item...')
#2 Command line code(1): array_map(Object(Closure), Array, Array)
#3 {main}
  thrown at Command line code:1)
[stacktrace]
#0 {main}
"} 
[2026-08-19 03:05:45] local.ERROR: Uncaught ReflectionException: Class "App\Models\ItemPenjualanPolicy" does not exist in Command line code:1
Stack trace:
#0 Command line code(1): ReflectionClass->__construct('App\\Models\\Item...')
#1 [internal function]: {closure:Command line code:1}('App\\Models\\Item...', 'App\\Models\\Item...')
#2 Command line code(1): array_map(Object(Closure), Array, Array)
#3 {main}
  thrown {"exception":"[object] (Symfony\\Component\\ErrorHandler\\Error\\FatalError(code: 0): Uncaught ReflectionException: Class \"App\\Models\\ItemPenjualanPolicy\" does not exist in Command line code:1
Stack trace:
#0 Command line code(1): ReflectionClass->__construct('App\\\\Models\\\\Item...')
#1 [internal function]: {closure:Command line code:1}('App\\\\Models\\\\Item...', 'App\\\\Models\\\\Item...')
#2 Command line code(1): array_map(Object(Closure), Array, Array)
#3 {main}
  thrown at Command line code:1)
[stacktrace]
#0 {main}
"} 
[2026-08-19 03:06:45] local.ERROR: Uncaught ReflectionException: Class "App\Models\ItemPenjualanPolicy" does not exist in Command line code:1
Stack trace:
#0 Command line code(1): ReflectionClass->__construct('App\\Models\\Item...')
#1 [internal function]: {closure:Command line code:1}('App\\Models\\Item...', 'App\\Models\\Item...')
#2 Command line code(1): array_map(Object(Closure), Array, Array)
#3 {main}
  thrown {"exception":"[object] (Symfony\\Component\\ErrorHandler\\Error\\FatalError(code: 0): Uncaught ReflectionException: Class \"App\\Models\\ItemPenjualanPolicy\" does not exist in Command line code:1
Stack trace:
#0 Command line code(1): ReflectionClass->__construct('App\\\\Models\\\\Item...')
#1 [internal function]: {closure:Command line code:1}('App\\\\Models\\\\Item...', 'App\\\\Models\\\\Item...')
#2 Command line code(1): array_map(Object(Closure), Array, Array)
#3 {main}
  thrown at Command line code:1)
[stacktrace]
#0 {main}
"} 
[2026-08-19 03:07:44] local.ERROR: Uncaught ReflectionException: Class "App\Models\ItemPenjualanPolicy" does not exist in Command line code:1
Stack trace:
#0 Command line code(1): ReflectionClass->__construct('App\\Models\\Item...')
#1 [internal function]: {closure:Command line code:1}('App\\Models\\Item...', 'App\\Models\\Item...')
#2 Command line code(1): array_map(Object(Closure), Array, Array)
#3 {main}
  thrown {"exception":"[object] (Symfony\\Component\\ErrorHandler\\Error\\FatalError(code: 0): Uncaught ReflectionException: Class \"App\\Models\\ItemPenjualanPolicy\" does not exist in Command line code:1
Stack trace:
#0 Command line code(1): ReflectionClass->__construct('App\\\\Models\\\\Item...')
#1 [internal function]: {closure:Command line code:1}('App\\\\Models\\\\Item...', 'App\\\\Models\\\\Item...')
#2 Command line code(1): array_map(Object(Closure), Array, Array)
#3 {main}
  thrown at Command line code:1)
[stacktrace]
#0 {main}
"} 
[2026-08-19 03:08:44] local.ERROR: Uncaught ReflectionException: Class "App\Models\ItemPenjualanPolicy" does not exist in Command line code:1
Stack trace:
#0 Command line code(1): ReflectionClass->__construct('App\\Models\\Item...')
#1 [internal function]: {closure:Command line code:1}('App\\Models\\Item...', 'App\\Models\\Item...')
#2 Command line code(1): array_map(Object(Closure), Array, Array)
#3 {main}
  thrown {"exception":"[object] (Symfony\\Component\\ErrorHandler\\Error\\FatalError(code: 0): Uncaught ReflectionException: Class \"App\\Models\\ItemPenjualanPolicy\" does not exist in Command line code:1
Stack trace:
#0 Command line code(1): ReflectionClass->__construct('App\\\\Models\\\\Item...')
#1 [internal function]: {closure:Command line code:1}('App\\\\Models\\\\Item...', 'App\\\\Models\\\\Item...')
#2 Command line code(1): array_map(Object(Closure), Array, Array)
#3 {main}
  thrown at Command line code:1)
[stacktrace]
#0 {main}
"} 
[2026-08-19 03:09:45] local.ERROR: Uncaught ReflectionException: Class "App\Models\ItemPenjualanPolicy" does not exist in Command line code:1
Stack trace:
#0 Command line code(1): ReflectionClass->__construct('App\\Models\\Item...')
#1 [internal function]: {closure:Command line code:1}('App\\Models\\Item...', 'App\\Models\\Item...')
#2 Command line code(1): array_map(Object(Closure), Array, Array)
#3 {main}
  thrown {"exception":"[object] (Symfony\\Component\\ErrorHandler\\Error\\FatalError(code: 0): Uncaught ReflectionException: Class \"App\\Models\\ItemPenjualanPolicy\" does not exist in Command line code:1
Stack trace:
#0 Command line code(1): ReflectionClass->__construct('App\\\\Models\\\\Item...')
#1 [internal function]: {closure:Command line code:1}('App\\\\Models\\\\Item...', 'App\\\\Models\\\\Item...')
#2 Command line code(1): array_map(Object(Closure), Array, Array)
#3 {main}
  thrown at Command line code:1)
[stacktrace]
#0 {main}
"} 
[2026-08-19 03:10:47] local.ERROR: Uncaught ReflectionException: Class "App\Models\ItemPenjualanPolicy" does not exist in Command line code:1
Stack trace:
#0 Command line code(1): ReflectionClass->__construct('App\\Models\\Item...')
#1 [internal function]: {closure:Command line code:1}('App\\Models\\Item...', 'App\\Models\\Item...')
#2 Command line code(1): array_map(Object(Closure), Array, Array)
#3 {main}
  thrown {"exception":"[object] (Symfony\\Component\\ErrorHandler\\Error\\FatalError(code: 0): Uncaught ReflectionException: Class \"App\\Models\\ItemPenjualanPolicy\" does not exist in Command line code:1
Stack trace:
#0 Command line code(1): ReflectionClass->__construct('App\\\\Models\\\\Item...')
#1 [internal function]: {closure:Command line code:1}('App\\\\Models\\\\Item...', 'App\\\\Models\\\\Item...')
#2 Command line code(1): array_map(Object(Closure), Array, Array)
#3 {main}
  thrown at Command line code:1)
[stacktrace]
#0 {main}
"} 
[2026-08-19 03:11:44] local.ERROR: Uncaught ReflectionException: Class "App\Models\ItemPenjualanPolicy" does not exist in Command line code:1
Stack trace:
#0 Command line code(1): ReflectionClass->__construct('App\\Models\\Item...')
#1 [internal function]: {closure:Command line code:1}('App\\Models\\Item...', 'App\\Models\\Item...')
#2 Command line code(1): array_map(Object(Closure), Array, Array)
#3 {main}
  thrown {"exception":"[object] (Symfony\\Component\\ErrorHandler\\Error\\FatalError(code: 0): Uncaught ReflectionException: Class \"App\\Models\\ItemPenjualanPolicy\" does not exist in Command line code:1
Stack trace:
#0 Command line code(1): ReflectionClass->__construct('App\\\\Models\\\\Item...')
#1 [internal function]: {closure:Command line code:1}('App\\\\Models\\\\Item...', 'App\\\\Models\\\\Item...')
#2 Command line code(1): array_map(Object(Closure), Array, Array)
#3 {main}
  thrown at Command line code:1)
[stacktrace]
#0 {main}
"} 
[2026-08-19 03:12:45] local.ERROR: Uncaught ReflectionException: Class "App\Models\ItemPenjualanPolicy" does not exist in Command line code:1
Stack trace:
#0 Command line code(1): ReflectionClass->__construct('App\\Models\\Item...')
#1 [internal function]: {closure:Command line code:1}('App\\Models\\Item...', 'App\\Models\\Item...')
#2 Command line code(1): array_map(Object(Closure), Array, Array)
#3 {main}
  thrown {"exception":"[object] (Symfony\\Component\\ErrorHandler\\Error\\FatalError(code: 0): Uncaught ReflectionException: Class \"App\\Models\\ItemPenjualanPolicy\" does not exist in Command line code:1
Stack trace:
#0 Command line code(1): ReflectionClass->__construct('App\\\\Models\\\\Item...')
#1 [internal function]: {closure:Command line code:1}('App\\\\Models\\\\Item...', 'App\\\\Models\\\\Item...')
#2 Command line code(1): array_map(Object(Closure), Array, Array)
#3 {main}
  thrown at Command line code:1)
[stacktrace]
#0 {main}
"} 
[2026-08-19 03:13:45] local.ERROR: Uncaught ReflectionException: Class "App\Models\ItemPenjualanPolicy" does not exist in Command line code:1
Stack trace:
#0 Command line code(1): ReflectionClass->__construct('App\\Models\\Item...')
#1 [internal function]: {closure:Command line code:1}('App\\Models\\Item...', 'App\\Models\\Item...')
#2 Command line code(1): array_map(Object(Closure), Array, Array)
#3 {main}
  thrown {"exception":"[object] (Symfony\\Component\\ErrorHandler\\Error\\FatalError(code: 0): Uncaught ReflectionException: Class \"App\\Models\\ItemPenjualanPolicy\" does not exist in Command line code:1
Stack trace:
#0 Command line code(1): ReflectionClass->__construct('App\\\\Models\\\\Item...')
#1 [internal function]: {closure:Command line code:1}('App\\\\Models\\\\Item...', 'App\\\\Models\\\\Item...')
#2 Command line code(1): array_map(Object(Closure), Array, Array)
#3 {main}
  thrown at Command line code:1)
[stacktrace]
#0 {main}
"} 
[2026-08-19 03:14:45] local.ERROR: Uncaught ReflectionException: Class "App\Models\ItemPenjualanPolicy" does not exist in Command line code:1
Stack trace:
#0 Command line code(1): ReflectionClass->__construct('App\\Models\\Item...')
#1 [internal function]: {closure:Command line code:1}('App\\Models\\Item...', 'App\\Models\\Item...')
#2 Command line code(1): array_map(Object(Closure), Array, Array)
#3 {main}
  thrown {"exception":"[object] (Symfony\\Component\\ErrorHandler\\Error\\FatalError(code: 0): Uncaught ReflectionException: Class \"App\\Models\\ItemPenjualanPolicy\" does not exist in Command line code:1
Stack trace:
#0 Command line code(1): ReflectionClass->__construct('App\\\\Models\\\\Item...')
#1 [internal function]: {closure:Command line code:1}('App\\\\Models\\\\Item...', 'App\\\\Models\\\\Item...')
#2 Command line code(1): array_map(Object(Closure), Array, Array)
#3 {main}
  thrown at Command line code:1)
[stacktrace]
#0 {main}
"} 
[2026-08-19 03:15:45] local.ERROR: Uncaught ReflectionException: Class "App\Models\ItemPenjualanPolicy" does not exist in Command line code:1
Stack trace:
#0 Command line code(1): ReflectionClass->__construct('App\\Models\\Item...')
#1 [internal function]: {closure:Command line code:1}('App\\Models\\Item...', 'App\\Models\\Item...')
#2 Command line code(1): array_map(Object(Closure), Array, Array)
#3 {main}
  thrown {"exception":"[object] (Symfony\\Component\\ErrorHandler\\Error\\FatalError(code: 0): Uncaught ReflectionException: Class \"App\\Models\\ItemPenjualanPolicy\" does not exist in Command line code:1
Stack trace:
#0 Command line code(1): ReflectionClass->__construct('App\\\\Models\\\\Item...')
#1 [internal function]: {closure:Command line code:1}('App\\\\Models\\\\Item...', 'App\\\\Models\\\\Item...')
#2 Command line code(1): array_map(Object(Closure), Array, Array)
#3 {main}
  thrown at Command line code:1)
[stacktrace]
#0 {main}
"} 
[2026-08-19 03:16:45] local.ERROR: Uncaught ReflectionException: Class "App\Models\ItemPenjualanPolicy" does not exist in Command line code:1
Stack trace:
#0 Command line code(1): ReflectionClass->__construct('App\\Models\\Item...')
#1 [internal function]: {closure:Command line code:1}('App\\Models\\Item...', 'App\\Models\\Item...')
#2 Command line code(1): array_map(Object(Closure), Array, Array)
#3 {main}
  thrown {"exception":"[object] (Symfony\\Component\\ErrorHandler\\Error\\FatalError(code: 0): Uncaught ReflectionException: Class \"App\\Models\\ItemPenjualanPolicy\" does not exist in Command line code:1
Stack trace:
#0 Command line code(1): ReflectionClass->__construct('App\\\\Models\\\\Item...')
#1 [internal function]: {closure:Command line code:1}('App\\\\Models\\\\Item...', 'App\\\\Models\\\\Item...')
#2 Command line code(1): array_map(Object(Closure), Array, Array)
#3 {main}
  thrown at Command line code:1)
[stacktrace]
#0 {main}
"} 
[2026-08-19 03:17:45] local.ERROR: Uncaught ReflectionException: Class "App\Models\ItemPenjualanPolicy" does not exist in Command line code:1
Stack trace:
#0 Command line code(1): ReflectionClass->__construct('App\\Models\\Item...')
#1 [internal function]: {closure:Command line code:1}('App\\Models\\Item...', 'App\\Models\\Item...')
#2 Command line code(1): array_map(Object(Closure), Array, Array)
#3 {main}
  thrown {"exception":"[object] (Symfony\\Component\\ErrorHandler\\Error\\FatalError(code: 0): Uncaught ReflectionException: Class \"App\\Models\\ItemPenjualanPolicy\" does not exist in Command line code:1
Stack trace:
#0 Command line code(1): ReflectionClass->__construct('App\\\\Models\\\\Item...')
#1 [internal function]: {closure:Command line code:1}('App\\\\Models\\\\Item...', 'App\\\\Models\\\\Item...')
#2 Command line code(1): array_map(Object(Closure), Array, Array)
#3 {main}
  thrown at Command line code:1)
[stacktrace]
#0 {main}
"} 
[2026-08-19 03:18:45] local.ERROR: Uncaught ReflectionException: Class "App\Models\ItemPenjualanPolicy" does not exist in Command line code:1
Stack trace:
#0 Command line code(1): ReflectionClass->__construct('App\\Models\\Item...')
#1 [internal function]: {closure:Command line code:1}('App\\Models\\Item...', 'App\\Models\\Item...')
#2 Command line code(1): array_map(Object(Closure), Array, Array)
#3 {main}
  thrown {"exception":"[object] (Symfony\\Component\\ErrorHandler\\Error\\FatalError(code: 0): Uncaught ReflectionException: Class \"App\\Models\\ItemPenjualanPolicy\" does not exist in Command line code:1
Stack trace:
#0 Command line code(1): ReflectionClass->__construct('App\\\\Models\\\\Item...')
#1 [internal function]: {closure:Command line code:1}('App\\\\Models\\\\Item...', 'App\\\\Models\\\\Item...')
#2 Command line code(1): array_map(Object(Closure), Array, Array)
#3 {main}
  thrown at Command line code:1)
[stacktrace]
#0 {main}
"} 
[2026-08-19 03:19:45] local.ERROR: Uncaught ReflectionException: Class "App\Models\ItemPenjualanPolicy" does not exist in Command line code:1
Stack trace:
#0 Command line code(1): ReflectionClass->__construct('App\\Models\\Item...')
#1 [internal function]: {closure:Command line code:1}('App\\Models\\Item...', 'App\\Models\\Item...')
#2 Command line code(1): array_map(Object(Closure), Array, Array)
#3 {main}
  thrown {"exception":"[object] (Symfony\\Component\\ErrorHandler\\Error\\FatalError(code: 0): Uncaught ReflectionException: Class \"App\\Models\\ItemPenjualanPolicy\" does not exist in Command line code:1
Stack trace:
#0 Command line code(1): ReflectionClass->__construct('App\\\\Models\\\\Item...')
#1 [internal function]: {closure:Command line code:1}('App\\\\Models\\\\Item...', 'App\\\\Models\\\\Item...')
#2 Command line code(1): array_map(Object(Closure), Array, Array)
#3 {main}
  thrown at Command line code:1)
[stacktrace]
#0 {main}
"} 
[2026-08-19 03:20:45] local.ERROR: Uncaught ReflectionException: Class "App\Models\ItemPenjualanPolicy" does not exist in Command line code:1
Stack trace:
#0 Command line code(1): ReflectionClass->__construct('App\\Models\\Item...')
#1 [internal function]: {closure:Command line code:1}('App\\Models\\Item...', 'App\\Models\\Item...')
#2 Command line code(1): array_map(Object(Closure), Array, Array)
#3 {main}
  thrown {"exception":"[object] (Symfony\\Component\\ErrorHandler\\Error\\FatalError(code: 0): Uncaught ReflectionException: Class \"App\\Models\\ItemPenjualanPolicy\" does not exist in Command line code:1
Stack trace:
#0 Command line code(1): ReflectionClass->__construct('App\\\\Models\\\\Item...')
#1 [internal function]: {closure:Command line code:1}('App\\\\Models\\\\Item...', 'App\\\\Models\\\\Item...')
#2 Command line code(1): array_map(Object(Closure), Array, Array)
#3 {main}
  thrown at Command line code:1)
[stacktrace]
#0 {main}
"} 
[2026-08-19 03:21:45] local.ERROR: Uncaught ReflectionException: Class "App\Models\ItemPenjualanPolicy" does not exist in Command line code:1
Stack trace:
#0 Command line code(1): ReflectionClass->__construct('App\\Models\\Item...')
#1 [internal function]: {closure:Command line code:1}('App\\Models\\Item...', 'App\\Models\\Item...')
#2 Command line code(1): array_map(Object(Closure), Array, Array)
#3 {main}
  thrown {"exception":"[object] (Symfony\\Component\\ErrorHandler\\Error\\FatalError(code: 0): Uncaught ReflectionException: Class \"App\\Models\\ItemPenjualanPolicy\" does not exist in Command line code:1
Stack trace:
#0 Command line code(1): ReflectionClass->__construct('App\\\\Models\\\\Item...')
#1 [internal function]: {closure:Command line code:1}('App\\\\Models\\\\Item...', 'App\\\\Models\\\\Item...')
#2 Command line code(1): array_map(Object(Closure), Array, Array)
#3 {main}
  thrown at Command line code:1)
[stacktrace]
#0 {main}
"} 
[2026-08-19 03:22:44] local.ERROR: Uncaught ReflectionException: Class "App\Models\ItemPenjualanPolicy" does not exist in Command line code:1
Stack trace:
#0 Command line code(1): ReflectionClass->__construct('App\\Models\\Item...')
#1 [internal function]: {closure:Command line code:1}('App\\Models\\Item...', 'App\\Models\\Item...')
#2 Command line code(1): array_map(Object(Closure), Array, Array)
#3 {main}
  thrown {"exception":"[object] (Symfony\\Component\\ErrorHandler\\Error\\FatalError(code: 0): Uncaught ReflectionException: Class \"App\\Models\\ItemPenjualanPolicy\" does not exist in Command line code:1
Stack trace:
#0 Command line code(1): ReflectionClass->__construct('App\\\\Models\\\\Item...')
#1 [internal function]: {closure:Command line code:1}('App\\\\Models\\\\Item...', 'App\\\\Models\\\\Item...')
#2 Command line code(1): array_map(Object(Closure), Array, Array)
#3 {main}
  thrown at Command line code:1)
[stacktrace]
#0 {main}
"} 
[2026-08-19 03:23:45] local.ERROR: Uncaught ReflectionException: Class "App\Models\ItemPenjualanPolicy" does not exist in Command line code:1
Stack trace:
#0 Command line code(1): ReflectionClass->__construct('App\\Models\\Item...')
#1 [internal function]: {closure:Command line code:1}('App\\Models\\Item...', 'App\\Models\\Item...')
#2 Command line code(1): array_map(Object(Closure), Array, Array)
#3 {main}
  thrown {"exception":"[object] (Symfony\\Component\\ErrorHandler\\Error\\FatalError(code: 0): Uncaught ReflectionException: Class \"App\\Models\\ItemPenjualanPolicy\" does not exist in Command line code:1
Stack trace:
#0 Command line code(1): ReflectionClass->__construct('App\\\\Models\\\\Item...')
#1 [internal function]: {closure:Command line code:1}('App\\\\Models\\\\Item...', 'App\\\\Models\\\\Item...')
#2 Command line code(1): array_map(Object(Closure), Array, Array)
#3 {main}
  thrown at Command line code:1)
[stacktrace]
#0 {main}
"} 
[2026-08-19 03:24:45] local.ERROR: Uncaught ReflectionException: Class "App\Models\ItemPenjualanPolicy" does not exist in Command line code:1
Stack trace:
#0 Command line code(1): ReflectionClass->__construct('App\\Models\\Item...')
#1 [internal function]: {closure:Command line code:1}('App\\Models\\Item...', 'App\\Models\\Item...')
#2 Command line code(1): array_map(Object(Closure), Array, Array)
#3 {main}
  thrown {"exception":"[object] (Symfony\\Component\\ErrorHandler\\Error\\FatalError(code: 0): Uncaught ReflectionException: Class \"App\\Models\\ItemPenjualanPolicy\" does not exist in Command line code:1
Stack trace:
#0 Command line code(1): ReflectionClass->__construct('App\\\\Models\\\\Item...')
#1 [internal function]: {closure:Command line code:1}('App\\\\Models\\\\Item...', 'App\\\\Models\\\\Item...')
#2 Command line code(1): array_map(Object(Closure), Array, Array)
#3 {main}
  thrown at Command line code:1)
[stacktrace]
#0 {main}
"} 
[2026-08-19 03:24:49] local.INFO: User ID: 1  
[2026-08-19 03:24:49] local.INFO: Notifications count: 0  
[2026-08-19 03:24:49] local.INFO: Unread count: 0  
[2026-08-19 03:25:22] local.INFO: Sending notification to user: 1 - Daliman Permadi  
[2026-08-19 03:25:22] local.INFO: Sending notification to user: 2 - Tami Nuraini  
[2026-08-19 03:25:22] local.INFO: Sending notification to user: 3 - Adiarja Haryanto  
[2026-08-19 03:25:22] local.INFO: Sending notification to user: 4 - Puji Hastuti  
[2026-08-19 03:25:22] local.INFO: Sending notification to user: 5 - Martani Thamrin S.Pt  
[2026-08-19 03:25:22] local.INFO: Sending notification to user: 6 - Test User  
[2026-08-19 03:25:45] local.ERROR: Uncaught ReflectionException: Class "App\Models\ItemPenjualanPolicy" does not exist in Command line code:1
Stack trace:
#0 Command line code(1): ReflectionClass->__construct('App\\Models\\Item...')
#1 [internal function]: {closure:Command line code:1}('App\\Models\\Item...', 'App\\Models\\Item...')
#2 Command line code(1): array_map(Object(Closure), Array, Array)
#3 {main}
  thrown {"exception":"[object] (Symfony\\Component\\ErrorHandler\\Error\\FatalError(code: 0): Uncaught ReflectionException: Class \"App\\Models\\ItemPenjualanPolicy\" does not exist in Command line code:1
Stack trace:
#0 Command line code(1): ReflectionClass->__construct('App\\\\Models\\\\Item...')
#1 [internal function]: {closure:Command line code:1}('App\\\\Models\\\\Item...', 'App\\\\Models\\\\Item...')
#2 Command line code(1): array_map(Object(Closure), Array, Array)
#3 {main}
  thrown at Command line code:1)
[stacktrace]
#0 {main}
"} 
[2026-08-19 03:26:13] local.INFO: User ID: 1  
[2026-08-19 03:26:13] local.INFO: Notifications count: 1  
[2026-08-19 03:26:13] local.INFO: Unread count: 1  
[2026-08-19 03:26:18] local.INFO: User ID: 1  
[2026-08-19 03:26:18] local.INFO: Notifications count: 1  
[2026-08-19 03:26:18] local.INFO: Unread count: 0  
[2026-08-19 03:26:45] local.ERROR: Uncaught ReflectionException: Class "App\Models\ItemPenjualanPolicy" does not exist in Command line code:1
Stack trace:
#0 Command line code(1): ReflectionClass->__construct('App\\Models\\Item...')
#1 [internal function]: {closure:Command line code:1}('App\\Models\\Item...', 'App\\Models\\Item...')
#2 Command line code(1): array_map(Object(Closure), Array, Array)
#3 {main}
  thrown {"exception":"[object] (Symfony\\Component\\ErrorHandler\\Error\\FatalError(code: 0): Uncaught ReflectionException: Class \"App\\Models\\ItemPenjualanPolicy\" does not exist in Command line code:1
Stack trace:
#0 Command line code(1): ReflectionClass->__construct('App\\\\Models\\\\Item...')
#1 [internal function]: {closure:Command line code:1}('App\\\\Models\\\\Item...', 'App\\\\Models\\\\Item...')
#2 Command line code(1): array_map(Object(Closure), Array, Array)
#3 {main}
  thrown at Command line code:1)
[stacktrace]
#0 {main}
"} 
[2026-08-19 03:27:45] local.ERROR: Uncaught ReflectionException: Class "App\Models\ItemPenjualanPolicy" does not exist in Command line code:1
Stack trace:
#0 Command line code(1): ReflectionClass->__construct('App\\Models\\Item...')
#1 [internal function]: {closure:Command line code:1}('App\\Models\\Item...', 'App\\Models\\Item...')
#2 Command line code(1): array_map(Object(Closure), Array, Array)
#3 {main}
  thrown {"exception":"[object] (Symfony\\Component\\ErrorHandler\\Error\\FatalError(code: 0): Uncaught ReflectionException: Class \"App\\Models\\ItemPenjualanPolicy\" does not exist in Command line code:1
Stack trace:
#0 Command line code(1): ReflectionClass->__construct('App\\\\Models\\\\Item...')
#1 [internal function]: {closure:Command line code:1}('App\\\\Models\\\\Item...', 'App\\\\Models\\\\Item...')
#2 Command line code(1): array_map(Object(Closure), Array, Array)
#3 {main}
  thrown at Command line code:1)
[stacktrace]
#0 {main}
"} 
[2026-08-19 03:28:45] local.ERROR: Uncaught ReflectionException: Class "App\Models\ItemPenjualanPolicy" does not exist in Command line code:1
Stack trace:
#0 Command line code(1): ReflectionClass->__construct('App\\Models\\Item...')
#1 [internal function]: {closure:Command line code:1}('App\\Models\\Item...', 'App\\Models\\Item...')
#2 Command line code(1): array_map(Object(Closure), Array, Array)
#3 {main}
  thrown {"exception":"[object] (Symfony\\Component\\ErrorHandler\\Error\\FatalError(code: 0): Uncaught ReflectionException: Class \"App\\Models\\ItemPenjualanPolicy\" does not exist in Command line code:1
Stack trace:
#0 Command line code(1): ReflectionClass->__construct('App\\\\Models\\\\Item...')
#1 [internal function]: {closure:Command line code:1}('App\\\\Models\\\\Item...', 'App\\\\Models\\\\Item...')
#2 Command line code(1): array_map(Object(Closure), Array, Array)
#3 {main}
  thrown at Command line code:1)
[stacktrace]
#0 {main}
"} 
[2026-08-19 03:29:45] local.ERROR: Uncaught ReflectionException: Class "App\Models\ItemPenjualanPolicy" does not exist in Command line code:1
Stack trace:
#0 Command line code(1): ReflectionClass->__construct('App\\Models\\Item...')
#1 [internal function]: {closure:Command line code:1}('App\\Models\\Item...', 'App\\Models\\Item...')
#2 Command line code(1): array_map(Object(Closure), Array, Array)
#3 {main}
  thrown {"exception":"[object] (Symfony\\Component\\ErrorHandler\\Error\\FatalError(code: 0): Uncaught ReflectionException: Class \"App\\Models\\ItemPenjualanPolicy\" does not exist in Command line code:1
Stack trace:
#0 Command line code(1): ReflectionClass->__construct('App\\\\Models\\\\Item...')
#1 [internal function]: {closure:Command line code:1}('App\\\\Models\\\\Item...', 'App\\\\Models\\\\Item...')
#2 Command line code(1): array_map(Object(Closure), Array, Array)
#3 {main}
  thrown at Command line code:1)
[stacktrace]
#0 {main}
"} 
[2026-08-19 03:30:46] local.ERROR: Uncaught ReflectionException: Class "App\Models\ItemPenjualanPolicy" does not exist in Command line code:1
Stack trace:
#0 Command line code(1): ReflectionClass->__construct('App\\Models\\Item...')
#1 [internal function]: {closure:Command line code:1}('App\\Models\\Item...', 'App\\Models\\Item...')
#2 Command line code(1): array_map(Object(Closure), Array, Array)
#3 {main}
  thrown {"exception":"[object] (Symfony\\Component\\ErrorHandler\\Error\\FatalError(code: 0): Uncaught ReflectionException: Class \"App\\Models\\ItemPenjualanPolicy\" does not exist in Command line code:1
Stack trace:
#0 Command line code(1): ReflectionClass->__construct('App\\\\Models\\\\Item...')
#1 [internal function]: {closure:Command line code:1}('App\\\\Models\\\\Item...', 'App\\\\Models\\\\Item...')
#2 Command line code(1): array_map(Object(Closure), Array, Array)
#3 {main}
  thrown at Command line code:1)
[stacktrace]
#0 {main}
"} 
[2026-08-19 03:31:45] local.ERROR: Uncaught ReflectionException: Class "App\Models\ItemPenjualanPolicy" does not exist in Command line code:1
Stack trace:
#0 Command line code(1): ReflectionClass->__construct('App\\Models\\Item...')
#1 [internal function]: {closure:Command line code:1}('App\\Models\\Item...', 'App\\Models\\Item...')
#2 Command line code(1): array_map(Object(Closure), Array, Array)
#3 {main}
  thrown {"exception":"[object] (Symfony\\Component\\ErrorHandler\\Error\\FatalError(code: 0): Uncaught ReflectionException: Class \"App\\Models\\ItemPenjualanPolicy\" does not exist in Command line code:1
Stack trace:
#0 Command line code(1): ReflectionClass->__construct('App\\\\Models\\\\Item...')
#1 [internal function]: {closure:Command line code:1}('App\\\\Models\\\\Item...', 'App\\\\Models\\\\Item...')
#2 Command line code(1): array_map(Object(Closure), Array, Array)
#3 {main}
  thrown at Command line code:1)
[stacktrace]
#0 {main}
"} 
[2026-08-19 03:32:45] local.ERROR: Uncaught ReflectionException: Class "App\Models\ItemPenjualanPolicy" does not exist in Command line code:1
Stack trace:
#0 Command line code(1): ReflectionClass->__construct('App\\Models\\Item...')
#1 [internal function]: {closure:Command line code:1}('App\\Models\\Item...', 'App\\Models\\Item...')
#2 Command line code(1): array_map(Object(Closure), Array, Array)
#3 {main}
  thrown {"exception":"[object] (Symfony\\Component\\ErrorHandler\\Error\\FatalError(code: 0): Uncaught ReflectionException: Class \"App\\Models\\ItemPenjualanPolicy\" does not exist in Command line code:1
Stack trace:
#0 Command line code(1): ReflectionClass->__construct('App\\\\Models\\\\Item...')
#1 [internal function]: {closure:Command line code:1}('App\\\\Models\\\\Item...', 'App\\\\Models\\\\Item...')
#2 Command line code(1): array_map(Object(Closure), Array, Array)
#3 {main}
  thrown at Command line code:1)
[stacktrace]
#0 {main}
"} 
[2026-08-19 03:33:45] local.ERROR: Uncaught ReflectionException: Class "App\Models\ItemPenjualanPolicy" does not exist in Command line code:1
Stack trace:
#0 Command line code(1): ReflectionClass->__construct('App\\Models\\Item...')
#1 [internal function]: {closure:Command line code:1}('App\\Models\\Item...', 'App\\Models\\Item...')
#2 Command line code(1): array_map(Object(Closure), Array, Array)
#3 {main}
  thrown {"exception":"[object] (Symfony\\Component\\ErrorHandler\\Error\\FatalError(code: 0): Uncaught ReflectionException: Class \"App\\Models\\ItemPenjualanPolicy\" does not exist in Command line code:1
Stack trace:
#0 Command line code(1): ReflectionClass->__construct('App\\\\Models\\\\Item...')
#1 [internal function]: {closure:Command line code:1}('App\\\\Models\\\\Item...', 'App\\\\Models\\\\Item...')
#2 Command line code(1): array_map(Object(Closure), Array, Array)
#3 {main}
  thrown at Command line code:1)
[stacktrace]
#0 {main}
"} 
[2026-08-19 03:34:45] local.ERROR: Uncaught ReflectionException: Class "App\Models\ItemPenjualanPolicy" does not exist in Command line code:1
Stack trace:
#0 Command line code(1): ReflectionClass->__construct('App\\Models\\Item...')
#1 [internal function]: {closure:Command line code:1}('App\\Models\\Item...', 'App\\Models\\Item...')
#2 Command line code(1): array_map(Object(Closure), Array, Array)
#3 {main}
  thrown {"exception":"[object] (Symfony\\Component\\ErrorHandler\\Error\\FatalError(code: 0): Uncaught ReflectionException: Class \"App\\Models\\ItemPenjualanPolicy\" does not exist in Command line code:1
Stack trace:
#0 Command line code(1): ReflectionClass->__construct('App\\\\Models\\\\Item...')
#1 [internal function]: {closure:Command line code:1}('App\\\\Models\\\\Item...', 'App\\\\Models\\\\Item...')
#2 Command line code(1): array_map(Object(Closure), Array, Array)
#3 {main}
  thrown at Command line code:1)
[stacktrace]
#0 {main}
"} 
[2026-08-19 03:35:45] local.ERROR: Uncaught ReflectionException: Class "App\Models\ItemPenjualanPolicy" does not exist in Command line code:1
Stack trace:
#0 Command line code(1): ReflectionClass->__construct('App\\Models\\Item...')
#1 [internal function]: {closure:Command line code:1}('App\\Models\\Item...', 'App\\Models\\Item...')
#2 Command line code(1): array_map(Object(Closure), Array, Array)
#3 {main}
  thrown {"exception":"[object] (Symfony\\Component\\ErrorHandler\\Error\\FatalError(code: 0): Uncaught ReflectionException: Class \"App\\Models\\ItemPenjualanPolicy\" does not exist in Command line code:1
Stack trace:
#0 Command line code(1): ReflectionClass->__construct('App\\\\Models\\\\Item...')
#1 [internal function]: {closure:Command line code:1}('App\\\\Models\\\\Item...', 'App\\\\Models\\\\Item...')
#2 Command line code(1): array_map(Object(Closure), Array, Array)
#3 {main}
  thrown at Command line code:1)
[stacktrace]
#0 {main}
"} 
[2026-08-19 03:36:45] local.ERROR: Uncaught ReflectionException: Class "App\Models\ItemPenjualanPolicy" does not exist in Command line code:1
Stack trace:
#0 Command line code(1): ReflectionClass->__construct('App\\Models\\Item...')
#1 [internal function]: {closure:Command line code:1}('App\\Models\\Item...', 'App\\Models\\Item...')
#2 Command line code(1): array_map(Object(Closure), Array, Array)
#3 {main}
  thrown {"exception":"[object] (Symfony\\Component\\ErrorHandler\\Error\\FatalError(code: 0): Uncaught ReflectionException: Class \"App\\Models\\ItemPenjualanPolicy\" does not exist in Command line code:1
Stack trace:
#0 Command line code(1): ReflectionClass->__construct('App\\\\Models\\\\Item...')
#1 [internal function]: {closure:Command line code:1}('App\\\\Models\\\\Item...', 'App\\\\Models\\\\Item...')
#2 Command line code(1): array_map(Object(Closure), Array, Array)
#3 {main}
  thrown at Command line code:1)
[stacktrace]
#0 {main}
"} 
[2026-08-19 03:37:45] local.ERROR: Uncaught ReflectionException: Class "App\Models\ItemPenjualanPolicy" does not exist in Command line code:1
Stack trace:
#0 Command line code(1): ReflectionClass->__construct('App\\Models\\Item...')
#1 [internal function]: {closure:Command line code:1}('App\\Models\\Item...', 'App\\Models\\Item...')
#2 Command line code(1): array_map(Object(Closure), Array, Array)
#3 {main}
  thrown {"exception":"[object] (Symfony\\Component\\ErrorHandler\\Error\\FatalError(code: 0): Uncaught ReflectionException: Class \"App\\Models\\ItemPenjualanPolicy\" does not exist in Command line code:1
Stack trace:
#0 Command line code(1): ReflectionClass->__construct('App\\\\Models\\\\Item...')
#1 [internal function]: {closure:Command line code:1}('App\\\\Models\\\\Item...', 'App\\\\Models\\\\Item...')
#2 Command line code(1): array_map(Object(Closure), Array, Array)
#3 {main}
  thrown at Command line code:1)
[stacktrace]
#0 {main}
"} 
[2026-08-19 03:38:45] local.ERROR: Uncaught ReflectionException: Class "App\Models\ItemPenjualanPolicy" does not exist in Command line code:1
Stack trace:
#0 Command line code(1): ReflectionClass->__construct('App\\Models\\Item...')
#1 [internal function]: {closure:Command line code:1}('App\\Models\\Item...', 'App\\Models\\Item...')
#2 Command line code(1): array_map(Object(Closure), Array, Array)
#3 {main}
  thrown {"exception":"[object] (Symfony\\Component\\ErrorHandler\\Error\\FatalError(code: 0): Uncaught ReflectionException: Class \"App\\Models\\ItemPenjualanPolicy\" does not exist in Command line code:1
Stack trace:
#0 Command line code(1): ReflectionClass->__construct('App\\\\Models\\\\Item...')
#1 [internal function]: {closure:Command line code:1}('App\\\\Models\\\\Item...', 'App\\\\Models\\\\Item...')
#2 Command line code(1): array_map(Object(Closure), Array, Array)
#3 {main}
  thrown at Command line code:1)
[stacktrace]
#0 {main}
"} 
[2026-08-19 03:39:45] local.ERROR: Uncaught ReflectionException: Class "App\Models\ItemPenjualanPolicy" does not exist in Command line code:1
Stack trace:
#0 Command line code(1): ReflectionClass->__construct('App\\Models\\Item...')
#1 [internal function]: {closure:Command line code:1}('App\\Models\\Item...', 'App\\Models\\Item...')
#2 Command line code(1): array_map(Object(Closure), Array, Array)
#3 {main}
  thrown {"exception":"[object] (Symfony\\Component\\ErrorHandler\\Error\\FatalError(code: 0): Uncaught ReflectionException: Class \"App\\Models\\ItemPenjualanPolicy\" does not exist in Command line code:1
Stack trace:
#0 Command line code(1): ReflectionClass->__construct('App\\\\Models\\\\Item...')
#1 [internal function]: {closure:Command line code:1}('App\\\\Models\\\\Item...', 'App\\\\Models\\\\Item...')
#2 Command line code(1): array_map(Object(Closure), Array, Array)
#3 {main}
  thrown at Command line code:1)
[stacktrace]
#0 {main}
"} 
[2026-08-19 03:40:45] local.ERROR: Uncaught ReflectionException: Class "App\Models\ItemPenjualanPolicy" does not exist in Command line code:1
Stack trace:
#0 Command line code(1): ReflectionClass->__construct('App\\Models\\Item...')
#1 [internal function]: {closure:Command line code:1}('App\\Models\\Item...', 'App\\Models\\Item...')
#2 Command line code(1): array_map(Object(Closure), Array, Array)
#3 {main}
  thrown {"exception":"[object] (Symfony\\Component\\ErrorHandler\\Error\\FatalError(code: 0): Uncaught ReflectionException: Class \"App\\Models\\ItemPenjualanPolicy\" does not exist in Command line code:1
Stack trace:
#0 Command line code(1): ReflectionClass->__construct('App\\\\Models\\\\Item...')
#1 [internal function]: {closure:Command line code:1}('App\\\\Models\\\\Item...', 'App\\\\Models\\\\Item...')
#2 Command line code(1): array_map(Object(Closure), Array, Array)
#3 {main}
  thrown at Command line code:1)
[stacktrace]
#0 {main}
"} 
[2026-08-19 03:41:45] local.ERROR: Uncaught ReflectionException: Class "App\Models\ItemPenjualanPolicy" does not exist in Command line code:1
Stack trace:
#0 Command line code(1): ReflectionClass->__construct('App\\Models\\Item...')
#1 [internal function]: {closure:Command line code:1}('App\\Models\\Item...', 'App\\Models\\Item...')
#2 Command line code(1): array_map(Object(Closure), Array, Array)
#3 {main}
  thrown {"exception":"[object] (Symfony\\Component\\ErrorHandler\\Error\\FatalError(code: 0): Uncaught ReflectionException: Class \"App\\Models\\ItemPenjualanPolicy\" does not exist in Command line code:1
Stack trace:
#0 Command line code(1): ReflectionClass->__construct('App\\\\Models\\\\Item...')
#1 [internal function]: {closure:Command line code:1}('App\\\\Models\\\\Item...', 'App\\\\Models\\\\Item...')
#2 Command line code(1): array_map(Object(Closure), Array, Array)
#3 {main}
  thrown at Command line code:1)
[stacktrace]
#0 {main}
"} 
[2026-08-19 03:42:45] local.ERROR: Uncaught ReflectionException: Class "App\Models\ItemPenjualanPolicy" does not exist in Command line code:1
Stack trace:
#0 Command line code(1): ReflectionClass->__construct('App\\Models\\Item...')
#1 [internal function]: {closure:Command line code:1}('App\\Models\\Item...', 'App\\Models\\Item...')
#2 Command line code(1): array_map(Object(Closure), Array, Array)
#3 {main}
  thrown {"exception":"[object] (Symfony\\Component\\ErrorHandler\\Error\\FatalError(code: 0): Uncaught ReflectionException: Class \"App\\Models\\ItemPenjualanPolicy\" does not exist in Command line code:1
Stack trace:
#0 Command line code(1): ReflectionClass->__construct('App\\\\Models\\\\Item...')
#1 [internal function]: {closure:Command line code:1}('App\\\\Models\\\\Item...', 'App\\\\Models\\\\Item...')
#2 Command line code(1): array_map(Object(Closure), Array, Array)
#3 {main}
  thrown at Command line code:1)
[stacktrace]
#0 {main}
"} 
[2026-08-19 03:43:45] local.ERROR: Uncaught ReflectionException: Class "App\Models\ItemPenjualanPolicy" does not exist in Command line code:1
Stack trace:
#0 Command line code(1): ReflectionClass->__construct('App\\Models\\Item...')
#1 [internal function]: {closure:Command line code:1}('App\\Models\\Item...', 'App\\Models\\Item...')
#2 Command line code(1): array_map(Object(Closure), Array, Array)
#3 {main}
  thrown {"exception":"[object] (Symfony\\Component\\ErrorHandler\\Error\\FatalError(code: 0): Uncaught ReflectionException: Class \"App\\Models\\ItemPenjualanPolicy\" does not exist in Command line code:1
Stack trace:
#0 Command line code(1): ReflectionClass->__construct('App\\\\Models\\\\Item...')
#1 [internal function]: {closure:Command line code:1}('App\\\\Models\\\\Item...', 'App\\\\Models\\\\Item...')
#2 Command line code(1): array_map(Object(Closure), Array, Array)
#3 {main}
  thrown at Command line code:1)
[stacktrace]
#0 {main}
"} 
[2026-08-19 03:44:45] local.ERROR: Uncaught ReflectionException: Class "App\Models\ItemPenjualanPolicy" does not exist in Command line code:1
Stack trace:
#0 Command line code(1): ReflectionClass->__construct('App\\Models\\Item...')
#1 [internal function]: {closure:Command line code:1}('App\\Models\\Item...', 'App\\Models\\Item...')
#2 Command line code(1): array_map(Object(Closure), Array, Array)
#3 {main}
  thrown {"exception":"[object] (Symfony\\Component\\ErrorHandler\\Error\\FatalError(code: 0): Uncaught ReflectionException: Class \"App\\Models\\ItemPenjualanPolicy\" does not exist in Command line code:1
Stack trace:
#0 Command line code(1): ReflectionClass->__construct('App\\\\Models\\\\Item...')
#1 [internal function]: {closure:Command line code:1}('App\\\\Models\\\\Item...', 'App\\\\Models\\\\Item...')
#2 Command line code(1): array_map(Object(Closure), Array, Array)
#3 {main}
  thrown at Command line code:1)
[stacktrace]
#0 {main}
"} 
[2026-08-19 03:45:45] local.ERROR: Uncaught ReflectionException: Class "App\Models\ItemPenjualanPolicy" does not exist in Command line code:1
Stack trace:
#0 Command line code(1): ReflectionClass->__construct('App\\Models\\Item...')
#1 [internal function]: {closure:Command line code:1}('App\\Models\\Item...', 'App\\Models\\Item...')
#2 Command line code(1): array_map(Object(Closure), Array, Array)
#3 {main}
  thrown {"exception":"[object] (Symfony\\Component\\ErrorHandler\\Error\\FatalError(code: 0): Uncaught ReflectionException: Class \"App\\Models\\ItemPenjualanPolicy\" does not exist in Command line code:1
Stack trace:
#0 Command line code(1): ReflectionClass->__construct('App\\\\Models\\\\Item...')
#1 [internal function]: {closure:Command line code:1}('App\\\\Models\\\\Item...', 'App\\\\Models\\\\Item...')
#2 Command line code(1): array_map(Object(Closure), Array, Array)
#3 {main}
  thrown at Command line code:1)
[stacktrace]
#0 {main}
"} 
[2026-08-19 03:46:45] local.ERROR: Uncaught ReflectionException: Class "App\Models\ItemPenjualanPolicy" does not exist in Command line code:1
Stack trace:
#0 Command line code(1): ReflectionClass->__construct('App\\Models\\Item...')
#1 [internal function]: {closure:Command line code:1}('App\\Models\\Item...', 'App\\Models\\Item...')
#2 Command line code(1): array_map(Object(Closure), Array, Array)
#3 {main}
  thrown {"exception":"[object] (Symfony\\Component\\ErrorHandler\\Error\\FatalError(code: 0): Uncaught ReflectionException: Class \"App\\Models\\ItemPenjualanPolicy\" does not exist in Command line code:1
Stack trace:
#0 Command line code(1): ReflectionClass->__construct('App\\\\Models\\\\Item...')
#1 [internal function]: {closure:Command line code:1}('App\\\\Models\\\\Item...', 'App\\\\Models\\\\Item...')
#2 Command line code(1): array_map(Object(Closure), Array, Array)
#3 {main}
  thrown at Command line code:1)
[stacktrace]
#0 {main}
"} 
[2026-08-19 03:47:45] local.ERROR: Uncaught ReflectionException: Class "App\Models\ItemPenjualanPolicy" does not exist in Command line code:1
Stack trace:
#0 Command line code(1): ReflectionClass->__construct('App\\Models\\Item...')
#1 [internal function]: {closure:Command line code:1}('App\\Models\\Item...', 'App\\Models\\Item...')
#2 Command line code(1): array_map(Object(Closure), Array, Array)
#3 {main}
  thrown {"exception":"[object] (Symfony\\Component\\ErrorHandler\\Error\\FatalError(code: 0): Uncaught ReflectionException: Class \"App\\Models\\ItemPenjualanPolicy\" does not exist in Command line code:1
Stack trace:
#0 Command line code(1): ReflectionClass->__construct('App\\\\Models\\\\Item...')
#1 [internal function]: {closure:Command line code:1}('App\\\\Models\\\\Item...', 'App\\\\Models\\\\Item...')
#2 Command line code(1): array_map(Object(Closure), Array, Array)
#3 {main}
  thrown at Command line code:1)
[stacktrace]
#0 {main}
"} 
[2026-08-19 03:48:45] local.ERROR: Uncaught ReflectionException: Class "App\Models\ItemPenjualanPolicy" does not exist in Command line code:1
Stack trace:
#0 Command line code(1): ReflectionClass->__construct('App\\Models\\Item...')
#1 [internal function]: {closure:Command line code:1}('App\\Models\\Item...', 'App\\Models\\Item...')
#2 Command line code(1): array_map(Object(Closure), Array, Array)
#3 {main}
  thrown {"exception":"[object] (Symfony\\Component\\ErrorHandler\\Error\\FatalError(code: 0): Uncaught ReflectionException: Class \"App\\Models\\ItemPenjualanPolicy\" does not exist in Command line code:1
Stack trace:
#0 Command line code(1): ReflectionClass->__construct('App\\\\Models\\\\Item...')
#1 [internal function]: {closure:Command line code:1}('App\\\\Models\\\\Item...', 'App\\\\Models\\\\Item...')
#2 Command line code(1): array_map(Object(Closure), Array, Array)
#3 {main}
  thrown at Command line code:1)
[stacktrace]
#0 {main}
"} 
[2026-08-19 03:49:45] local.ERROR: Uncaught ReflectionException: Class "App\Models\ItemPenjualanPolicy" does not exist in Command line code:1
Stack trace:
#0 Command line code(1): ReflectionClass->__construct('App\\Models\\Item...')
#1 [internal function]: {closure:Command line code:1}('App\\Models\\Item...', 'App\\Models\\Item...')
#2 Command line code(1): array_map(Object(Closure), Array, Array)
#3 {main}
  thrown {"exception":"[object] (Symfony\\Component\\ErrorHandler\\Error\\FatalError(code: 0): Uncaught ReflectionException: Class \"App\\Models\\ItemPenjualanPolicy\" does not exist in Command line code:1
Stack trace:
#0 Command line code(1): ReflectionClass->__construct('App\\\\Models\\\\Item...')
#1 [internal function]: {closure:Command line code:1}('App\\\\Models\\\\Item...', 'App\\\\Models\\\\Item...')
#2 Command line code(1): array_map(Object(Closure), Array, Array)
#3 {main}
  thrown at Command line code:1)
[stacktrace]
#0 {main}
"} 
[2026-08-19 03:50:45] local.ERROR: Uncaught ReflectionException: Class "App\Models\ItemPenjualanPolicy" does not exist in Command line code:1
Stack trace:
#0 Command line code(1): ReflectionClass->__construct('App\\Models\\Item...')
#1 [internal function]: {closure:Command line code:1}('App\\Models\\Item...', 'App\\Models\\Item...')
#2 Command line code(1): array_map(Object(Closure), Array, Array)
#3 {main}
  thrown {"exception":"[object] (Symfony\\Component\\ErrorHandler\\Error\\FatalError(code: 0): Uncaught ReflectionException: Class \"App\\Models\\ItemPenjualanPolicy\" does not exist in Command line code:1
Stack trace:
#0 Command line code(1): ReflectionClass->__construct('App\\\\Models\\\\Item...')
#1 [internal function]: {closure:Command line code:1}('App\\\\Models\\\\Item...', 'App\\\\Models\\\\Item...')
#2 Command line code(1): array_map(Object(Closure), Array, Array)
#3 {main}
  thrown at Command line code:1)
[stacktrace]
#0 {main}
"} 
[2026-08-19 03:51:45] local.ERROR: Uncaught ReflectionException: Class "App\Models\ItemPenjualanPolicy" does not exist in Command line code:1
Stack trace:
#0 Command line code(1): ReflectionClass->__construct('App\\Models\\Item...')
#1 [internal function]: {closure:Command line code:1}('App\\Models\\Item...', 'App\\Models\\Item...')
#2 Command line code(1): array_map(Object(Closure), Array, Array)
#3 {main}
  thrown {"exception":"[object] (Symfony\\Component\\ErrorHandler\\Error\\FatalError(code: 0): Uncaught ReflectionException: Class \"App\\Models\\ItemPenjualanPolicy\" does not exist in Command line code:1
Stack trace:
#0 Command line code(1): ReflectionClass->__construct('App\\\\Models\\\\Item...')
#1 [internal function]: {closure:Command line code:1}('App\\\\Models\\\\Item...', 'App\\\\Models\\\\Item...')
#2 Command line code(1): array_map(Object(Closure), Array, Array)
#3 {main}
  thrown at Command line code:1)
[stacktrace]
#0 {main}
"} 
[2026-08-19 03:52:45] local.ERROR: Uncaught ReflectionException: Class "App\Models\ItemPenjualanPolicy" does not exist in Command line code:1
Stack trace:
#0 Command line code(1): ReflectionClass->__construct('App\\Models\\Item...')
#1 [internal function]: {closure:Command line code:1}('App\\Models\\Item...', 'App\\Models\\Item...')
#2 Command line code(1): array_map(Object(Closure), Array, Array)
#3 {main}
  thrown {"exception":"[object] (Symfony\\Component\\ErrorHandler\\Error\\FatalError(code: 0): Uncaught ReflectionException: Class \"App\\Models\\ItemPenjualanPolicy\" does not exist in Command line code:1
Stack trace:
#0 Command line code(1): ReflectionClass->__construct('App\\\\Models\\\\Item...')
#1 [internal function]: {closure:Command line code:1}('App\\\\Models\\\\Item...', 'App\\\\Models\\\\Item...')
#2 Command line code(1): array_map(Object(Closure), Array, Array)
#3 {main}
  thrown at Command line code:1)
[stacktrace]
#0 {main}
"} 
[2026-08-19 03:53:45] local.ERROR: Uncaught ReflectionException: Class "App\Models\ItemPenjualanPolicy" does not exist in Command line code:1
Stack trace:
#0 Command line code(1): ReflectionClass->__construct('App\\Models\\Item...')
#1 [internal function]: {closure:Command line code:1}('App\\Models\\Item...', 'App\\Models\\Item...')
#2 Command line code(1): array_map(Object(Closure), Array, Array)
#3 {main}
  thrown {"exception":"[object] (Symfony\\Component\\ErrorHandler\\Error\\FatalError(code: 0): Uncaught ReflectionException: Class \"App\\Models\\ItemPenjualanPolicy\" does not exist in Command line code:1
Stack trace:
#0 Command line code(1): ReflectionClass->__construct('App\\\\Models\\\\Item...')
#1 [internal function]: {closure:Command line code:1}('App\\\\Models\\\\Item...', 'App\\\\Models\\\\Item...')
#2 Command line code(1): array_map(Object(Closure), Array, Array)
#3 {main}
  thrown at Command line code:1)
[stacktrace]
#0 {main}
"} 
[2026-08-19 03:54:45] local.ERROR: Uncaught ReflectionException: Class "App\Models\ItemPenjualanPolicy" does not exist in Command line code:1
Stack trace:
#0 Command line code(1): ReflectionClass->__construct('App\\Models\\Item...')
#1 [internal function]: {closure:Command line code:1}('App\\Models\\Item...', 'App\\Models\\Item...')
#2 Command line code(1): array_map(Object(Closure), Array, Array)
#3 {main}
  thrown {"exception":"[object] (Symfony\\Component\\ErrorHandler\\Error\\FatalError(code: 0): Uncaught ReflectionException: Class \"App\\Models\\ItemPenjualanPolicy\" does not exist in Command line code:1
Stack trace:
#0 Command line code(1): ReflectionClass->__construct('App\\\\Models\\\\Item...')
#1 [internal function]: {closure:Command line code:1}('App\\\\Models\\\\Item...', 'App\\\\Models\\\\Item...')
#2 Command line code(1): array_map(Object(Closure), Array, Array)
#3 {main}
  thrown at Command line code:1)
[stacktrace]
#0 {main}
"} 
[2026-08-19 03:55:45] local.ERROR: Uncaught ReflectionException: Class "App\Models\ItemPenjualanPolicy" does not exist in Command line code:1
Stack trace:
#0 Command line code(1): ReflectionClass->__construct('App\\Models\\Item...')
#1 [internal function]: {closure:Command line code:1}('App\\Models\\Item...', 'App\\Models\\Item...')
#2 Command line code(1): array_map(Object(Closure), Array, Array)
#3 {main}
  thrown {"exception":"[object] (Symfony\\Component\\ErrorHandler\\Error\\FatalError(code: 0): Uncaught ReflectionException: Class \"App\\Models\\ItemPenjualanPolicy\" does not exist in Command line code:1
Stack trace:
#0 Command line code(1): ReflectionClass->__construct('App\\\\Models\\\\Item...')
#1 [internal function]: {closure:Command line code:1}('App\\\\Models\\\\Item...', 'App\\\\Models\\\\Item...')
#2 Command line code(1): array_map(Object(Closure), Array, Array)
#3 {main}
  thrown at Command line code:1)
[stacktrace]
#0 {main}
"} 
[2026-08-19 03:56:45] local.ERROR: Uncaught ReflectionException: Class "App\Models\ItemPenjualanPolicy" does not exist in Command line code:1
Stack trace:
#0 Command line code(1): ReflectionClass->__construct('App\\Models\\Item...')
#1 [internal function]: {closure:Command line code:1}('App\\Models\\Item...', 'App\\Models\\Item...')
#2 Command line code(1): array_map(Object(Closure), Array, Array)
#3 {main}
  thrown {"exception":"[object] (Symfony\\Component\\ErrorHandler\\Error\\FatalError(code: 0): Uncaught ReflectionException: Class \"App\\Models\\ItemPenjualanPolicy\" does not exist in Command line code:1
Stack trace:
#0 Command line code(1): ReflectionClass->__construct('App\\\\Models\\\\Item...')
#1 [internal function]: {closure:Command line code:1}('App\\\\Models\\\\Item...', 'App\\\\Models\\\\Item...')
#2 Command line code(1): array_map(Object(Closure), Array, Array)
#3 {main}
  thrown at Command line code:1)
[stacktrace]
#0 {main}
"} 
[2026-08-19 03:57:45] local.ERROR: Uncaught ReflectionException: Class "App\Models\ItemPenjualanPolicy" does not exist in Command line code:1
Stack trace:
#0 Command line code(1): ReflectionClass->__construct('App\\Models\\Item...')
#1 [internal function]: {closure:Command line code:1}('App\\Models\\Item...', 'App\\Models\\Item...')
#2 Command line code(1): array_map(Object(Closure), Array, Array)
#3 {main}
  thrown {"exception":"[object] (Symfony\\Component\\ErrorHandler\\Error\\FatalError(code: 0): Uncaught ReflectionException: Class \"App\\Models\\ItemPenjualanPolicy\" does not exist in Command line code:1
Stack trace:
#0 Command line code(1): ReflectionClass->__construct('App\\\\Models\\\\Item...')
#1 [internal function]: {closure:Command line code:1}('App\\\\Models\\\\Item...', 'App\\\\Models\\\\Item...')
#2 Command line code(1): array_map(Object(Closure), Array, Array)
#3 {main}
  thrown at Command line code:1)
[stacktrace]
#0 {main}
"} 
[2026-08-19 03:58:45] local.ERROR: Uncaught ReflectionException: Class "App\Models\ItemPenjualanPolicy" does not exist in Command line code:1
Stack trace:
#0 Command line code(1): ReflectionClass->__construct('App\\Models\\Item...')
#1 [internal function]: {closure:Command line code:1}('App\\Models\\Item...', 'App\\Models\\Item...')
#2 Command line code(1): array_map(Object(Closure), Array, Array)
#3 {main}
  thrown {"exception":"[object] (Symfony\\Component\\ErrorHandler\\Error\\FatalError(code: 0): Uncaught ReflectionException: Class \"App\\Models\\ItemPenjualanPolicy\" does not exist in Command line code:1
Stack trace:
#0 Command line code(1): ReflectionClass->__construct('App\\\\Models\\\\Item...')
#1 [internal function]: {closure:Command line code:1}('App\\\\Models\\\\Item...', 'App\\\\Models\\\\Item...')
#2 Command line code(1): array_map(Object(Closure), Array, Array)
#3 {main}
  thrown at Command line code:1)
[stacktrace]
#0 {main}
"} 
[2026-08-19 03:59:45] local.ERROR: Uncaught ReflectionException: Class "App\Models\ItemPenjualanPolicy" does not exist in Command line code:1
Stack trace:
#0 Command line code(1): ReflectionClass->__construct('App\\Models\\Item...')
#1 [internal function]: {closure:Command line code:1}('App\\Models\\Item...', 'App\\Models\\Item...')
#2 Command line code(1): array_map(Object(Closure), Array, Array)
#3 {main}
  thrown {"exception":"[object] (Symfony\\Component\\ErrorHandler\\Error\\FatalError(code: 0): Uncaught ReflectionException: Class \"App\\Models\\ItemPenjualanPolicy\" does not exist in Command line code:1
Stack trace:
#0 Command line code(1): ReflectionClass->__construct('App\\\\Models\\\\Item...')
#1 [internal function]: {closure:Command line code:1}('App\\\\Models\\\\Item...', 'App\\\\Models\\\\Item...')
#2 Command line code(1): array_map(Object(Closure), Array, Array)
#3 {main}
  thrown at Command line code:1)
[stacktrace]
#0 {main}
"} 
[2026-08-19 04:00:45] local.ERROR: Uncaught ReflectionException: Class "App\Models\ItemPenjualanPolicy" does not exist in Command line code:1
Stack trace:
#0 Command line code(1): ReflectionClass->__construct('App\\Models\\Item...')
#1 [internal function]: {closure:Command line code:1}('App\\Models\\Item...', 'App\\Models\\Item...')
#2 Command line code(1): array_map(Object(Closure), Array, Array)
#3 {main}
  thrown {"exception":"[object] (Symfony\\Component\\ErrorHandler\\Error\\FatalError(code: 0): Uncaught ReflectionException: Class \"App\\Models\\ItemPenjualanPolicy\" does not exist in Command line code:1
Stack trace:
#0 Command line code(1): ReflectionClass->__construct('App\\\\Models\\\\Item...')
#1 [internal function]: {closure:Command line code:1}('App\\\\Models\\\\Item...', 'App\\\\Models\\\\Item...')
#2 Command line code(1): array_map(Object(Closure), Array, Array)
#3 {main}
  thrown at Command line code:1)
[stacktrace]
#0 {main}
"} 
[2026-08-19 04:01:45] local.ERROR: Uncaught ReflectionException: Class "App\Models\ItemPenjualanPolicy" does not exist in Command line code:1
Stack trace:
#0 Command line code(1): ReflectionClass->__construct('App\\Models\\Item...')
#1 [internal function]: {closure:Command line code:1}('App\\Models\\Item...', 'App\\Models\\Item...')
#2 Command line code(1): array_map(Object(Closure), Array, Array)
#3 {main}
  thrown {"exception":"[object] (Symfony\\Component\\ErrorHandler\\Error\\FatalError(code: 0): Uncaught ReflectionException: Class \"App\\Models\\ItemPenjualanPolicy\" does not exist in Command line code:1
Stack trace:
#0 Command line code(1): ReflectionClass->__construct('App\\\\Models\\\\Item...')
#1 [internal function]: {closure:Command line code:1}('App\\\\Models\\\\Item...', 'App\\\\Models\\\\Item...')
#2 Command line code(1): array_map(Object(Closure), Array, Array)
#3 {main}
  thrown at Command line code:1)
[stacktrace]
#0 {main}
"} 
[2026-08-19 04:02:45] local.ERROR: Uncaught ReflectionException: Class "App\Models\ItemPenjualanPolicy" does not exist in Command line code:1
Stack trace:
#0 Command line code(1): ReflectionClass->__construct('App\\Models\\Item...')
#1 [internal function]: {closure:Command line code:1}('App\\Models\\Item...', 'App\\Models\\Item...')
#2 Command line code(1): array_map(Object(Closure), Array, Array)
#3 {main}
  thrown {"exception":"[object] (Symfony\\Component\\ErrorHandler\\Error\\FatalError(code: 0): Uncaught ReflectionException: Class \"App\\Models\\ItemPenjualanPolicy\" does not exist in Command line code:1
Stack trace:
#0 Command line code(1): ReflectionClass->__construct('App\\\\Models\\\\Item...')
#1 [internal function]: {closure:Command line code:1}('App\\\\Models\\\\Item...', 'App\\\\Models\\\\Item...')
#2 Command line code(1): array_map(Object(Closure), Array, Array)
#3 {main}
  thrown at Command line code:1)
[stacktrace]
#0 {main}
"} 
[2026-08-19 04:03:19] local.ERROR: syntax error, unexpected end of file, expecting "elseif" or "else" or "endif" (View: C:\laragon\www\cadisetramadiR\resources\views\jenis\edit.blade.php) {"userId":1,"exception":"[object] (Illuminate\\View\\ViewException(code: 0): syntax error, unexpected end of file, expecting \"elseif\" or \"else\" or \"endif\" (View: C:\\laragon\\www\\cadisetramadiR\\resources\\views\\jenis\\edit.blade.php) at C:/laragon/www/cadisetramadiR/storage/framework/views/e880255643903531d51db720811868cd.php:165)
[stacktrace]
#0 C:/laragon/www/cadisetramadiR/vendor/laravel/framework/src/Illuminate/View/Engines/PhpEngine.php(59): Illuminate/View/Engines/CompilerEngine->handleViewException(Object(ParseError), 1)
#1 C:/laragon/www/cadisetramadiR/vendor/laravel/framework/src/Illuminate/View/Engines/CompilerEngine.php(76): Illuminate/View/Engines/PhpEngine->evaluatePath('C://laragon//www//...', Array)
#2 C:/laragon/www/cadisetramadiR/vendor/laravel/framework/src/Illuminate/View/View.php(208): Illuminate/View/Engines/CompilerEngine->get('C://laragon//www//...', Array)
#3 C:/laragon/www/cadisetramadiR/vendor/laravel/framework/src/Illuminate/View/View.php(191): Illuminate/View/View->getContents()
#4 C:/laragon/www/cadisetramadiR/vendor/laravel/framework/src/Illuminate/View/View.php(160): Illuminate/View/View->renderContents()
#5 C:/laragon/www/cadisetramadiR/vendor/laravel/framework/src/Illuminate/Http/Response.php(78): Illuminate/View/View->render()
#6 C:/laragon/www/cadisetramadiR/vendor/laravel/framework/src/Illuminate/Http/Response.php(34): Illuminate/Http/Response->setContent(Object(Illuminate/View/View))
#7 C:/laragon/www/cadisetramadiR/vendor/laravel/framework/src/Illuminate/Routing/Router.php(939): Illuminate/Http/Response->__construct(Object(Illuminate/View/View), 200, Array)
#8 C:/laragon/www/cadisetramadiR/vendor/laravel/framework/src/Illuminate/Routing/Router.php(906): Illuminate/Routing/Router::toResponse(Object(Illuminate/Http/Request), Object(Illuminate/View/View))
#9 C:/laragon/www/cadisetramadiR/vendor/laravel/framework/src/Illuminate/Routing/Router.php(821): Illuminate/Routing/Router->prepareResponse(Object(Illuminate/Http/Request), Object(Illuminate/View/View))
#10 C:/laragon/www/cadisetramadiR/vendor/laravel/framework/src/Illuminate/Pipeline/Pipeline.php(180): Illuminate/Routing/Router->{closure:Illuminate/Routing/Router::runRouteWithinStack():821}(Object(Illuminate/Http/Request))
#11 C:/laragon/www/cadisetramadiR/app/Http/Middleware/RoleMiddleware.php(29): Illuminate/Pipeline/Pipeline->{closure:Illuminate/Pipeline/Pipeline::prepareDestination():178}(Object(Illuminate/Http/Request))
#12 C:/laragon/www/cadisetramadiR/vendor/laravel/framework/src/Illuminate/Pipeline/Pipeline.php(219): App/Http/Middleware/RoleMiddleware->handle(Object(Illuminate/Http/Request), Object(Closure), 'admin', 'kasir')
#13 C:/laragon/www/cadisetramadiR/app/Http/Middleware/SetLanguage.php(38): Illuminate/Pipeline/Pipeline->{closure:{closure:Illuminate/Pipeline/Pipeline::carry():194}:195}(Object(Illuminate/Http/Request))
#14 C:/laragon/www/cadisetramadiR/vendor/laravel/framework/src/Illuminate/Pipeline/Pipeline.php(219): App/Http/Middleware/SetLanguage->handle(Object(Illuminate/Http/Request), Object(Closure))
#15 C:/laragon/www/cadisetramadiR/vendor/laravel/framework/src/Illuminate/Routing/Middleware/SubstituteBindings.php(50): Illuminate/Pipeline/Pipeline->{closure:{closure:Illuminate/Pipeline/Pipeline::carry():194}:195}(Object(Illuminate/Http/Request))
#16 C:/laragon/www/cadisetramadiR/vendor/laravel/framework/src/Illuminate/Pipeline/Pipeline.php(219): Illuminate/Routing/Middleware/SubstituteBindings->handle(Object(Illuminate/Http/Request), Object(Closure))
#17 C:/laragon/www/cadisetramadiR/vendor/laravel/framework/src/Illuminate/Auth/Middleware/Authenticate.php(63): Illuminate/Pipeline/Pipeline->{closure:{closure:Illuminate/Pipeline/Pipeline::carry():194}:195}(Object(Illuminate/Http/Request))
#18 C:/laragon/www/cadisetramadiR/vendor/laravel/framework/src/Illuminate/Pipeline/Pipeline.php(219): Illuminate/Auth/Middleware/Authenticate->handle(Object(Illuminate/Http/Request), Object(Closure))
#19 C:/laragon/www/cadisetramadiR/vendor/laravel/framework/src/Illuminate/Foundation/Http/Middleware/VerifyCsrfToken.php(87): Illuminate/Pipeline/Pipeline->{closure:{closure:Illuminate/Pipeline/Pipeline::carry():194}:195}(Object(Illuminate/Http/Request))
#20 C:/laragon/www/cadisetramadiR/vendor/laravel/framework/src/Illuminate/Pipeline/Pipeline.php(219): Illuminate/Foundation/Http/Middleware/VerifyCsrfToken->handle(Object(Illuminate/Http/Request), Object(Closure))
#21 C:/laragon/www/cadisetramadiR/vendor/laravel/framework/src/Illuminate/View/Middleware/ShareErrorsFromSession.php(48): Illuminate/Pipeline/Pipeline->{closure:{closure:Illuminate/Pipeline/Pipeline::carry():194}:195}(Object(Illuminate/Http/Request))
#22 C:/laragon/www/cadisetramadiR/vendor/laravel/framework/src/Illuminate/Pipeline/Pipeline.php(219): Illuminate/View/Middleware/ShareErrorsFromSession->handle(Object(Illuminate/Http/Request), Object(Closure))
#23 C:/laragon/www/cadisetramadiR/vendor/laravel/framework/src/Illuminate/Session/Middleware/StartSession.php(120): Illuminate/Pipeline/Pipeline->{closure:{closure:Illuminate/Pipeline/Pipeline::carry():194}:195}(Object(Illuminate/Http/Request))
#24 C:/laragon/www/cadisetramadiR/vendor/laravel/framework/src/Illuminate/Session/Middleware/StartSession.php(63): Illuminate/Session/Middleware/StartSession->handleStatefulRequest(Object(Illuminate/Http/Request), Object(Illuminate/Session/Store), Object(Closure))
#25 C:/laragon/www/cadisetramadiR/vendor/laravel/framework/src/Illuminate/Pipeline/Pipeline.php(219): Illuminate/Session/Middleware/StartSession->handle(Object(Illuminate/Http/Request), Object(Closure))
#26 C:/laragon/www/cadisetramadiR/vendor/laravel/framework/src/Illuminate/Cookie/Middleware/AddQueuedCookiesToResponse.php(36): Illuminate/Pipeline/Pipeline->{closure:{closure:Illuminate/Pipeline/Pipeline::carry():194}:195}(Object(Illuminate/Http/Request))
#27 C:/laragon/www/cadisetramadiR/vendor/laravel/framework/src/Illuminate/Pipeline/Pipeline.php(219): Illuminate/Cookie/Middleware/AddQueuedCookiesToResponse->handle(Object(Illuminate/Http/Request), Object(Closure))
#28 C:/laragon/www/cadisetramadiR/vendor/laravel/framework/src/Illuminate/Cookie/Middleware/EncryptCookies.php(74): Illuminate/Pipeline/Pipeline->{closure:{closure:Illuminate/Pipeline/Pipeline::carry():194}:195}(Object(Illuminate/Http/Request))
#29 C:/laragon/www/cadisetramadiR/vendor/laravel/framework/src/Illuminate/Pipeline/Pipeline.php(219): Illuminate/Cookie/Middleware/EncryptCookies->handle(Object(Illuminate/Http/Request), Object(Closure))
#30 C:/laragon/www/cadisetramadiR/vendor/laravel/framework/src/Illuminate/Pipeline/Pipeline.php(137): Illuminate/Pipeline/Pipeline->{closure:{closure:Illuminate/Pipeline/Pipeline::carry():194}:195}(Object(Illuminate/Http/Request))
#31 C:/laragon/www/cadisetramadiR/vendor/laravel/framework/src/Illuminate/Routing/Router.php(821): Illuminate/Pipeline/Pipeline->then(Object(Closure))
#32 C:/laragon/www/cadisetramadiR/vendor/laravel/framework/src/Illuminate/Routing/Router.php(800): Illuminate/Routing/Router->runRouteWithinStack(Object(Illuminate/Routing/Route), Object(Illuminate/Http/Request))
#33 C:/laragon/www/cadisetramadiR/vendor/laravel/framework/src/Illuminate/Routing/Router.php(764): Illuminate/Routing/Router->runRoute(Object(Illuminate/Http/Request), Object(Illuminate/Routing/Route))
#34 C:/laragon/www/cadisetramadiR/vendor/laravel/framework/src/Illuminate/Routing/Router.php(753): Illuminate/Routing/Router->dispatchToRoute(Object(Illuminate/Http/Request))
#35 C:/laragon/www/cadisetramadiR/vendor/laravel/framework/src/Illuminate/Foundation/Http/Kernel.php(200): Illuminate/Routing/Router->dispatch(Object(Illuminate/Http/Request))
#36 C:/laragon/www/cadisetramadiR/vendor/laravel/framework/src/Illuminate/Pipeline/Pipeline.php(180): Illuminate/Foundation/Http/Kernel->{closure:Illuminate/Foundation/Http/Kernel::dispatchToRouter():197}(Object(Illuminate/Http/Request))
#37 C:/laragon/www/cadisetramadiR/vendor/laravel/framework/src/Illuminate/Foundation/Http/Middleware/TransformsRequest.php(21): Illuminate/Pipeline/Pipeline->{closure:Illuminate/Pipeline/Pipeline::prepareDestination():178}(Object(Illuminate/Http/Request))
#38 C:/laragon/www/cadisetramadiR/vendor/laravel/framework/src/Illuminate/Foundation/Http/Middleware/ConvertEmptyStringsToNull.php(31): Illuminate/Foundation/Http/Middleware/TransformsRequest->handle(Object(Illuminate/Http/Request), Object(Closure))
#39 C:/laragon/www/cadisetramadiR/vendor/laravel/framework/src/Illuminate/Pipeline/Pipeline.php(219): Illuminate/Foundation/Http/Middleware/ConvertEmptyStringsToNull->handle(Object(Illuminate/Http/Request), Object(Closure))
#40 C:/laragon/www/cadisetramadiR/vendor/laravel/framework/src/Illuminate/Foundation/Http/Middleware/TransformsRequest.php(21): Illuminate/Pipeline/Pipeline->{closure:{closure:Illuminate/Pipeline/Pipeline::carry():194}:195}(Object(Illuminate/Http/Request))
#41 C:/laragon/www/cadisetramadiR/vendor/laravel/framework/src/Illuminate/Foundation/Http/Middleware/TrimStrings.php(51): Illuminate/Foundation/Http/Middleware/TransformsRequest->handle(Object(Illuminate/Http/Request), Object(Closure))
#42 C:/laragon/www/cadisetramadiR/vendor/laravel/framework/src/Illuminate/Pipeline/Pipeline.php(219): Illuminate/Foundation/Http/Middleware/TrimStrings->handle(Object(Illuminate/Http/Request), Object(Closure))
#43 C:/laragon/www/cadisetramadiR/vendor/laravel/framework/src/Illuminate/Http/Middleware/ValidatePostSize.php(27): Illuminate/Pipeline/Pipeline->{closure:{closure:Illuminate/Pipeline/Pipeline::carry():194}:195}(Object(Illuminate/Http/Request))
#44 C:/laragon/www/cadisetramadiR/vendor/laravel/framework/src/Illuminate/Pipeline/Pipeline.php(219): Illuminate/Http/Middleware/ValidatePostSize->handle(Object(Illuminate/Http/Request), Object(Closure))
#45 C:/laragon/www/cadisetramadiR/vendor/laravel/framework/src/Illuminate/Foundation/Http/Middleware/PreventRequestsDuringMaintenance.php(109): Illuminate/Pipeline/Pipeline->{closure:{closure:Illuminate/Pipeline/Pipeline::carry():194}:195}(Object(Illuminate/Http/Request))
#46 C:/laragon/www/cadisetramadiR/vendor/laravel/framework/src/Illuminate/Pipeline/Pipeline.php(219): Illuminate/Foundation/Http/Middleware/PreventRequestsDuringMaintenance->handle(Object(Illuminate/Http/Request), Object(Closure))
#47 C:/laragon/www/cadisetramadiR/vendor/laravel/framework/src/Illuminate/Http/Middleware/HandleCors.php(61): Illuminate/Pipeline/Pipeline->{closure:{closure:Illuminate/Pipeline/Pipeline::carry():194}:195}(Object(Illuminate/Http/Request))
#48 C:/laragon/www/cadisetramadiR/vendor/laravel/framework/src/Illuminate/Pipeline/Pipeline.php(219): Illuminate/Http/Middleware/HandleCors->handle(Object(Illuminate/Http/Request), Object(Closure))
#49 C:/laragon/www/cadisetramadiR/vendor/laravel/framework/src/Illuminate/Http/Middleware/TrustProxies.php(58): Illuminate/Pipeline/Pipeline->{closure:{closure:Illuminate/Pipeline/Pipeline::carry():194}:195}(Object(Illuminate/Http/Request))
#50 C:/laragon/www/cadisetramadiR/vendor/laravel/framework/src/Illuminate/Pipeline/Pipeline.php(219): Illuminate/Http/Middleware/TrustProxies->handle(Object(Illuminate/Http/Request), Object(Closure))
#51 C:/laragon/www/cadisetramadiR/vendor/laravel/framework/src/Illuminate/Foundation/Http/Middleware/InvokeDeferredCallbacks.php(22): Illuminate/Pipeline/Pipeline->{closure:{closure:Illuminate/Pipeline/Pipeline::carry():194}:195}(Object(Illuminate/Http/Request))
#52 C:/laragon/www/cadisetramadiR/vendor/laravel/framework/src/Illuminate/Pipeline/Pipeline.php(219): Illuminate/Foundation/Http/Middleware/InvokeDeferredCallbacks->handle(Object(Illuminate/Http/Request), Object(Closure))
#53 C:/laragon/www/cadisetramadiR/vendor/laravel/framework/src/Illuminate/Http/Middleware/ValidatePathEncoding.php(26): Illuminate/Pipeline/Pipeline->{closure:{closure:Illuminate/Pipeline/Pipeline::carry():194}:195}(Object(Illuminate/Http/Request))
#54 C:/laragon/www/cadisetramadiR/vendor/laravel/framework/src/Illuminate/Pipeline/Pipeline.php(219): Illuminate/Http/Middleware/ValidatePathEncoding->handle(Object(Illuminate/Http/Request), Object(Closure))
#55 C:/laragon/www/cadisetramadiR/vendor/laravel/framework/src/Illuminate/Pipeline/Pipeline.php(137): Illuminate/Pipeline/Pipeline->{closure:{closure:Illuminate/Pipeline/Pipeline::carry():194}:195}(Object(Illuminate/Http/Request))
#56 C:/laragon/www/cadisetramadiR/vendor/laravel/framework/src/Illuminate/Foundation/Http/Kernel.php(175): Illuminate/Pipeline/Pipeline->then(Object(Closure))
#57 C:/laragon/www/cadisetramadiR/vendor/laravel/framework/src/Illuminate/Foundation/Http/Kernel.php(144): Illuminate/Foundation/Http/Kernel->sendRequestThroughRouter(Object(Illuminate/Http/Request))
#58 C:/laragon/www/cadisetramadiR/vendor/laravel/framework/src/Illuminate/Foundation/Application.php(1220): Illuminate/Foundation/Http/Kernel->handle(Object(Illuminate/Http/Request))
#59 C:/laragon/www/cadisetramadiR/public/index.php(20): Illuminate/Foundation/Application->handleRequest(Object(Illuminate/Http/Request))
#60 C:/laragon/www/cadisetramadiR/vendor/laravel/framework/src/Illuminate/Foundation/resources/server.php(23): require_once('C://laragon//www//...')
#61 {main}

[previous exception] [object] (ParseError(code: 0): syntax error, unexpected end of file, expecting \"elseif\" or \"else\" or \"endif\" at C:/laragon/www/cadisetramadiR/storage/framework/views/e880255643903531d51db720811868cd.php:165)
[stacktrace]
#0 C:/laragon/www/cadisetramadiR/vendor/laravel/framework/src/Illuminate/Filesystem/Filesystem.php(124): Illuminate/Filesystem/Filesystem::{closure:Illuminate/Filesystem/Filesystem::getRequire():120}()
#1 C:/laragon/www/cadisetramadiR/vendor/laravel/framework/src/Illuminate/View/Engines/PhpEngine.php(57): Illuminate/Filesystem/Filesystem->getRequire('C://laragon//www//...', Array)
#2 C:/laragon/www/cadisetramadiR/vendor/laravel/framework/src/Illuminate/View/Engines/CompilerEngine.php(76): Illuminate/View/Engines/PhpEngine->evaluatePath('C://laragon//www//...', Array)
#3 C:/laragon/www/cadisetramadiR/vendor/laravel/framework/src/Illuminate/View/View.php(208): Illuminate/View/Engines/CompilerEngine->get('C://laragon//www//...', Array)
#4 C:/laragon/www/cadisetramadiR/vendor/laravel/framework/src/Illuminate/View/View.php(191): Illuminate/View/View->getContents()
#5 C:/laragon/www/cadisetramadiR/vendor/laravel/framework/src/Illuminate/View/View.php(160): Illuminate/View/View->renderContents()
#6 C:/laragon/www/cadisetramadiR/vendor/laravel/framework/src/Illuminate/Http/Response.php(78): Illuminate/View/View->render()
#7 C:/laragon/www/cadisetramadiR/vendor/laravel/framework/src/Illuminate/Http/Response.php(34): Illuminate/Http/Response->setContent(Object(Illuminate/View/View))
#8 C:/laragon/www/cadisetramadiR/vendor/laravel/framework/src/Illuminate/Routing/Router.php(939): Illuminate/Http/Response->__construct(Object(Illuminate/View/View), 200, Array)
#9 C:/laragon/www/cadisetramadiR/vendor/laravel/framework/src/Illuminate/Routing/Router.php(906): Illuminate/Routing/Router::toResponse(Object(Illuminate/Http/Request), Object(Illuminate/View/View))
#10 C:/laragon/www/cadisetramadiR/vendor/laravel/framework/src/Illuminate/Routing/Router.php(821): Illuminate/Routing/Router->prepareResponse(Object(Illuminate/Http/Request), Object(Illuminate/View/View))
#11 C:/laragon/www/cadisetramadiR/vendor/laravel/framework/src/Illuminate/Pipeline/Pipeline.php(180): Illuminate/Routing/Router->{closure:Illuminate/Routing/Router::runRouteWithinStack():821}(Object(Illuminate/Http/Request))
#12 C:/laragon/www/cadisetramadiR/app/Http/Middleware/RoleMiddleware.php(29): Illuminate/Pipeline/Pipeline->{closure:Illuminate/Pipeline/Pipeline::prepareDestination():178}(Object(Illuminate/Http/Request))
#13 C:/laragon/www/cadisetramadiR/vendor/laravel/framework/src/Illuminate/Pipeline/Pipeline.php(219): App/Http/Middleware/RoleMiddleware->handle(Object(Illuminate/Http/Request), Object(Closure), 'admin', 'kasir')
#14 C:/laragon/www/cadisetramadiR/app/Http/Middleware/SetLanguage.php(38): Illuminate/Pipeline/Pipeline->{closure:{closure:Illuminate/Pipeline/Pipeline::carry():194}:195}(Object(Illuminate/Http/Request))
#15 C:/laragon/www/cadisetramadiR/vendor/laravel/framework/src/Illuminate/Pipeline/Pipeline.php(219): App/Http/Middleware/SetLanguage->handle(Object(Illuminate/Http/Request), Object(Closure))
#16 C:/laragon/www/cadisetramadiR/vendor/laravel/framework/src/Illuminate/Routing/Middleware/SubstituteBindings.php(50): Illuminate/Pipeline/Pipeline->{closure:{closure:Illuminate/Pipeline/Pipeline::carry():194}:195}(Object(Illuminate/Http/Request))
#17 C:/laragon/www/cadisetramadiR/vendor/laravel/framework/src/Illuminate/Pipeline/Pipeline.php(219): Illuminate/Routing/Middleware/SubstituteBindings->handle(Object(Illuminate/Http/Request), Object(Closure))
#18 C:/laragon/www/cadisetramadiR/vendor/laravel/framework/src/Illuminate/Auth/Middleware/Authenticate.php(63): Illuminate/Pipeline/Pipeline->{closure:{closure:Illuminate/Pipeline/Pipeline::carry():194}:195}(Object(Illuminate/Http/Request))
#19 C:/laragon/www/cadisetramadiR/vendor/laravel/framework/src/Illuminate/Pipeline/Pipeline.php(219): Illuminate/Auth/Middleware/Authenticate->handle(Object(Illuminate/Http/Request), Object(Closure))
#20 C:/laragon/www/cadisetramadiR/vendor/laravel/framework/src/Illuminate/Foundation/Http/Middleware/VerifyCsrfToken.php(87): Illuminate/Pipeline/Pipeline->{closure:{closure:Illuminate/Pipeline/Pipeline::carry():194}:195}(Object(Illuminate/Http/Request))
#21 C:/laragon/www/cadisetramadiR/vendor/laravel/framework/src/Illuminate/Pipeline/Pipeline.php(219): Illuminate/Foundation/Http/Middleware/VerifyCsrfToken->handle(Object(Illuminate/Http/Request), Object(Closure))
#22 C:/laragon/www/cadisetramadiR/vendor/laravel/framework/src/Illuminate/View/Middleware/ShareErrorsFromSession.php(48): Illuminate/Pipeline/Pipeline->{closure:{closure:Illuminate/Pipeline/Pipeline::carry():194}:195}(Object(Illuminate/Http/Request))
#23 C:/laragon/www/cadisetramadiR/vendor/laravel/framework/src/Illuminate/Pipeline/Pipeline.php(219): Illuminate/View/Middleware/ShareErrorsFromSession->handle(Object(Illuminate/Http/Request), Object(Closure))
#24 C:/laragon/www/cadisetramadiR/vendor/laravel/framework/src/Illuminate/Session/Middleware/StartSession.php(120): Illuminate/Pipeline/Pipeline->{closure:{closure:Illuminate/Pipeline/Pipeline::carry():194}:195}(Object(Illuminate/Http/Request))
#25 C:/laragon/www/cadisetramadiR/vendor/laravel/framework/src/Illuminate/Session/Middleware/StartSession.php(63): Illuminate/Session/Middleware/StartSession->handleStatefulRequest(Object(Illuminate/Http/Request), Object(Illuminate/Session/Store), Object(Closure))
#26 C:/laragon/www/cadisetramadiR/vendor/laravel/framework/src/Illuminate/Pipeline/Pipeline.php(219): Illuminate/Session/Middleware/StartSession->handle(Object(Illuminate/Http/Request), Object(Closure))
#27 C:/laragon/www/cadisetramadiR/vendor/laravel/framework/src/Illuminate/Cookie/Middleware/AddQueuedCookiesToResponse.php(36): Illuminate/Pipeline/Pipeline->{closure:{closure:Illuminate/Pipeline/Pipeline::carry():194}:195}(Object(Illuminate/Http/Request))
#28 C:/laragon/www/cadisetramadiR/vendor/laravel/framework/src/Illuminate/Pipeline/Pipeline.php(219): Illuminate/Cookie/Middleware/AddQueuedCookiesToResponse->handle(Object(Illuminate/Http/Request), Object(Closure))
#29 C:/laragon/www/cadisetramadiR/vendor/laravel/framework/src/Illuminate/Cookie/Middleware/EncryptCookies.php(74): Illuminate/Pipeline/Pipeline->{closure:{closure:Illuminate/Pipeline/Pipeline::carry():194}:195}(Object(Illuminate/Http/Request))
#30 C:/laragon/www/cadisetramadiR/vendor/laravel/framework/src/Illuminate/Pipeline/Pipeline.php(219): Illuminate/Cookie/Middleware/EncryptCookies->handle(Object(Illuminate/Http/Request), Object(Closure))
#31 C:/laragon/www/cadisetramadiR/vendor/laravel/framework/src/Illuminate/Pipeline/Pipeline.php(137): Illuminate/Pipeline/Pipeline->{closure:{closure:Illuminate/Pipeline/Pipeline::carry():194}:195}(Object(Illuminate/Http/Request))
#32 C:/laragon/www/cadisetramadiR/vendor/laravel/framework/src/Illuminate/Routing/Router.php(821): Illuminate/Pipeline/Pipeline->then(Object(Closure))
#33 C:/laragon/www/cadisetramadiR/vendor/laravel/framework/src/Illuminate/Routing/Router.php(800): Illuminate/Routing/Router->runRouteWithinStack(Object(Illuminate/Routing/Route), Object(Illuminate/Http/Request))
#34 C:/laragon/www/cadisetramadiR/vendor/laravel/framework/src/Illuminate/Routing/Router.php(764): Illuminate/Routing/Router->runRoute(Object(Illuminate/Http/Request), Object(Illuminate/Routing/Route))
#35 C:/laragon/www/cadisetramadiR/vendor/laravel/framework/src/Illuminate/Routing/Router.php(753): Illuminate/Routing/Router->dispatchToRoute(Object(Illuminate/Http/Request))
#36 C:/laragon/www/cadisetramadiR/vendor/laravel/framework/src/Illuminate/Foundation/Http/Kernel.php(200): Illuminate/Routing/Router->dispatch(Object(Illuminate/Http/Request))
#37 C:/laragon/www/cadisetramadiR/vendor/laravel/framework/src/Illuminate/Pipeline/Pipeline.php(180): Illuminate/Foundation/Http/Kernel->{closure:Illuminate/Foundation/Http/Kernel::dispatchToRouter():197}(Object(Illuminate/Http/Request))
#38 C:/laragon/www/cadisetramadiR/vendor/laravel/framework/src/Illuminate/Foundation/Http/Middleware/TransformsRequest.php(21): Illuminate/Pipeline/Pipeline->{closure:Illuminate/Pipeline/Pipeline::prepareDestination():178}(Object(Illuminate/Http/Request))
#39 C:/laragon/www/cadisetramadiR/vendor/laravel/framework/src/Illuminate/Foundation/Http/Middleware/ConvertEmptyStringsToNull.php(31): Illuminate/Foundation/Http/Middleware/TransformsRequest->handle(Object(Illuminate/Http/Request), Object(Closure))
#40 C:/laragon/www/cadisetramadiR/vendor/laravel/framework/src/Illuminate/Pipeline/Pipeline.php(219): Illuminate/Foundation/Http/Middleware/ConvertEmptyStringsToNull->handle(Object(Illuminate/Http/Request), Object(Closure))
#41 C:/laragon/www/cadisetramadiR/vendor/laravel/framework/src/Illuminate/Foundation/Http/Middleware/TransformsRequest.php(21): Illuminate/Pipeline/Pipeline->{closure:{closure:Illuminate/Pipeline/Pipeline::carry():194}:195}(Object(Illuminate/Http/Request))
#42 C:/laragon/www/cadisetramadiR/vendor/laravel/framework/src/Illuminate/Foundation/Http/Middleware/TrimStrings.php(51): Illuminate/Foundation/Http/Middleware/TransformsRequest->handle(Object(Illuminate/Http/Request), Object(Closure))
#43 C:/laragon/www/cadisetramadiR/vendor/laravel/framework/src/Illuminate/Pipeline/Pipeline.php(219): Illuminate/Foundation/Http/Middleware/TrimStrings->handle(Object(Illuminate/Http/Request), Object(Closure))
#44 C:/laragon/www/cadisetramadiR/vendor/laravel/framework/src/Illuminate/Http/Middleware/ValidatePostSize.php(27): Illuminate/Pipeline/Pipeline->{closure:{closure:Illuminate/Pipeline/Pipeline::carry():194}:195}(Object(Illuminate/Http/Request))
#45 C:/laragon/www/cadisetramadiR/vendor/laravel/framework/src/Illuminate/Pipeline/Pipeline.php(219): Illuminate/Http/Middleware/ValidatePostSize->handle(Object(Illuminate/Http/Request), Object(Closure))
#46 C:/laragon/www/cadisetramadiR/vendor/laravel/framework/src/Illuminate/Foundation/Http/Middleware/PreventRequestsDuringMaintenance.php(109): Illuminate/Pipeline/Pipeline->{closure:{closure:Illuminate/Pipeline/Pipeline::carry():194}:195}(Object(Illuminate/Http/Request))
#47 C:/laragon/www/cadisetramadiR/vendor/laravel/framework/src/Illuminate/Pipeline/Pipeline.php(219): Illuminate/Foundation/Http/Middleware/PreventRequestsDuringMaintenance->handle(Object(Illuminate/Http/Request), Object(Closure))
#48 C:/laragon/www/cadisetramadiR/vendor/laravel/framework/src/Illuminate/Http/Middleware/HandleCors.php(61): Illuminate/Pipeline/Pipeline->{closure:{closure:Illuminate/Pipeline/Pipeline::carry():194}:195}(Object(Illuminate/Http/Request))
#49 C:/laragon/www/cadisetramadiR/vendor/laravel/framework/src/Illuminate/Pipeline/Pipeline.php(219): Illuminate/Http/Middleware/HandleCors->handle(Object(Illuminate/Http/Request), Object(Closure))
#50 C:/laragon/www/cadisetramadiR/vendor/laravel/framework/src/Illuminate/Http/Middleware/TrustProxies.php(58): Illuminate/Pipeline/Pipeline->{closure:{closure:Illuminate/Pipeline/Pipeline::carry():194}:195}(Object(Illuminate/Http/Request))
#51 C:/laragon/www/cadisetramadiR/vendor/laravel/framework/src/Illuminate/Pipeline/Pipeline.php(219): Illuminate/Http/Middleware/TrustProxies->handle(Object(Illuminate/Http/Request), Object(Closure))
#52 C:/laragon/www/cadisetramadiR/vendor/laravel/framework/src/Illuminate/Foundation/Http/Middleware/InvokeDeferredCallbacks.php(22): Illuminate/Pipeline/Pipeline->{closure:{closure:Illuminate/Pipeline/Pipeline::carry():194}:195}(Object(Illuminate/Http/Request))
#53 C:/laragon/www/cadisetramadiR/vendor/laravel/framework/src/Illuminate/Pipeline/Pipeline.php(219): Illuminate/Foundation/Http/Middleware/InvokeDeferredCallbacks->handle(Object(Illuminate/Http/Request), Object(Closure))
#54 C:/laragon/www/cadisetramadiR/vendor/laravel/framework/src/Illuminate/Http/Middleware/ValidatePathEncoding.php(26): Illuminate/Pipeline/Pipeline->{closure:{closure:Illuminate/Pipeline/Pipeline::carry():194}:195}(Object(Illuminate/Http/Request))
#55 C:/laragon/www/cadisetramadiR/vendor/laravel/framework/src/Illuminate/Pipeline/Pipeline.php(219): Illuminate/Http/Middleware/ValidatePathEncoding->handle(Object(Illuminate/Http/Request), Object(Closure))
#56 C:/laragon/www/cadisetramadiR/vendor/laravel/framework/src/Illuminate/Pipeline/Pipeline.php(137): Illuminate/Pipeline/Pipeline->{closure:{closure:Illuminate/Pipeline/Pipeline::carry():194}:195}(Object(Illuminate/Http/Request))
#57 C:/laragon/www/cadisetramadiR/vendor/laravel/framework/src/Illuminate/Foundation/Http/Kernel.php(175): Illuminate/Pipeline/Pipeline->then(Object(Closure))
#58 C:/laragon/www/cadisetramadiR/vendor/laravel/framework/src/Illuminate/Foundation/Http/Kernel.php(144): Illuminate/Foundation/Http/Kernel->sendRequestThroughRouter(Object(Illuminate/Http/Request))
#59 C:/laragon/www/cadisetramadiR/vendor/laravel/framework/src/Illuminate/Foundation/Application.php(1220): Illuminate/Foundation/Http/Kernel->handle(Object(Illuminate/Http/Request))
#60 C:/laragon/www/cadisetramadiR/public/index.php(20): Illuminate/Foundation/Application->handleRequest(Object(Illuminate/Http/Request))
#61 C:/laragon/www/cadisetramadiR/vendor/laravel/framework/src/Illuminate/Foundation/resources/server.php(23): require_once('C://laragon//www//...')
#62 {main}
"} 
[2026-08-19 04:03:29] local.ERROR: syntax error, unexpected end of file, expecting "elseif" or "else" or "endif" (View: C:\laragon\www\cadisetramadiR\resources\views\jenis\edit.blade.php) {"userId":1,"exception":"[object] (Illuminate\\View\\ViewException(code: 0): syntax error, unexpected end of file, expecting \"elseif\" or \"else\" or \"endif\" (View: C:\\laragon\\www\\cadisetramadiR\\resources\\views\\jenis\\edit.blade.php) at C:/laragon/www/cadisetramadiR/storage/framework/views/e880255643903531d51db720811868cd.php:165)
[stacktrace]
#0 C:/laragon/www/cadisetramadiR/vendor/laravel/framework/src/Illuminate/View/Engines/PhpEngine.php(59): Illuminate/View/Engines/CompilerEngine->handleViewException(Object(ParseError), 1)
#1 C:/laragon/www/cadisetramadiR/vendor/laravel/framework/src/Illuminate/View/Engines/CompilerEngine.php(76): Illuminate/View/Engines/PhpEngine->evaluatePath('C://laragon//www//...', Array)
#2 C:/laragon/www/cadisetramadiR/vendor/laravel/framework/src/Illuminate/View/View.php(208): Illuminate/View/Engines/CompilerEngine->get('C://laragon//www//...', Array)
#3 C:/laragon/www/cadisetramadiR/vendor/laravel/framework/src/Illuminate/View/View.php(191): Illuminate/View/View->getContents()
#4 C:/laragon/www/cadisetramadiR/vendor/laravel/framework/src/Illuminate/View/View.php(160): Illuminate/View/View->renderContents()
#5 C:/laragon/www/cadisetramadiR/vendor/laravel/framework/src/Illuminate/Http/Response.php(78): Illuminate/View/View->render()
#6 C:/laragon/www/cadisetramadiR/vendor/laravel/framework/src/Illuminate/Http/Response.php(34): Illuminate/Http/Response->setContent(Object(Illuminate/View/View))
#7 C:/laragon/www/cadisetramadiR/vendor/laravel/framework/src/Illuminate/Routing/Router.php(939): Illuminate/Http/Response->__construct(Object(Illuminate/View/View), 200, Array)
#8 C:/laragon/www/cadisetramadiR/vendor/laravel/framework/src/Illuminate/Routing/Router.php(906): Illuminate/Routing/Router::toResponse(Object(Illuminate/Http/Request), Object(Illuminate/View/View))
#9 C:/laragon/www/cadisetramadiR/vendor/laravel/framework/src/Illuminate/Routing/Router.php(821): Illuminate/Routing/Router->prepareResponse(Object(Illuminate/Http/Request), Object(Illuminate/View/View))
#10 C:/laragon/www/cadisetramadiR/vendor/laravel/framework/src/Illuminate/Pipeline/Pipeline.php(180): Illuminate/Routing/Router->{closure:Illuminate/Routing/Router::runRouteWithinStack():821}(Object(Illuminate/Http/Request))
#11 C:/laragon/www/cadisetramadiR/app/Http/Middleware/RoleMiddleware.php(29): Illuminate/Pipeline/Pipeline->{closure:Illuminate/Pipeline/Pipeline::prepareDestination():178}(Object(Illuminate/Http/Request))
#12 C:/laragon/www/cadisetramadiR/vendor/laravel/framework/src/Illuminate/Pipeline/Pipeline.php(219): App/Http/Middleware/RoleMiddleware->handle(Object(Illuminate/Http/Request), Object(Closure), 'admin', 'kasir')
#13 C:/laragon/www/cadisetramadiR/app/Http/Middleware/SetLanguage.php(38): Illuminate/Pipeline/Pipeline->{closure:{closure:Illuminate/Pipeline/Pipeline::carry():194}:195}(Object(Illuminate/Http/Request))
#14 C:/laragon/www/cadisetramadiR/vendor/laravel/framework/src/Illuminate/Pipeline/Pipeline.php(219): App/Http/Middleware/SetLanguage->handle(Object(Illuminate/Http/Request), Object(Closure))
#15 C:/laragon/www/cadisetramadiR/vendor/laravel/framework/src/Illuminate/Routing/Middleware/SubstituteBindings.php(50): Illuminate/Pipeline/Pipeline->{closure:{closure:Illuminate/Pipeline/Pipeline::carry():194}:195}(Object(Illuminate/Http/Request))
#16 C:/laragon/www/cadisetramadiR/vendor/laravel/framework/src/Illuminate/Pipeline/Pipeline.php(219): Illuminate/Routing/Middleware/SubstituteBindings->handle(Object(Illuminate/Http/Request), Object(Closure))
#17 C:/laragon/www/cadisetramadiR/vendor/laravel/framework/src/Illuminate/Auth/Middleware/Authenticate.php(63): Illuminate/Pipeline/Pipeline->{closure:{closure:Illuminate/Pipeline/Pipeline::carry():194}:195}(Object(Illuminate/Http/Request))
#18 C:/laragon/www/cadisetramadiR/vendor/laravel/framework/src/Illuminate/Pipeline/Pipeline.php(219): Illuminate/Auth/Middleware/Authenticate->handle(Object(Illuminate/Http/Request), Object(Closure))
#19 C:/laragon/www/cadisetramadiR/vendor/laravel/framework/src/Illuminate/Foundation/Http/Middleware/VerifyCsrfToken.php(87): Illuminate/Pipeline/Pipeline->{closure:{closure:Illuminate/Pipeline/Pipeline::carry():194}:195}(Object(Illuminate/Http/Request))
#20 C:/laragon/www/cadisetramadiR/vendor/laravel/framework/src/Illuminate/Pipeline/Pipeline.php(219): Illuminate/Foundation/Http/Middleware/VerifyCsrfToken->handle(Object(Illuminate/Http/Request), Object(Closure))
#21 C:/laragon/www/cadisetramadiR/vendor/laravel/framework/src/Illuminate/View/Middleware/ShareErrorsFromSession.php(48): Illuminate/Pipeline/Pipeline->{closure:{closure:Illuminate/Pipeline/Pipeline::carry():194}:195}(Object(Illuminate/Http/Request))
#22 C:/laragon/www/cadisetramadiR/vendor/laravel/framework/src/Illuminate/Pipeline/Pipeline.php(219): Illuminate/View/Middleware/ShareErrorsFromSession->handle(Object(Illuminate/Http/Request), Object(Closure))
#23 C:/laragon/www/cadisetramadiR/vendor/laravel/framework/src/Illuminate/Session/Middleware/StartSession.php(120): Illuminate/Pipeline/Pipeline->{closure:{closure:Illuminate/Pipeline/Pipeline::carry():194}:195}(Object(Illuminate/Http/Request))
#24 C:/laragon/www/cadisetramadiR/vendor/laravel/framework/src/Illuminate/Session/Middleware/StartSession.php(63): Illuminate/Session/Middleware/StartSession->handleStatefulRequest(Object(Illuminate/Http/Request), Object(Illuminate/Session/Store), Object(Closure))
#25 C:/laragon/www/cadisetramadiR/vendor/laravel/framework/src/Illuminate/Pipeline/Pipeline.php(219): Illuminate/Session/Middleware/StartSession->handle(Object(Illuminate/Http/Request), Object(Closure))
#26 C:/laragon/www/cadisetramadiR/vendor/laravel/framework/src/Illuminate/Cookie/Middleware/AddQueuedCookiesToResponse.php(36): Illuminate/Pipeline/Pipeline->{closure:{closure:Illuminate/Pipeline/Pipeline::carry():194}:195}(Object(Illuminate/Http/Request))
#27 C:/laragon/www/cadisetramadiR/vendor/laravel/framework/src/Illuminate/Pipeline/Pipeline.php(219): Illuminate/Cookie/Middleware/AddQueuedCookiesToResponse->handle(Object(Illuminate/Http/Request), Object(Closure))
#28 C:/laragon/www/cadisetramadiR/vendor/laravel/framework/src/Illuminate/Cookie/Middleware/EncryptCookies.php(74): Illuminate/Pipeline/Pipeline->{closure:{closure:Illuminate/Pipeline/Pipeline::carry():194}:195}(Object(Illuminate/Http/Request))
#29 C:/laragon/www/cadisetramadiR/vendor/laravel/framework/src/Illuminate/Pipeline/Pipeline.php(219): Illuminate/Cookie/Middleware/EncryptCookies->handle(Object(Illuminate/Http/Request), Object(Closure))
#30 C:/laragon/www/cadisetramadiR/vendor/laravel/framework/src/Illuminate/Pipeline/Pipeline.php(137): Illuminate/Pipeline/Pipeline->{closure:{closure:Illuminate/Pipeline/Pipeline::carry():194}:195}(Object(Illuminate/Http/Request))
#31 C:/laragon/www/cadisetramadiR/vendor/laravel/framework/src/Illuminate/Routing/Router.php(821): Illuminate/Pipeline/Pipeline->then(Object(Closure))
#32 C:/laragon/www/cadisetramadiR/vendor/laravel/framework/src/Illuminate/Routing/Router.php(800): Illuminate/Routing/Router->runRouteWithinStack(Object(Illuminate/Routing/Route), Object(Illuminate/Http/Request))
#33 C:/laragon/www/cadisetramadiR/vendor/laravel/framework/src/Illuminate/Routing/Router.php(764): Illuminate/Routing/Router->runRoute(Object(Illuminate/Http/Request), Object(Illuminate/Routing/Route))
#34 C:/laragon/www/cadisetramadiR/vendor/laravel/framework/src/Illuminate/Routing/Router.php(753): Illuminate/Routing/Router->dispatchToRoute(Object(Illuminate/Http/Request))
#35 C:/laragon/www/cadisetramadiR/vendor/laravel/framework/src/Illuminate/Foundation/Http/Kernel.php(200): Illuminate/Routing/Router->dispatch(Object(Illuminate/Http/Request))
#36 C:/laragon/www/cadisetramadiR/vendor/laravel/framework/src/Illuminate/Pipeline/Pipeline.php(180): Illuminate/Foundation/Http/Kernel->{closure:Illuminate/Foundation/Http/Kernel::dispatchToRouter():197}(Object(Illuminate/Http/Request))
#37 C:/laragon/www/cadisetramadiR/vendor/laravel/framework/src/Illuminate/Foundation/Http/Middleware/TransformsRequest.php(21): Illuminate/Pipeline/Pipeline->{closure:Illuminate/Pipeline/Pipeline::prepareDestination():178}(Object(Illuminate/Http/Request))
#38 C:/laragon/www/cadisetramadiR/vendor/laravel/framework/src/Illuminate/Foundation/Http/Middleware/ConvertEmptyStringsToNull.php(31): Illuminate/Foundation/Http/Middleware/TransformsRequest->handle(Object(Illuminate/Http/Request), Object(Closure))
#39 C:/laragon/www/cadisetramadiR/vendor/laravel/framework/src/Illuminate/Pipeline/Pipeline.php(219): Illuminate/Foundation/Http/Middleware/ConvertEmptyStringsToNull->handle(Object(Illuminate/Http/Request), Object(Closure))
#40 C:/laragon/www/cadisetramadiR/vendor/laravel/framework/src/Illuminate/Foundation/Http/Middleware/TransformsRequest.php(21): Illuminate/Pipeline/Pipeline->{closure:{closure:Illuminate/Pipeline/Pipeline::carry():194}:195}(Object(Illuminate/Http/Request))
#41 C:/laragon/www/cadisetramadiR/vendor/laravel/framework/src/Illuminate/Foundation/Http/Middleware/TrimStrings.php(51): Illuminate/Foundation/Http/Middleware/TransformsRequest->handle(Object(Illuminate/Http/Request), Object(Closure))
#42 C:/laragon/www/cadisetramadiR/vendor/laravel/framework/src/Illuminate/Pipeline/Pipeline.php(219): Illuminate/Foundation/Http/Middleware/TrimStrings->handle(Object(Illuminate/Http/Request), Object(Closure))
#43 C:/laragon/www/cadisetramadiR/vendor/laravel/framework/src/Illuminate/Http/Middleware/ValidatePostSize.php(27): Illuminate/Pipeline/Pipeline->{closure:{closure:Illuminate/Pipeline/Pipeline::carry():194}:195}(Object(Illuminate/Http/Request))
#44 C:/laragon/www/cadisetramadiR/vendor/laravel/framework/src/Illuminate/Pipeline/Pipeline.php(219): Illuminate/Http/Middleware/ValidatePostSize->handle(Object(Illuminate/Http/Request), Object(Closure))
#45 C:/laragon/www/cadisetramadiR/vendor/laravel/framework/src/Illuminate/Foundation/Http/Middleware/PreventRequestsDuringMaintenance.php(109): Illuminate/Pipeline/Pipeline->{closure:{closure:Illuminate/Pipeline/Pipeline::carry():194}:195}(Object(Illuminate/Http/Request))
#46 C:/laragon/www/cadisetramadiR/vendor/laravel/framework/src/Illuminate/Pipeline/Pipeline.php(219): Illuminate/Foundation/Http/Middleware/PreventRequestsDuringMaintenance->handle(Object(Illuminate/Http/Request), Object(Closure))
#47 C:/laragon/www/cadisetramadiR/vendor/laravel/framework/src/Illuminate/Http/Middleware/HandleCors.php(61): Illuminate/Pipeline/Pipeline->{closure:{closure:Illuminate/Pipeline/Pipeline::carry():194}:195}(Object(Illuminate/Http/Request))
#48 C:/laragon/www/cadisetramadiR/vendor/laravel/framework/src/Illuminate/Pipeline/Pipeline.php(219): Illuminate/Http/Middleware/HandleCors->handle(Object(Illuminate/Http/Request), Object(Closure))
#49 C:/laragon/www/cadisetramadiR/vendor/laravel/framework/src/Illuminate/Http/Middleware/TrustProxies.php(58): Illuminate/Pipeline/Pipeline->{closure:{closure:Illuminate/Pipeline/Pipeline::carry():194}:195}(Object(Illuminate/Http/Request))
#50 C:/laragon/www/cadisetramadiR/vendor/laravel/framework/src/Illuminate/Pipeline/Pipeline.php(219): Illuminate/Http/Middleware/TrustProxies->handle(Object(Illuminate/Http/Request), Object(Closure))
#51 C:/laragon/www/cadisetramadiR/vendor/laravel/framework/src/Illuminate/Foundation/Http/Middleware/InvokeDeferredCallbacks.php(22): Illuminate/Pipeline/Pipeline->{closure:{closure:Illuminate/Pipeline/Pipeline::carry():194}:195}(Object(Illuminate/Http/Request))
#52 C:/laragon/www/cadisetramadiR/vendor/laravel/framework/src/Illuminate/Pipeline/Pipeline.php(219): Illuminate/Foundation/Http/Middleware/InvokeDeferredCallbacks->handle(Object(Illuminate/Http/Request), Object(Closure))
#53 C:/laragon/www/cadisetramadiR/vendor/laravel/framework/src/Illuminate/Http/Middleware/ValidatePathEncoding.php(26): Illuminate/Pipeline/Pipeline->{closure:{closure:Illuminate/Pipeline/Pipeline::carry():194}:195}(Object(Illuminate/Http/Request))
#54 C:/laragon/www/cadisetramadiR/vendor/laravel/framework/src/Illuminate/Pipeline/Pipeline.php(219): Illuminate/Http/Middleware/ValidatePathEncoding->handle(Object(Illuminate/Http/Request), Object(Closure))
#55 C:/laragon/www/cadisetramadiR/vendor/laravel/framework/src/Illuminate/Pipeline/Pipeline.php(137): Illuminate/Pipeline/Pipeline->{closure:{closure:Illuminate/Pipeline/Pipeline::carry():194}:195}(Object(Illuminate/Http/Request))
#56 C:/laragon/www/cadisetramadiR/vendor/laravel/framework/src/Illuminate/Foundation/Http/Kernel.php(175): Illuminate/Pipeline/Pipeline->then(Object(Closure))
#57 C:/laragon/www/cadisetramadiR/vendor/laravel/framework/src/Illuminate/Foundation/Http/Kernel.php(144): Illuminate/Foundation/Http/Kernel->sendRequestThroughRouter(Object(Illuminate/Http/Request))
#58 C:/laragon/www/cadisetramadiR/vendor/laravel/framework/src/Illuminate/Foundation/Application.php(1220): Illuminate/Foundation/Http/Kernel->handle(Object(Illuminate/Http/Request))
#59 C:/laragon/www/cadisetramadiR/public/index.php(20): Illuminate/Foundation/Application->handleRequest(Object(Illuminate/Http/Request))
#60 C:/laragon/www/cadisetramadiR/vendor/laravel/framework/src/Illuminate/Foundation/resources/server.php(23): require_once('C://laragon//www//...')
#61 {main}

[previous exception] [object] (ParseError(code: 0): syntax error, unexpected end of file, expecting \"elseif\" or \"else\" or \"endif\" at C:/laragon/www/cadisetramadiR/storage/framework/views/e880255643903531d51db720811868cd.php:165)
[stacktrace]
#0 C:/laragon/www/cadisetramadiR/vendor/laravel/framework/src/Illuminate/Filesystem/Filesystem.php(124): Illuminate/Filesystem/Filesystem::{closure:Illuminate/Filesystem/Filesystem::getRequire():120}()
#1 C:/laragon/www/cadisetramadiR/vendor/laravel/framework/src/Illuminate/View/Engines/PhpEngine.php(57): Illuminate/Filesystem/Filesystem->getRequire('C://laragon//www//...', Array)
#2 C:/laragon/www/cadisetramadiR/vendor/laravel/framework/src/Illuminate/View/Engines/CompilerEngine.php(76): Illuminate/View/Engines/PhpEngine->evaluatePath('C://laragon//www//...', Array)
#3 C:/laragon/www/cadisetramadiR/vendor/laravel/framework/src/Illuminate/View/View.php(208): Illuminate/View/Engines/CompilerEngine->get('C://laragon//www//...', Array)
#4 C:/laragon/www/cadisetramadiR/vendor/laravel/framework/src/Illuminate/View/View.php(191): Illuminate/View/View->getContents()
#5 C:/laragon/www/cadisetramadiR/vendor/laravel/framework/src/Illuminate/View/View.php(160): Illuminate/View/View->renderContents()
#6 C:/laragon/www/cadisetramadiR/vendor/laravel/framework/src/Illuminate/Http/Response.php(78): Illuminate/View/View->render()
#7 C:/laragon/www/cadisetramadiR/vendor/laravel/framework/src/Illuminate/Http/Response.php(34): Illuminate/Http/Response->setContent(Object(Illuminate/View/View))
#8 C:/laragon/www/cadisetramadiR/vendor/laravel/framework/src/Illuminate/Routing/Router.php(939): Illuminate/Http/Response->__construct(Object(Illuminate/View/View), 200, Array)
#9 C:/laragon/www/cadisetramadiR/vendor/laravel/framework/src/Illuminate/Routing/Router.php(906): Illuminate/Routing/Router::toResponse(Object(Illuminate/Http/Request), Object(Illuminate/View/View))
#10 C:/laragon/www/cadisetramadiR/vendor/laravel/framework/src/Illuminate/Routing/Router.php(821): Illuminate/Routing/Router->prepareResponse(Object(Illuminate/Http/Request), Object(Illuminate/View/View))
#11 C:/laragon/www/cadisetramadiR/vendor/laravel/framework/src/Illuminate/Pipeline/Pipeline.php(180): Illuminate/Routing/Router->{closure:Illuminate/Routing/Router::runRouteWithinStack():821}(Object(Illuminate/Http/Request))
#12 C:/laragon/www/cadisetramadiR/app/Http/Middleware/RoleMiddleware.php(29): Illuminate/Pipeline/Pipeline->{closure:Illuminate/Pipeline/Pipeline::prepareDestination():178}(Object(Illuminate/Http/Request))
#13 C:/laragon/www/cadisetramadiR/vendor/laravel/framework/src/Illuminate/Pipeline/Pipeline.php(219): App/Http/Middleware/RoleMiddleware->handle(Object(Illuminate/Http/Request), Object(Closure), 'admin', 'kasir')
#14 C:/laragon/www/cadisetramadiR/app/Http/Middleware/SetLanguage.php(38): Illuminate/Pipeline/Pipeline->{closure:{closure:Illuminate/Pipeline/Pipeline::carry():194}:195}(Object(Illuminate/Http/Request))
#15 C:/laragon/www/cadisetramadiR/vendor/laravel/framework/src/Illuminate/Pipeline/Pipeline.php(219): App/Http/Middleware/SetLanguage->handle(Object(Illuminate/Http/Request), Object(Closure))
#16 C:/laragon/www/cadisetramadiR/vendor/laravel/framework/src/Illuminate/Routing/Middleware/SubstituteBindings.php(50): Illuminate/Pipeline/Pipeline->{closure:{closure:Illuminate/Pipeline/Pipeline::carry():194}:195}(Object(Illuminate/Http/Request))
#17 C:/laragon/www/cadisetramadiR/vendor/laravel/framework/src/Illuminate/Pipeline/Pipeline.php(219): Illuminate/Routing/Middleware/SubstituteBindings->handle(Object(Illuminate/Http/Request), Object(Closure))
#18 C:/laragon/www/cadisetramadiR/vendor/laravel/framework/src/Illuminate/Auth/Middleware/Authenticate.php(63): Illuminate/Pipeline/Pipeline->{closure:{closure:Illuminate/Pipeline/Pipeline::carry():194}:195}(Object(Illuminate/Http/Request))
#19 C:/laragon/www/cadisetramadiR/vendor/laravel/framework/src/Illuminate/Pipeline/Pipeline.php(219): Illuminate/Auth/Middleware/Authenticate->handle(Object(Illuminate/Http/Request), Object(Closure))
#20 C:/laragon/www/cadisetramadiR/vendor/laravel/framework/src/Illuminate/Foundation/Http/Middleware/VerifyCsrfToken.php(87): Illuminate/Pipeline/Pipeline->{closure:{closure:Illuminate/Pipeline/Pipeline::carry():194}:195}(Object(Illuminate/Http/Request))
#21 C:/laragon/www/cadisetramadiR/vendor/laravel/framework/src/Illuminate/Pipeline/Pipeline.php(219): Illuminate/Foundation/Http/Middleware/VerifyCsrfToken->handle(Object(Illuminate/Http/Request), Object(Closure))
#22 C:/laragon/www/cadisetramadiR/vendor/laravel/framework/src/Illuminate/View/Middleware/ShareErrorsFromSession.php(48): Illuminate/Pipeline/Pipeline->{closure:{closure:Illuminate/Pipeline/Pipeline::carry():194}:195}(Object(Illuminate/Http/Request))
#23 C:/laragon/www/cadisetramadiR/vendor/laravel/framework/src/Illuminate/Pipeline/Pipeline.php(219): Illuminate/View/Middleware/ShareErrorsFromSession->handle(Object(Illuminate/Http/Request), Object(Closure))
#24 C:/laragon/www/cadisetramadiR/vendor/laravel/framework/src/Illuminate/Session/Middleware/StartSession.php(120): Illuminate/Pipeline/Pipeline->{closure:{closure:Illuminate/Pipeline/Pipeline::carry():194}:195}(Object(Illuminate/Http/Request))
#25 C:/laragon/www/cadisetramadiR/vendor/laravel/framework/src/Illuminate/Session/Middleware/StartSession.php(63): Illuminate/Session/Middleware/StartSession->handleStatefulRequest(Object(Illuminate/Http/Request), Object(Illuminate/Session/Store), Object(Closure))
#26 C:/laragon/www/cadisetramadiR/vendor/laravel/framework/src/Illuminate/Pipeline/Pipeline.php(219): Illuminate/Session/Middleware/StartSession->handle(Object(Illuminate/Http/Request), Object(Closure))
#27 C:/laragon/www/cadisetramadiR/vendor/laravel/framework/src/Illuminate/Cookie/Middleware/AddQueuedCookiesToResponse.php(36): Illuminate/Pipeline/Pipeline->{closure:{closure:Illuminate/Pipeline/Pipeline::carry():194}:195}(Object(Illuminate/Http/Request))
#28 C:/laragon/www/cadisetramadiR/vendor/laravel/framework/src/Illuminate/Pipeline/Pipeline.php(219): Illuminate/Cookie/Middleware/AddQueuedCookiesToResponse->handle(Object(Illuminate/Http/Request), Object(Closure))
#29 C:/laragon/www/cadisetramadiR/vendor/laravel/framework/src/Illuminate/Cookie/Middleware/EncryptCookies.php(74): Illuminate/Pipeline/Pipeline->{closure:{closure:Illuminate/Pipeline/Pipeline::carry():194}:195}(Object(Illuminate/Http/Request))
#30 C:/laragon/www/cadisetramadiR/vendor/laravel/framework/src/Illuminate/Pipeline/Pipeline.php(219): Illuminate/Cookie/Middleware/EncryptCookies->handle(Object(Illuminate/Http/Request), Object(Closure))
#31 C:/laragon/www/cadisetramadiR/vendor/laravel/framework/src/Illuminate/Pipeline/Pipeline.php(137): Illuminate/Pipeline/Pipeline->{closure:{closure:Illuminate/Pipeline/Pipeline::carry():194}:195}(Object(Illuminate/Http/Request))
#32 C:/laragon/www/cadisetramadiR/vendor/laravel/framework/src/Illuminate/Routing/Router.php(821): Illuminate/Pipeline/Pipeline->then(Object(Closure))
#33 C:/laragon/www/cadisetramadiR/vendor/laravel/framework/src/Illuminate/Routing/Router.php(800): Illuminate/Routing/Router->runRouteWithinStack(Object(Illuminate/Routing/Route), Object(Illuminate/Http/Request))
#34 C:/laragon/www/cadisetramadiR/vendor/laravel/framework/src/Illuminate/Routing/Router.php(764): Illuminate/Routing/Router->runRoute(Object(Illuminate/Http/Request), Object(Illuminate/Routing/Route))
#35 C:/laragon/www/cadisetramadiR/vendor/laravel/framework/src/Illuminate/Routing/Router.php(753): Illuminate/Routing/Router->dispatchToRoute(Object(Illuminate/Http/Request))
#36 C:/laragon/www/cadisetramadiR/vendor/laravel/framework/src/Illuminate/Foundation/Http/Kernel.php(200): Illuminate/Routing/Router->dispatch(Object(Illuminate/Http/Request))
#37 C:/laragon/www/cadisetramadiR/vendor/laravel/framework/src/Illuminate/Pipeline/Pipeline.php(180): Illuminate/Foundation/Http/Kernel->{closure:Illuminate/Foundation/Http/Kernel::dispatchToRouter():197}(Object(Illuminate/Http/Request))
#38 C:/laragon/www/cadisetramadiR/vendor/laravel/framework/src/Illuminate/Foundation/Http/Middleware/TransformsRequest.php(21): Illuminate/Pipeline/Pipeline->{closure:Illuminate/Pipeline/Pipeline::prepareDestination():178}(Object(Illuminate/Http/Request))
#39 C:/laragon/www/cadisetramadiR/vendor/laravel/framework/src/Illuminate/Foundation/Http/Middleware/ConvertEmptyStringsToNull.php(31): Illuminate/Foundation/Http/Middleware/TransformsRequest->handle(Object(Illuminate/Http/Request), Object(Closure))
#40 C:/laragon/www/cadisetramadiR/vendor/laravel/framework/src/Illuminate/Pipeline/Pipeline.php(219): Illuminate/Foundation/Http/Middleware/ConvertEmptyStringsToNull->handle(Object(Illuminate/Http/Request), Object(Closure))
#41 C:/laragon/www/cadisetramadiR/vendor/laravel/framework/src/Illuminate/Foundation/Http/Middleware/TransformsRequest.php(21): Illuminate/Pipeline/Pipeline->{closure:{closure:Illuminate/Pipeline/Pipeline::carry():194}:195}(Object(Illuminate/Http/Request))
#42 C:/laragon/www/cadisetramadiR/vendor/laravel/framework/src/Illuminate/Foundation/Http/Middleware/TrimStrings.php(51): Illuminate/Foundation/Http/Middleware/TransformsRequest->handle(Object(Illuminate/Http/Request), Object(Closure))
#43 C:/laragon/www/cadisetramadiR/vendor/laravel/framework/src/Illuminate/Pipeline/Pipeline.php(219): Illuminate/Foundation/Http/Middleware/TrimStrings->handle(Object(Illuminate/Http/Request), Object(Closure))
#44 C:/laragon/www/cadisetramadiR/vendor/laravel/framework/src/Illuminate/Http/Middleware/ValidatePostSize.php(27): Illuminate/Pipeline/Pipeline->{closure:{closure:Illuminate/Pipeline/Pipeline::carry():194}:195}(Object(Illuminate/Http/Request))
#45 C:/laragon/www/cadisetramadiR/vendor/laravel/framework/src/Illuminate/Pipeline/Pipeline.php(219): Illuminate/Http/Middleware/ValidatePostSize->handle(Object(Illuminate/Http/Request), Object(Closure))
#46 C:/laragon/www/cadisetramadiR/vendor/laravel/framework/src/Illuminate/Foundation/Http/Middleware/PreventRequestsDuringMaintenance.php(109): Illuminate/Pipeline/Pipeline->{closure:{closure:Illuminate/Pipeline/Pipeline::carry():194}:195}(Object(Illuminate/Http/Request))
#47 C:/laragon/www/cadisetramadiR/vendor/laravel/framework/src/Illuminate/Pipeline/Pipeline.php(219): Illuminate/Foundation/Http/Middleware/PreventRequestsDuringMaintenance->handle(Object(Illuminate/Http/Request), Object(Closure))
#48 C:/laragon/www/cadisetramadiR/vendor/laravel/framework/src/Illuminate/Http/Middleware/HandleCors.php(61): Illuminate/Pipeline/Pipeline->{closure:{closure:Illuminate/Pipeline/Pipeline::carry():194}:195}(Object(Illuminate/Http/Request))
#49 C:/laragon/www/cadisetramadiR/vendor/laravel/framework/src/Illuminate/Pipeline/Pipeline.php(219): Illuminate/Http/Middleware/HandleCors->handle(Object(Illuminate/Http/Request), Object(Closure))
#50 C:/laragon/www/cadisetramadiR/vendor/laravel/framework/src/Illuminate/Http/Middleware/TrustProxies.php(58): Illuminate/Pipeline/Pipeline->{closure:{closure:Illuminate/Pipeline/Pipeline::carry():194}:195}(Object(Illuminate/Http/Request))
#51 C:/laragon/www/cadisetramadiR/vendor/laravel/framework/src/Illuminate/Pipeline/Pipeline.php(219): Illuminate/Http/Middleware/TrustProxies->handle(Object(Illuminate/Http/Request), Object(Closure))
#52 C:/laragon/www/cadisetramadiR/vendor/laravel/framework/src/Illuminate/Foundation/Http/Middleware/InvokeDeferredCallbacks.php(22): Illuminate/Pipeline/Pipeline->{closure:{closure:Illuminate/Pipeline/Pipeline::carry():194}:195}(Object(Illuminate/Http/Request))
#53 C:/laragon/www/cadisetramadiR/vendor/laravel/framework/src/Illuminate/Pipeline/Pipeline.php(219): Illuminate/Foundation/Http/Middleware/InvokeDeferredCallbacks->handle(Object(Illuminate/Http/Request), Object(Closure))
#54 C:/laragon/www/cadisetramadiR/vendor/laravel/framework/src/Illuminate/Http/Middleware/ValidatePathEncoding.php(26): Illuminate/Pipeline/Pipeline->{closure:{closure:Illuminate/Pipeline/Pipeline::carry():194}:195}(Object(Illuminate/Http/Request))
#55 C:/laragon/www/cadisetramadiR/vendor/laravel/framework/src/Illuminate/Pipeline/Pipeline.php(219): Illuminate/Http/Middleware/ValidatePathEncoding->handle(Object(Illuminate/Http/Request), Object(Closure))
#56 C:/laragon/www/cadisetramadiR/vendor/laravel/framework/src/Illuminate/Pipeline/Pipeline.php(137): Illuminate/Pipeline/Pipeline->{closure:{closure:Illuminate/Pipeline/Pipeline::carry():194}:195}(Object(Illuminate/Http/Request))
#57 C:/laragon/www/cadisetramadiR/vendor/laravel/framework/src/Illuminate/Foundation/Http/Kernel.php(175): Illuminate/Pipeline/Pipeline->then(Object(Closure))
#58 C:/laragon/www/cadisetramadiR/vendor/laravel/framework/src/Illuminate/Foundation/Http/Kernel.php(144): Illuminate/Foundation/Http/Kernel->sendRequestThroughRouter(Object(Illuminate/Http/Request))
#59 C:/laragon/www/cadisetramadiR/vendor/laravel/framework/src/Illuminate/Foundation/Application.php(1220): Illuminate/Foundation/Http/Kernel->handle(Object(Illuminate/Http/Request))
#60 C:/laragon/www/cadisetramadiR/public/index.php(20): Illuminate/Foundation/Application->handleRequest(Object(Illuminate/Http/Request))
#61 C:/laragon/www/cadisetramadiR/vendor/laravel/framework/src/Illuminate/Foundation/resources/server.php(23): require_once('C://laragon//www//...')
#62 {main}
"} 
[2026-08-19 04:03:45] local.ERROR: Uncaught ReflectionException: Class "App\Models\ItemPenjualanPolicy" does not exist in Command line code:1
Stack trace:
#0 Command line code(1): ReflectionClass->__construct('App\\Models\\Item...')
#1 [internal function]: {closure:Command line code:1}('App\\Models\\Item...', 'App\\Models\\Item...')
#2 Command line code(1): array_map(Object(Closure), Array, Array)
#3 {main}
  thrown {"exception":"[object] (Symfony\\Component\\ErrorHandler\\Error\\FatalError(code: 0): Uncaught ReflectionException: Class \"App\\Models\\ItemPenjualanPolicy\" does not exist in Command line code:1
Stack trace:
#0 Command line code(1): ReflectionClass->__construct('App\\\\Models\\\\Item...')
#1 [internal function]: {closure:Command line code:1}('App\\\\Models\\\\Item...', 'App\\\\Models\\\\Item...')
#2 Command line code(1): array_map(Object(Closure), Array, Array)
#3 {main}
  thrown at Command line code:1)
[stacktrace]
#0 {main}
"} 
[2026-08-19 04:04:45] local.ERROR: Uncaught ReflectionException: Class "App\Models\ItemPenjualanPolicy" does not exist in Command line code:1
Stack trace:
#0 Command line code(1): ReflectionClass->__construct('App\\Models\\Item...')
#1 [internal function]: {closure:Command line code:1}('App\\Models\\Item...', 'App\\Models\\Item...')
#2 Command line code(1): array_map(Object(Closure), Array, Array)
#3 {main}
  thrown {"exception":"[object] (Symfony\\Component\\ErrorHandler\\Error\\FatalError(code: 0): Uncaught ReflectionException: Class \"App\\Models\\ItemPenjualanPolicy\" does not exist in Command line code:1
Stack trace:
#0 Command line code(1): ReflectionClass->__construct('App\\\\Models\\\\Item...')
#1 [internal function]: {closure:Command line code:1}('App\\\\Models\\\\Item...', 'App\\\\Models\\\\Item...')
#2 Command line code(1): array_map(Object(Closure), Array, Array)
#3 {main}
  thrown at Command line code:1)
[stacktrace]
#0 {main}
"} 
[2026-08-19 04:05:45] local.ERROR: Uncaught ReflectionException: Class "App\Models\ItemPenjualanPolicy" does not exist in Command line code:1
Stack trace:
#0 Command line code(1): ReflectionClass->__construct('App\\Models\\Item...')
#1 [internal function]: {closure:Command line code:1}('App\\Models\\Item...', 'App\\Models\\Item...')
#2 Command line code(1): array_map(Object(Closure), Array, Array)
#3 {main}
  thrown {"exception":"[object] (Symfony\\Component\\ErrorHandler\\Error\\FatalError(code: 0): Uncaught ReflectionException: Class \"App\\Models\\ItemPenjualanPolicy\" does not exist in Command line code:1
Stack trace:
#0 Command line code(1): ReflectionClass->__construct('App\\\\Models\\\\Item...')
#1 [internal function]: {closure:Command line code:1}('App\\\\Models\\\\Item...', 'App\\\\Models\\\\Item...')
#2 Command line code(1): array_map(Object(Closure), Array, Array)
#3 {main}
  thrown at Command line code:1)
[stacktrace]
#0 {main}
"} 
[2026-08-19 04:06:45] local.ERROR: Uncaught ReflectionException: Class "App\Models\ItemPenjualanPolicy" does not exist in Command line code:1
Stack trace:
#0 Command line code(1): ReflectionClass->__construct('App\\Models\\Item...')
#1 [internal function]: {closure:Command line code:1}('App\\Models\\Item...', 'App\\Models\\Item...')
#2 Command line code(1): array_map(Object(Closure), Array, Array)
#3 {main}
  thrown {"exception":"[object] (Symfony\\Component\\ErrorHandler\\Error\\FatalError(code: 0): Uncaught ReflectionException: Class \"App\\Models\\ItemPenjualanPolicy\" does not exist in Command line code:1
Stack trace:
#0 Command line code(1): ReflectionClass->__construct('App\\\\Models\\\\Item...')
#1 [internal function]: {closure:Command line code:1}('App\\\\Models\\\\Item...', 'App\\\\Models\\\\Item...')
#2 Command line code(1): array_map(Object(Closure), Array, Array)
#3 {main}
  thrown at Command line code:1)
[stacktrace]
#0 {main}
"} 
[2026-08-19 04:07:45] local.ERROR: Uncaught ReflectionException: Class "App\Models\ItemPenjualanPolicy" does not exist in Command line code:1
Stack trace:
#0 Command line code(1): ReflectionClass->__construct('App\\Models\\Item...')
#1 [internal function]: {closure:Command line code:1}('App\\Models\\Item...', 'App\\Models\\Item...')
#2 Command line code(1): array_map(Object(Closure), Array, Array)
#3 {main}
  thrown {"exception":"[object] (Symfony\\Component\\ErrorHandler\\Error\\FatalError(code: 0): Uncaught ReflectionException: Class \"App\\Models\\ItemPenjualanPolicy\" does not exist in Command line code:1
Stack trace:
#0 Command line code(1): ReflectionClass->__construct('App\\\\Models\\\\Item...')
#1 [internal function]: {closure:Command line code:1}('App\\\\Models\\\\Item...', 'App\\\\Models\\\\Item...')
#2 Command line code(1): array_map(Object(Closure), Array, Array)
#3 {main}
  thrown at Command line code:1)
[stacktrace]
#0 {main}
"} 
[2026-08-19 04:08:47] local.ERROR: Uncaught ReflectionException: Class "App\Models\ItemPenjualanPolicy" does not exist in Command line code:1
Stack trace:
#0 Command line code(1): ReflectionClass->__construct('App\\Models\\Item...')
#1 [internal function]: {closure:Command line code:1}('App\\Models\\Item...', 'App\\Models\\Item...')
#2 Command line code(1): array_map(Object(Closure), Array, Array)
#3 {main}
  thrown {"exception":"[object] (Symfony\\Component\\ErrorHandler\\Error\\FatalError(code: 0): Uncaught ReflectionException: Class \"App\\Models\\ItemPenjualanPolicy\" does not exist in Command line code:1
Stack trace:
#0 Command line code(1): ReflectionClass->__construct('App\\\\Models\\\\Item...')
#1 [internal function]: {closure:Command line code:1}('App\\\\Models\\\\Item...', 'App\\\\Models\\\\Item...')
#2 Command line code(1): array_map(Object(Closure), Array, Array)
#3 {main}
  thrown at Command line code:1)
[stacktrace]
#0 {main}
"} 
[2026-08-19 04:09:46] local.ERROR: Uncaught ReflectionException: Class "App\Models\ItemPenjualanPolicy" does not exist in Command line code:1
Stack trace:
#0 Command line code(1): ReflectionClass->__construct('App\\Models\\Item...')
#1 [internal function]: {closure:Command line code:1}('App\\Models\\Item...', 'App\\Models\\Item...')
#2 Command line code(1): array_map(Object(Closure), Array, Array)
#3 {main}
  thrown {"exception":"[object] (Symfony\\Component\\ErrorHandler\\Error\\FatalError(code: 0): Uncaught ReflectionException: Class \"App\\Models\\ItemPenjualanPolicy\" does not exist in Command line code:1
Stack trace:
#0 Command line code(1): ReflectionClass->__construct('App\\\\Models\\\\Item...')
#1 [internal function]: {closure:Command line code:1}('App\\\\Models\\\\Item...', 'App\\\\Models\\\\Item...')
#2 Command line code(1): array_map(Object(Closure), Array, Array)
#3 {main}
  thrown at Command line code:1)
[stacktrace]
#0 {main}
"} 
[2026-08-19 04:10:49] local.ERROR: Uncaught ReflectionException: Class "App\Models\ItemPenjualanPolicy" does not exist in Command line code:1
Stack trace:
#0 Command line code(1): ReflectionClass->__construct('App\\Models\\Item...')
#1 [internal function]: {closure:Command line code:1}('App\\Models\\Item...', 'App\\Models\\Item...')
#2 Command line code(1): array_map(Object(Closure), Array, Array)
#3 {main}
  thrown {"exception":"[object] (Symfony\\Component\\ErrorHandler\\Error\\FatalError(code: 0): Uncaught ReflectionException: Class \"App\\Models\\ItemPenjualanPolicy\" does not exist in Command line code:1
Stack trace:
#0 Command line code(1): ReflectionClass->__construct('App\\\\Models\\\\Item...')
#1 [internal function]: {closure:Command line code:1}('App\\\\Models\\\\Item...', 'App\\\\Models\\\\Item...')
#2 Command line code(1): array_map(Object(Closure), Array, Array)
#3 {main}
  thrown at Command line code:1)
[stacktrace]
#0 {main}
"} 
[2026-08-19 04:11:45] local.ERROR: Uncaught ReflectionException: Class "App\Models\ItemPenjualanPolicy" does not exist in Command line code:1
Stack trace:
#0 Command line code(1): ReflectionClass->__construct('App\\Models\\Item...')
#1 [internal function]: {closure:Command line code:1}('App\\Models\\Item...', 'App\\Models\\Item...')
#2 Command line code(1): array_map(Object(Closure), Array, Array)
#3 {main}
  thrown {"exception":"[object] (Symfony\\Component\\ErrorHandler\\Error\\FatalError(code: 0): Uncaught ReflectionException: Class \"App\\Models\\ItemPenjualanPolicy\" does not exist in Command line code:1
Stack trace:
#0 Command line code(1): ReflectionClass->__construct('App\\\\Models\\\\Item...')
#1 [internal function]: {closure:Command line code:1}('App\\\\Models\\\\Item...', 'App\\\\Models\\\\Item...')
#2 Command line code(1): array_map(Object(Closure), Array, Array)
#3 {main}
  thrown at Command line code:1)
[stacktrace]
#0 {main}
"} 
[2026-08-19 04:12:45] local.ERROR: Uncaught ReflectionException: Class "App\Models\ItemPenjualanPolicy" does not exist in Command line code:1
Stack trace:
#0 Command line code(1): ReflectionClass->__construct('App\\Models\\Item...')
#1 [internal function]: {closure:Command line code:1}('App\\Models\\Item...', 'App\\Models\\Item...')
#2 Command line code(1): array_map(Object(Closure), Array, Array)
#3 {main}
  thrown {"exception":"[object] (Symfony\\Component\\ErrorHandler\\Error\\FatalError(code: 0): Uncaught ReflectionException: Class \"App\\Models\\ItemPenjualanPolicy\" does not exist in Command line code:1
Stack trace:
#0 Command line code(1): ReflectionClass->__construct('App\\\\Models\\\\Item...')
#1 [internal function]: {closure:Command line code:1}('App\\\\Models\\\\Item...', 'App\\\\Models\\\\Item...')
#2 Command line code(1): array_map(Object(Closure), Array, Array)
#3 {main}
  thrown at Command line code:1)
[stacktrace]
#0 {main}
"} 
[2026-08-19 04:13:47] local.ERROR: Uncaught ReflectionException: Class "App\Models\ItemPenjualanPolicy" does not exist in Command line code:1
Stack trace:
#0 Command line code(1): ReflectionClass->__construct('App\\Models\\Item...')
#1 [internal function]: {closure:Command line code:1}('App\\Models\\Item...', 'App\\Models\\Item...')
#2 Command line code(1): array_map(Object(Closure), Array, Array)
#3 {main}
  thrown {"exception":"[object] (Symfony\\Component\\ErrorHandler\\Error\\FatalError(code: 0): Uncaught ReflectionException: Class \"App\\Models\\ItemPenjualanPolicy\" does not exist in Command line code:1
Stack trace:
#0 Command line code(1): ReflectionClass->__construct('App\\\\Models\\\\Item...')
#1 [internal function]: {closure:Command line code:1}('App\\\\Models\\\\Item...', 'App\\\\Models\\\\Item...')
#2 Command line code(1): array_map(Object(Closure), Array, Array)
#3 {main}
  thrown at Command line code:1)
[stacktrace]
#0 {main}
"} 
[2026-08-19 04:14:46] local.ERROR: Uncaught ReflectionException: Class "App\Models\ItemPenjualanPolicy" does not exist in Command line code:1
Stack trace:
#0 Command line code(1): ReflectionClass->__construct('App\\Models\\Item...')
#1 [internal function]: {closure:Command line code:1}('App\\Models\\Item...', 'App\\Models\\Item...')
#2 Command line code(1): array_map(Object(Closure), Array, Array)
#3 {main}
  thrown {"exception":"[object] (Symfony\\Component\\ErrorHandler\\Error\\FatalError(code: 0): Uncaught ReflectionException: Class \"App\\Models\\ItemPenjualanPolicy\" does not exist in Command line code:1
Stack trace:
#0 Command line code(1): ReflectionClass->__construct('App\\\\Models\\\\Item...')
#1 [internal function]: {closure:Command line code:1}('App\\\\Models\\\\Item...', 'App\\\\Models\\\\Item...')
#2 Command line code(1): array_map(Object(Closure), Array, Array)
#3 {main}
  thrown at Command line code:1)
[stacktrace]
#0 {main}
"} 
[2026-08-19 04:15:45] local.ERROR: Uncaught ReflectionException: Class "App\Models\ItemPenjualanPolicy" does not exist in Command line code:1
Stack trace:
#0 Command line code(1): ReflectionClass->__construct('App\\Models\\Item...')
#1 [internal function]: {closure:Command line code:1}('App\\Models\\Item...', 'App\\Models\\Item...')
#2 Command line code(1): array_map(Object(Closure), Array, Array)
#3 {main}
  thrown {"exception":"[object] (Symfony\\Component\\ErrorHandler\\Error\\FatalError(code: 0): Uncaught ReflectionException: Class \"App\\Models\\ItemPenjualanPolicy\" does not exist in Command line code:1
Stack trace:
#0 Command line code(1): ReflectionClass->__construct('App\\\\Models\\\\Item...')
#1 [internal function]: {closure:Command line code:1}('App\\\\Models\\\\Item...', 'App\\\\Models\\\\Item...')
#2 Command line code(1): array_map(Object(Closure), Array, Array)
#3 {main}
  thrown at Command line code:1)
[stacktrace]
#0 {main}
"} 
[2026-08-19 04:16:45] local.ERROR: Uncaught ReflectionException: Class "App\Models\ItemPenjualanPolicy" does not exist in Command line code:1
Stack trace:
#0 Command line code(1): ReflectionClass->__construct('App\\Models\\Item...')
#1 [internal function]: {closure:Command line code:1}('App\\Models\\Item...', 'App\\Models\\Item...')
#2 Command line code(1): array_map(Object(Closure), Array, Array)
#3 {main}
  thrown {"exception":"[object] (Symfony\\Component\\ErrorHandler\\Error\\FatalError(code: 0): Uncaught ReflectionException: Class \"App\\Models\\ItemPenjualanPolicy\" does not exist in Command line code:1
Stack trace:
#0 Command line code(1): ReflectionClass->__construct('App\\\\Models\\\\Item...')
#1 [internal function]: {closure:Command line code:1}('App\\\\Models\\\\Item...', 'App\\\\Models\\\\Item...')
#2 Command line code(1): array_map(Object(Closure), Array, Array)
#3 {main}
  thrown at Command line code:1)
[stacktrace]
#0 {main}
"} 
[2026-08-19 04:17:46] local.ERROR: Uncaught ReflectionException: Class "App\Models\ItemPenjualanPolicy" does not exist in Command line code:1
Stack trace:
#0 Command line code(1): ReflectionClass->__construct('App\\Models\\Item...')
#1 [internal function]: {closure:Command line code:1}('App\\Models\\Item...', 'App\\Models\\Item...')
#2 Command line code(1): array_map(Object(Closure), Array, Array)
#3 {main}
  thrown {"exception":"[object] (Symfony\\Component\\ErrorHandler\\Error\\FatalError(code: 0): Uncaught ReflectionException: Class \"App\\Models\\ItemPenjualanPolicy\" does not exist in Command line code:1
Stack trace:
#0 Command line code(1): ReflectionClass->__construct('App\\\\Models\\\\Item...')
#1 [internal function]: {closure:Command line code:1}('App\\\\Models\\\\Item...', 'App\\\\Models\\\\Item...')
#2 Command line code(1): array_map(Object(Closure), Array, Array)
#3 {main}
  thrown at Command line code:1)
[stacktrace]
#0 {main}
"} 
[2026-08-19 04:18:45] local.ERROR: Uncaught ReflectionException: Class "App\Models\ItemPenjualanPolicy" does not exist in Command line code:1
Stack trace:
#0 Command line code(1): ReflectionClass->__construct('App\\Models\\Item...')
#1 [internal function]: {closure:Command line code:1}('App\\Models\\Item...', 'App\\Models\\Item...')
#2 Command line code(1): array_map(Object(Closure), Array, Array)
#3 {main}
  thrown {"exception":"[object] (Symfony\\Component\\ErrorHandler\\Error\\FatalError(code: 0): Uncaught ReflectionException: Class \"App\\Models\\ItemPenjualanPolicy\" does not exist in Command line code:1
Stack trace:
#0 Command line code(1): ReflectionClass->__construct('App\\\\Models\\\\Item...')
#1 [internal function]: {closure:Command line code:1}('App\\\\Models\\\\Item...', 'App\\\\Models\\\\Item...')
#2 Command line code(1): array_map(Object(Closure), Array, Array)
#3 {main}
  thrown at Command line code:1)
[stacktrace]
#0 {main}
"} 
[2026-08-19 04:19:45] local.ERROR: Uncaught ReflectionException: Class "App\Models\ItemPenjualanPolicy" does not exist in Command line code:1
Stack trace:
#0 Command line code(1): ReflectionClass->__construct('App\\Models\\Item...')
#1 [internal function]: {closure:Command line code:1}('App\\Models\\Item...', 'App\\Models\\Item...')
#2 Command line code(1): array_map(Object(Closure), Array, Array)
#3 {main}
  thrown {"exception":"[object] (Symfony\\Component\\ErrorHandler\\Error\\FatalError(code: 0): Uncaught ReflectionException: Class \"App\\Models\\ItemPenjualanPolicy\" does not exist in Command line code:1
Stack trace:
#0 Command line code(1): ReflectionClass->__construct('App\\\\Models\\\\Item...')
#1 [internal function]: {closure:Command line code:1}('App\\\\Models\\\\Item...', 'App\\\\Models\\\\Item...')
#2 Command line code(1): array_map(Object(Closure), Array, Array)
#3 {main}
  thrown at Command line code:1)
[stacktrace]
#0 {main}
"} 
[2026-08-19 04:19:46] local.ERROR: SQLSTATE[42S22]: Column not found: 1054 Unknown column 'google_avatar' in 'users' (Connection: mysql, Host: 127.0.0.1, Port: 3306, Database: pos_ilhamzzz, SQL: alter table `users` add `theme` varchar(255) not null default 'light' after `google_avatar`) {"exception":"[object] (Illuminate\\Database\\QueryException(code: 42S22): SQLSTATE[42S22]: Column not found: 1054 Unknown column 'google_avatar' in 'users' (Connection: mysql, Host: 127.0.0.1, Port: 3306, Database: pos_ilhamzzz, SQL: alter table `users` add `theme` varchar(255) not null default 'light' after `google_avatar`) at C:/laragon/www/cadisetramadiR/vendor/laravel/framework/src/Illuminate/Database/Connection.php:838)
[stacktrace]
#0 C:/laragon/www/cadisetramadiR/vendor/laravel/framework/src/Illuminate/Database/Connection.php(794): Illuminate/Database/Connection->runQueryCallback('alter table `us...', Array, Object(Closure))
#1 C:/laragon/www/cadisetramadiR/vendor/laravel/framework/src/Illuminate/Database/Connection.php(573): Illuminate/Database/Connection->run('alter table `us...', Array, Object(Closure))
#2 C:/laragon/www/cadisetramadiR/vendor/laravel/framework/src/Illuminate/Database/Schema/Blueprint.php(121): Illuminate/Database/Connection->statement('alter table `us...')
#3 C:/laragon/www/cadisetramadiR/vendor/laravel/framework/src/Illuminate/Database/Schema/Builder.php(686): Illuminate/Database/Schema/Blueprint->build()
#4 C:/laragon/www/cadisetramadiR/vendor/laravel/framework/src/Illuminate/Database/Schema/Builder.php(494): Illuminate/Database/Schema/Builder->build(Object(Illuminate/Database/Schema/Blueprint))
#5 C:/laragon/www/cadisetramadiR/vendor/laravel/framework/src/Illuminate/Support/Facades/Facade.php(363): Illuminate/Database/Schema/Builder->table('users', Object(Closure))
#6 C:/laragon/www/cadisetramadiR/database/migrations/2026_08_12_020339_add_settings_to_users_table.php(14): Illuminate/Support/Facades/Facade::__callStatic('table', Array)
#7 C:/laragon/www/cadisetramadiR/vendor/laravel/framework/src/Illuminate/Database/Migrations/Migrator.php(517): Illuminate/Database/Migrations/Migration@anonymous->up()
#8 C:/laragon/www/cadisetramadiR/vendor/laravel/framework/src/Illuminate/Database/Migrations/Migrator.php(442): Illuminate/Database/Migrations/Migrator->runMethod(Object(Illuminate/Database/MySqlConnection), Object(Illuminate/Database/Migrations/Migration@anonymous), 'up')
#9 C:/laragon/www/cadisetramadiR/vendor/laravel/framework/src/Illuminate/Database/Migrations/Migrator.php(451): Illuminate/Database/Migrations/Migrator->{closure:Illuminate/Database/Migrations/Migrator::runMigration():438}()
#10 C:/laragon/www/cadisetramadiR/vendor/laravel/framework/src/Illuminate/Database/Migrations/Migrator.php(253): Illuminate/Database/Migrations/Migrator->runMigration(Object(Illuminate/Database/Migrations/Migration@anonymous), 'up')
#11 C:/laragon/www/cadisetramadiR/vendor/laravel/framework/src/Illuminate/Console/View/Components/Task.php(41): Illuminate/Database/Migrations/Migrator->{closure:Illuminate/Database/Migrations/Migrator::runUp():253}()
#12 C:/laragon/www/cadisetramadiR/vendor/laravel/framework/src/Illuminate/Database/Migrations/Migrator.php(814): Illuminate/Console/View/Components/Task->render('2026_08_12_0203...', Object(Closure))
#13 C:/laragon/www/cadisetramadiR/vendor/laravel/framework/src/Illuminate/Database/Migrations/Migrator.php(253): Illuminate/Database/Migrations/Migrator->write('Illuminate//Cons...', '2026_08_12_0203...', Object(Closure))
#14 C:/laragon/www/cadisetramadiR/vendor/laravel/framework/src/Illuminate/Database/Migrations/Migrator.php(211): Illuminate/Database/Migrations/Migrator->runUp('C://laragon//www//...', 1, false)
#15 C:/laragon/www/cadisetramadiR/vendor/laravel/framework/src/Illuminate/Database/Migrations/Migrator.php(138): Illuminate/Database/Migrations/Migrator->runPending(Array, Array)
#16 C:/laragon/www/cadisetramadiR/vendor/laravel/framework/src/Illuminate/Database/Console/Migrations/MigrateCommand.php(116): Illuminate/Database/Migrations/Migrator->run(Array, Array)
#17 C:/laragon/www/cadisetramadiR/vendor/laravel/framework/src/Illuminate/Database/Migrations/Migrator.php(671): Illuminate/Database/Console/Migrations/MigrateCommand->{closure:Illuminate/Database/Console/Migrations/MigrateCommand::runMigrations():109}()
#18 C:/laragon/www/cadisetramadiR/vendor/laravel/framework/src/Illuminate/Database/Console/Migrations/MigrateCommand.php(109): Illuminate/Database/Migrations/Migrator->usingConnection(NULL, Object(Closure))
#19 C:/laragon/www/cadisetramadiR/vendor/laravel/framework/src/Illuminate/Database/Console/Migrations/MigrateCommand.php(88): Illuminate/Database/Console/Migrations/MigrateCommand->runMigrations()
#20 C:/laragon/www/cadisetramadiR/vendor/laravel/framework/src/Illuminate/Container/BoundMethod.php(36): Illuminate/Database/Console/Migrations/MigrateCommand->handle()
#21 C:/laragon/www/cadisetramadiR/vendor/laravel/framework/src/Illuminate/Container/Util.php(43): Illuminate/Container/BoundMethod::{closure:Illuminate/Container/BoundMethod::call():35}()
#22 C:/laragon/www/cadisetramadiR/vendor/laravel/framework/src/Illuminate/Container/BoundMethod.php(96): Illuminate/Container/Util::unwrapIfClosure(Object(Closure))
#23 C:/laragon/www/cadisetramadiR/vendor/laravel/framework/src/Illuminate/Container/BoundMethod.php(35): Illuminate/Container/BoundMethod::callBoundMethod(Object(Illuminate/Foundation/Application), Array, Object(Closure))
#24 C:/laragon/www/cadisetramadiR/vendor/laravel/framework/src/Illuminate/Container/Container.php(799): Illuminate/Container/BoundMethod::call(Object(Illuminate/Foundation/Application), Array, Array, NULL)
#25 C:/laragon/www/cadisetramadiR/vendor/laravel/framework/src/Illuminate/Console/Command.php(211): Illuminate/Container/Container->call(Array)
#26 C:/laragon/www/cadisetramadiR/vendor/symfony/console/Command/Command.php(341): Illuminate/Console/Command->execute(Object(Symfony/Component/Console/Input/ArrayInput), Object(Illuminate/Console/OutputStyle))
#27 C:/laragon/www/cadisetramadiR/vendor/laravel/framework/src/Illuminate/Console/Command.php(180): Symfony/Component/Console/Command/Command->run(Object(Symfony/Component/Console/Input/ArrayInput), Object(Illuminate/Console/OutputStyle))
#28 C:/laragon/www/cadisetramadiR/vendor/laravel/framework/src/Illuminate/Console/Concerns/CallsCommands.php(68): Illuminate/Console/Command->run(Object(Symfony/Component/Console/Input/ArrayInput), Object(Illuminate/Console/OutputStyle))
#29 C:/laragon/www/cadisetramadiR/vendor/laravel/framework/src/Illuminate/Console/Concerns/CallsCommands.php(29): Illuminate/Console/Command->runCommand('migrate', Array, Object(Illuminate/Console/OutputStyle))
#30 C:/laragon/www/cadisetramadiR/vendor/laravel/framework/src/Illuminate/Database/Console/Migrations/FreshCommand.php(88): Illuminate/Console/Command->call('migrate', Array)
#31 C:/laragon/www/cadisetramadiR/vendor/laravel/framework/src/Illuminate/Container/BoundMethod.php(36): Illuminate/Database/Console/Migrations/FreshCommand->handle()
#32 C:/laragon/www/cadisetramadiR/vendor/laravel/framework/src/Illuminate/Container/Util.php(43): Illuminate/Container/BoundMethod::{closure:Illuminate/Container/BoundMethod::call():35}()
#33 C:/laragon/www/cadisetramadiR/vendor/laravel/framework/src/Illuminate/Container/BoundMethod.php(96): Illuminate/Container/Util::unwrapIfClosure(Object(Closure))
#34 C:/laragon/www/cadisetramadiR/vendor/laravel/framework/src/Illuminate/Container/BoundMethod.php(35): Illuminate/Container/BoundMethod::callBoundMethod(Object(Illuminate/Foundation/Application), Array, Object(Closure))
#35 C:/laragon/www/cadisetramadiR/vendor/laravel/framework/src/Illuminate/Container/Container.php(799): Illuminate/Container/BoundMethod::call(Object(Illuminate/Foundation/Application), Array, Array, NULL)
#36 C:/laragon/www/cadisetramadiR/vendor/laravel/framework/src/Illuminate/Console/Command.php(211): Illuminate/Container/Container->call(Array)
#37 C:/laragon/www/cadisetramadiR/vendor/symfony/console/Command/Command.php(341): Illuminate/Console/Command->execute(Object(Symfony/Component/Console/Input/ArgvInput), Object(Illuminate/Console/OutputStyle))
#38 C:/laragon/www/cadisetramadiR/vendor/laravel/framework/src/Illuminate/Console/Command.php(180): Symfony/Component/Console/Command/Command->run(Object(Symfony/Component/Console/Input/ArgvInput), Object(Illuminate/Console/OutputStyle))
#39 C:/laragon/www/cadisetramadiR/vendor/symfony/console/Application.php(1117): Illuminate/Console/Command->run(Object(Symfony/Component/Console/Input/ArgvInput), Object(Symfony/Component/Console/Output/ConsoleOutput))
#40 C:/laragon/www/cadisetramadiR/vendor/symfony/console/Application.php(356): Symfony/Component/Console/Application->doRunCommand(Object(Illuminate/Database/Console/Migrations/FreshCommand), Object(Symfony/Component/Console/Input/ArgvInput), Object(Symfony/Component/Console/Output/ConsoleOutput))
#41 C:/laragon/www/cadisetramadiR/vendor/symfony/console/Application.php(195): Symfony/Component/Console/Application->doRun(Object(Symfony/Component/Console/Input/ArgvInput), Object(Symfony/Component/Console/Output/ConsoleOutput))
#42 C:/laragon/www/cadisetramadiR/vendor/laravel/framework/src/Illuminate/Foundation/Console/Kernel.php(198): Symfony/Component/Console/Application->run(Object(Symfony/Component/Console/Input/ArgvInput), Object(Symfony/Component/Console/Output/ConsoleOutput))
#43 C:/laragon/www/cadisetramadiR/vendor/laravel/framework/src/Illuminate/Foundation/Application.php(1235): Illuminate/Foundation/Console/Kernel->handle(Object(Symfony/Component/Console/Input/ArgvInput), Object(Symfony/Component/Console/Output/ConsoleOutput))
#44 C:/laragon/www/cadisetramadiR/artisan(16): Illuminate/Foundation/Application->handleCommand(Object(Symfony/Component/Console/Input/ArgvInput))
#45 {main}

[previous exception] [object] (PDOException(code: 42S22): SQLSTATE[42S22]: Column not found: 1054 Unknown column 'google_avatar' in 'users' at C:/laragon/www/cadisetramadiR/vendor/laravel/framework/src/Illuminate/Database/Connection.php:584)
[stacktrace]
#0 C:/laragon/www/cadisetramadiR/vendor/laravel/framework/src/Illuminate/Database/Connection.php(584): PDOStatement->execute()
#1 C:/laragon/www/cadisetramadiR/vendor/laravel/framework/src/Illuminate/Database/Connection.php(827): Illuminate/Database/Connection->{closure:Illuminate/Database/Connection::statement():573}('alter table `us...', Array)
#2 C:/laragon/www/cadisetramadiR/vendor/laravel/framework/src/Illuminate/Database/Connection.php(794): Illuminate/Database/Connection->runQueryCallback('alter table `us...', Array, Object(Closure))
#3 C:/laragon/www/cadisetramadiR/vendor/laravel/framework/src/Illuminate/Database/Connection.php(573): Illuminate/Database/Connection->run('alter table `us...', Array, Object(Closure))
#4 C:/laragon/www/cadisetramadiR/vendor/laravel/framework/src/Illuminate/Database/Schema/Blueprint.php(121): Illuminate/Database/Connection->statement('alter table `us...')
#5 C:/laragon/www/cadisetramadiR/vendor/laravel/framework/src/Illuminate/Database/Schema/Builder.php(686): Illuminate/Database/Schema/Blueprint->build()
#6 C:/laragon/www/cadisetramadiR/vendor/laravel/framework/src/Illuminate/Database/Schema/Builder.php(494): Illuminate/Database/Schema/Builder->build(Object(Illuminate/Database/Schema/Blueprint))
#7 C:/laragon/www/cadisetramadiR/vendor/laravel/framework/src/Illuminate/Support/Facades/Facade.php(363): Illuminate/Database/Schema/Builder->table('users', Object(Closure))
#8 C:/laragon/www/cadisetramadiR/database/migrations/2026_08_12_020339_add_settings_to_users_table.php(14): Illuminate/Support/Facades/Facade::__callStatic('table', Array)
#9 C:/laragon/www/cadisetramadiR/vendor/laravel/framework/src/Illuminate/Database/Migrations/Migrator.php(517): Illuminate/Database/Migrations/Migration@anonymous->up()
#10 C:/laragon/www/cadisetramadiR/vendor/laravel/framework/src/Illuminate/Database/Migrations/Migrator.php(442): Illuminate/Database/Migrations/Migrator->runMethod(Object(Illuminate/Database/MySqlConnection), Object(Illuminate/Database/Migrations/Migration@anonymous), 'up')
#11 C:/laragon/www/cadisetramadiR/vendor/laravel/framework/src/Illuminate/Database/Migrations/Migrator.php(451): Illuminate/Database/Migrations/Migrator->{closure:Illuminate/Database/Migrations/Migrator::runMigration():438}()
#12 C:/laragon/www/cadisetramadiR/vendor/laravel/framework/src/Illuminate/Database/Migrations/Migrator.php(253): Illuminate/Database/Migrations/Migrator->runMigration(Object(Illuminate/Database/Migrations/Migration@anonymous), 'up')
#13 C:/laragon/www/cadisetramadiR/vendor/laravel/framework/src/Illuminate/Console/View/Components/Task.php(41): Illuminate/Database/Migrations/Migrator->{closure:Illuminate/Database/Migrations/Migrator::runUp():253}()
#14 C:/laragon/www/cadisetramadiR/vendor/laravel/framework/src/Illuminate/Database/Migrations/Migrator.php(814): Illuminate/Console/View/Components/Task->render('2026_08_12_0203...', Object(Closure))
#15 C:/laragon/www/cadisetramadiR/vendor/laravel/framework/src/Illuminate/Database/Migrations/Migrator.php(253): Illuminate/Database/Migrations/Migrator->write('Illuminate//Cons...', '2026_08_12_0203...', Object(Closure))
#16 C:/laragon/www/cadisetramadiR/vendor/laravel/framework/src/Illuminate/Database/Migrations/Migrator.php(211): Illuminate/Database/Migrations/Migrator->runUp('C://laragon//www//...', 1, false)
#17 C:/laragon/www/cadisetramadiR/vendor/laravel/framework/src/Illuminate/Database/Migrations/Migrator.php(138): Illuminate/Database/Migrations/Migrator->runPending(Array, Array)
#18 C:/laragon/www/cadisetramadiR/vendor/laravel/framework/src/Illuminate/Database/Console/Migrations/MigrateCommand.php(116): Illuminate/Database/Migrations/Migrator->run(Array, Array)
#19 C:/laragon/www/cadisetramadiR/vendor/laravel/framework/src/Illuminate/Database/Migrations/Migrator.php(671): Illuminate/Database/Console/Migrations/MigrateCommand->{closure:Illuminate/Database/Console/Migrations/MigrateCommand::runMigrations():109}()
#20 C:/laragon/www/cadisetramadiR/vendor/laravel/framework/src/Illuminate/Database/Console/Migrations/MigrateCommand.php(109): Illuminate/Database/Migrations/Migrator->usingConnection(NULL, Object(Closure))
#21 C:/laragon/www/cadisetramadiR/vendor/laravel/framework/src/Illuminate/Database/Console/Migrations/MigrateCommand.php(88): Illuminate/Database/Console/Migrations/MigrateCommand->runMigrations()
#22 C:/laragon/www/cadisetramadiR/vendor/laravel/framework/src/Illuminate/Container/BoundMethod.php(36): Illuminate/Database/Console/Migrations/MigrateCommand->handle()
#23 C:/laragon/www/cadisetramadiR/vendor/laravel/framework/src/Illuminate/Container/Util.php(43): Illuminate/Container/BoundMethod::{closure:Illuminate/Container/BoundMethod::call():35}()
#24 C:/laragon/www/cadisetramadiR/vendor/laravel/framework/src/Illuminate/Container/BoundMethod.php(96): Illuminate/Container/Util::unwrapIfClosure(Object(Closure))
#25 C:/laragon/www/cadisetramadiR/vendor/laravel/framework/src/Illuminate/Container/BoundMethod.php(35): Illuminate/Container/BoundMethod::callBoundMethod(Object(Illuminate/Foundation/Application), Array, Object(Closure))
#26 C:/laragon/www/cadisetramadiR/vendor/laravel/framework/src/Illuminate/Container/Container.php(799): Illuminate/Container/BoundMethod::call(Object(Illuminate/Foundation/Application), Array, Array, NULL)
#27 C:/laragon/www/cadisetramadiR/vendor/laravel/framework/src/Illuminate/Console/Command.php(211): Illuminate/Container/Container->call(Array)
#28 C:/laragon/www/cadisetramadiR/vendor/symfony/console/Command/Command.php(341): Illuminate/Console/Command->execute(Object(Symfony/Component/Console/Input/ArrayInput), Object(Illuminate/Console/OutputStyle))
#29 C:/laragon/www/cadisetramadiR/vendor/laravel/framework/src/Illuminate/Console/Command.php(180): Symfony/Component/Console/Command/Command->run(Object(Symfony/Component/Console/Input/ArrayInput), Object(Illuminate/Console/OutputStyle))
#30 C:/laragon/www/cadisetramadiR/vendor/laravel/framework/src/Illuminate/Console/Concerns/CallsCommands.php(68): Illuminate/Console/Command->run(Object(Symfony/Component/Console/Input/ArrayInput), Object(Illuminate/Console/OutputStyle))
#31 C:/laragon/www/cadisetramadiR/vendor/laravel/framework/src/Illuminate/Console/Concerns/CallsCommands.php(29): Illuminate/Console/Command->runCommand('migrate', Array, Object(Illuminate/Console/OutputStyle))
#32 C:/laragon/www/cadisetramadiR/vendor/laravel/framework/src/Illuminate/Database/Console/Migrations/FreshCommand.php(88): Illuminate/Console/Command->call('migrate', Array)
#33 C:/laragon/www/cadisetramadiR/vendor/laravel/framework/src/Illuminate/Container/BoundMethod.php(36): Illuminate/Database/Console/Migrations/FreshCommand->handle()
#34 C:/laragon/www/cadisetramadiR/vendor/laravel/framework/src/Illuminate/Container/Util.php(43): Illuminate/Container/BoundMethod::{closure:Illuminate/Container/BoundMethod::call():35}()
#35 C:/laragon/www/cadisetramadiR/vendor/laravel/framework/src/Illuminate/Container/BoundMethod.php(96): Illuminate/Container/Util::unwrapIfClosure(Object(Closure))
#36 C:/laragon/www/cadisetramadiR/vendor/laravel/framework/src/Illuminate/Container/BoundMethod.php(35): Illuminate/Container/BoundMethod::callBoundMethod(Object(Illuminate/Foundation/Application), Array, Object(Closure))
#37 C:/laragon/www/cadisetramadiR/vendor/laravel/framework/src/Illuminate/Container/Container.php(799): Illuminate/Container/BoundMethod::call(Object(Illuminate/Foundation/Application), Array, Array, NULL)
#38 C:/laragon/www/cadisetramadiR/vendor/laravel/framework/src/Illuminate/Console/Command.php(211): Illuminate/Container/Container->call(Array)
#39 C:/laragon/www/cadisetramadiR/vendor/symfony/console/Command/Command.php(341): Illuminate/Console/Command->execute(Object(Symfony/Component/Console/Input/ArgvInput), Object(Illuminate/Console/OutputStyle))
#40 C:/laragon/www/cadisetramadiR/vendor/laravel/framework/src/Illuminate/Console/Command.php(180): Symfony/Component/Console/Command/Command->run(Object(Symfony/Component/Console/Input/ArgvInput), Object(Illuminate/Console/OutputStyle))
#41 C:/laragon/www/cadisetramadiR/vendor/symfony/console/Application.php(1117): Illuminate/Console/Command->run(Object(Symfony/Component/Console/Input/ArgvInput), Object(Symfony/Component/Console/Output/ConsoleOutput))
#42 C:/laragon/www/cadisetramadiR/vendor/symfony/console/Application.php(356): Symfony/Component/Console/Application->doRunCommand(Object(Illuminate/Database/Console/Migrations/FreshCommand), Object(Symfony/Component/Console/Input/ArgvInput), Object(Symfony/Component/Console/Output/ConsoleOutput))
#43 C:/laragon/www/cadisetramadiR/vendor/symfony/console/Application.php(195): Symfony/Component/Console/Application->doRun(Object(Symfony/Component/Console/Input/ArgvInput), Object(Symfony/Component/Console/Output/ConsoleOutput))
#44 C:/laragon/www/cadisetramadiR/vendor/laravel/framework/src/Illuminate/Foundation/Console/Kernel.php(198): Symfony/Component/Console/Application->run(Object(Symfony/Component/Console/Input/ArgvInput), Object(Symfony/Component/Console/Output/ConsoleOutput))
#45 C:/laragon/www/cadisetramadiR/vendor/laravel/framework/src/Illuminate/Foundation/Application.php(1235): Illuminate/Foundation/Console/Kernel->handle(Object(Symfony/Component/Console/Input/ArgvInput), Object(Symfony/Component/Console/Output/ConsoleOutput))
#46 C:/laragon/www/cadisetramadiR/artisan(16): Illuminate/Foundation/Application->handleCommand(Object(Symfony/Component/Console/Input/ArgvInput))
#47 {main}
"} 
[2026-08-19 04:20:45] local.ERROR: Uncaught ReflectionException: Class "App\Models\ItemPenjualanPolicy" does not exist in Command line code:1
Stack trace:
#0 Command line code(1): ReflectionClass->__construct('App\\Models\\Item...')
#1 [internal function]: {closure:Command line code:1}('App\\Models\\Item...', 'App\\Models\\Item...')
#2 Command line code(1): array_map(Object(Closure), Array, Array)
#3 {main}
  thrown {"exception":"[object] (Symfony\\Component\\ErrorHandler\\Error\\FatalError(code: 0): Uncaught ReflectionException: Class \"App\\Models\\ItemPenjualanPolicy\" does not exist in Command line code:1
Stack trace:
#0 Command line code(1): ReflectionClass->__construct('App\\\\Models\\\\Item...')
#1 [internal function]: {closure:Command line code:1}('App\\\\Models\\\\Item...', 'App\\\\Models\\\\Item...')
#2 Command line code(1): array_map(Object(Closure), Array, Array)
#3 {main}
  thrown at Command line code:1)
[stacktrace]
#0 {main}
"} 
[2026-08-19 04:21:45] local.ERROR: Uncaught ReflectionException: Class "App\Models\ItemPenjualanPolicy" does not exist in Command line code:1
Stack trace:
#0 Command line code(1): ReflectionClass->__construct('App\\Models\\Item...')
#1 [internal function]: {closure:Command line code:1}('App\\Models\\Item...', 'App\\Models\\Item...')
#2 Command line code(1): array_map(Object(Closure), Array, Array)
#3 {main}
  thrown {"exception":"[object] (Symfony\\Component\\ErrorHandler\\Error\\FatalError(code: 0): Uncaught ReflectionException: Class \"App\\Models\\ItemPenjualanPolicy\" does not exist in Command line code:1
Stack trace:
#0 Command line code(1): ReflectionClass->__construct('App\\\\Models\\\\Item...')
#1 [internal function]: {closure:Command line code:1}('App\\\\Models\\\\Item...', 'App\\\\Models\\\\Item...')
#2 Command line code(1): array_map(Object(Closure), Array, Array)
#3 {main}
  thrown at Command line code:1)
[stacktrace]
#0 {main}
"} 
[2026-08-19 04:22:45] local.ERROR: Uncaught ReflectionException: Class "App\Models\ItemPenjualanPolicy" does not exist in Command line code:1
Stack trace:
#0 Command line code(1): ReflectionClass->__construct('App\\Models\\Item...')
#1 [internal function]: {closure:Command line code:1}('App\\Models\\Item...', 'App\\Models\\Item...')
#2 Command line code(1): array_map(Object(Closure), Array, Array)
#3 {main}
  thrown {"exception":"[object] (Symfony\\Component\\ErrorHandler\\Error\\FatalError(code: 0): Uncaught ReflectionException: Class \"App\\Models\\ItemPenjualanPolicy\" does not exist in Command line code:1
Stack trace:
#0 Command line code(1): ReflectionClass->__construct('App\\\\Models\\\\Item...')
#1 [internal function]: {closure:Command line code:1}('App\\\\Models\\\\Item...', 'App\\\\Models\\\\Item...')
#2 Command line code(1): array_map(Object(Closure), Array, Array)
#3 {main}
  thrown at Command line code:1)
[stacktrace]
#0 {main}
"} 
[2026-08-19 04:23:45] local.ERROR: Uncaught ReflectionException: Class "App\Models\ItemPenjualanPolicy" does not exist in Command line code:1
Stack trace:
#0 Command line code(1): ReflectionClass->__construct('App\\Models\\Item...')
#1 [internal function]: {closure:Command line code:1}('App\\Models\\Item...', 'App\\Models\\Item...')
#2 Command line code(1): array_map(Object(Closure), Array, Array)
#3 {main}
  thrown {"exception":"[object] (Symfony\\Component\\ErrorHandler\\Error\\FatalError(code: 0): Uncaught ReflectionException: Class \"App\\Models\\ItemPenjualanPolicy\" does not exist in Command line code:1
Stack trace:
#0 Command line code(1): ReflectionClass->__construct('App\\\\Models\\\\Item...')
#1 [internal function]: {closure:Command line code:1}('App\\\\Models\\\\Item...', 'App\\\\Models\\\\Item...')
#2 Command line code(1): array_map(Object(Closure), Array, Array)
#3 {main}
  thrown at Command line code:1)
[stacktrace]
#0 {main}
"} 
[2026-08-19 04:24:45] local.ERROR: Uncaught ReflectionException: Class "App\Models\ItemPenjualanPolicy" does not exist in Command line code:1
Stack trace:
#0 Command line code(1): ReflectionClass->__construct('App\\Models\\Item...')
#1 [internal function]: {closure:Command line code:1}('App\\Models\\Item...', 'App\\Models\\Item...')
#2 Command line code(1): array_map(Object(Closure), Array, Array)
#3 {main}
  thrown {"exception":"[object] (Symfony\\Component\\ErrorHandler\\Error\\FatalError(code: 0): Uncaught ReflectionException: Class \"App\\Models\\ItemPenjualanPolicy\" does not exist in Command line code:1
Stack trace:
#0 Command line code(1): ReflectionClass->__construct('App\\\\Models\\\\Item...')
#1 [internal function]: {closure:Command line code:1}('App\\\\Models\\\\Item...', 'App\\\\Models\\\\Item...')
#2 Command line code(1): array_map(Object(Closure), Array, Array)
#3 {main}
  thrown at Command line code:1)
[stacktrace]
#0 {main}
"} 
[2026-08-19 04:25:45] local.ERROR: Uncaught ReflectionException: Class "App\Models\ItemPenjualanPolicy" does not exist in Command line code:1
Stack trace:
#0 Command line code(1): ReflectionClass->__construct('App\\Models\\Item...')
#1 [internal function]: {closure:Command line code:1}('App\\Models\\Item...', 'App\\Models\\Item...')
#2 Command line code(1): array_map(Object(Closure), Array, Array)
#3 {main}
  thrown {"exception":"[object] (Symfony\\Component\\ErrorHandler\\Error\\FatalError(code: 0): Uncaught ReflectionException: Class \"App\\Models\\ItemPenjualanPolicy\" does not exist in Command line code:1
Stack trace:
#0 Command line code(1): ReflectionClass->__construct('App\\\\Models\\\\Item...')
#1 [internal function]: {closure:Command line code:1}('App\\\\Models\\\\Item...', 'App\\\\Models\\\\Item...')
#2 Command line code(1): array_map(Object(Closure), Array, Array)
#3 {main}
  thrown at Command line code:1)
[stacktrace]
#0 {main}
"} 
[2026-08-19 04:26:15] local.INFO: Before update - User language: id  
[2026-08-19 04:26:15] local.INFO: Request language: ja  
[2026-08-19 04:26:15] local.INFO: After update - User language: ja  
[2026-08-19 04:26:15] local.INFO: Session locale set to: ja  
[2026-08-19 04:26:15] local.INFO: App locale set to: ja  
[2026-08-19 04:26:25] local.INFO: Before update - User language: ja  
[2026-08-19 04:26:25] local.INFO: Request language: id  
[2026-08-19 04:26:25] local.INFO: After update - User language: id  
[2026-08-19 04:26:25] local.INFO: Session locale set to: id  
[2026-08-19 04:26:25] local.INFO: App locale set to: id  
[2026-08-19 04:26:45] local.ERROR: Uncaught ReflectionException: Class "App\Models\ItemPenjualanPolicy" does not exist in Command line code:1
Stack trace:
#0 Command line code(1): ReflectionClass->__construct('App\\Models\\Item...')
#1 [internal function]: {closure:Command line code:1}('App\\Models\\Item...', 'App\\Models\\Item...')
#2 Command line code(1): array_map(Object(Closure), Array, Array)
#3 {main}
  thrown {"exception":"[object] (Symfony\\Component\\ErrorHandler\\Error\\FatalError(code: 0): Uncaught ReflectionException: Class \"App\\Models\\ItemPenjualanPolicy\" does not exist in Command line code:1
Stack trace:
#0 Command line code(1): ReflectionClass->__construct('App\\\\Models\\\\Item...')
#1 [internal function]: {closure:Command line code:1}('App\\\\Models\\\\Item...', 'App\\\\Models\\\\Item...')
#2 Command line code(1): array_map(Object(Closure), Array, Array)
#3 {main}
  thrown at Command line code:1)
[stacktrace]
#0 {main}
"} 
[2026-08-19 04:27:45] local.ERROR: Uncaught ReflectionException: Class "App\Models\ItemPenjualanPolicy" does not exist in Command line code:1
Stack trace:
#0 Command line code(1): ReflectionClass->__construct('App\\Models\\Item...')
#1 [internal function]: {closure:Command line code:1}('App\\Models\\Item...', 'App\\Models\\Item...')
#2 Command line code(1): array_map(Object(Closure), Array, Array)
#3 {main}
  thrown {"exception":"[object] (Symfony\\Component\\ErrorHandler\\Error\\FatalError(code: 0): Uncaught ReflectionException: Class \"App\\Models\\ItemPenjualanPolicy\" does not exist in Command line code:1
Stack trace:
#0 Command line code(1): ReflectionClass->__construct('App\\\\Models\\\\Item...')
#1 [internal function]: {closure:Command line code:1}('App\\\\Models\\\\Item...', 'App\\\\Models\\\\Item...')
#2 Command line code(1): array_map(Object(Closure), Array, Array)
#3 {main}
  thrown at Command line code:1)
[stacktrace]
#0 {main}
"} 
[2026-08-19 04:28:45] local.ERROR: Uncaught ReflectionException: Class "App\Models\ItemPenjualanPolicy" does not exist in Command line code:1
Stack trace:
#0 Command line code(1): ReflectionClass->__construct('App\\Models\\Item...')
#1 [internal function]: {closure:Command line code:1}('App\\Models\\Item...', 'App\\Models\\Item...')
#2 Command line code(1): array_map(Object(Closure), Array, Array)
#3 {main}
  thrown {"exception":"[object] (Symfony\\Component\\ErrorHandler\\Error\\FatalError(code: 0): Uncaught ReflectionException: Class \"App\\Models\\ItemPenjualanPolicy\" does not exist in Command line code:1
Stack trace:
#0 Command line code(1): ReflectionClass->__construct('App\\\\Models\\\\Item...')
#1 [internal function]: {closure:Command line code:1}('App\\\\Models\\\\Item...', 'App\\\\Models\\\\Item...')
#2 Command line code(1): array_map(Object(Closure), Array, Array)
#3 {main}
  thrown at Command line code:1)
[stacktrace]
#0 {main}
"} 
[2026-08-19 04:29:45] local.ERROR: Uncaught ReflectionException: Class "App\Models\ItemPenjualanPolicy" does not exist in Command line code:1
Stack trace:
#0 Command line code(1): ReflectionClass->__construct('App\\Models\\Item...')
#1 [internal function]: {closure:Command line code:1}('App\\Models\\Item...', 'App\\Models\\Item...')
#2 Command line code(1): array_map(Object(Closure), Array, Array)
#3 {main}
  thrown {"exception":"[object] (Symfony\\Component\\ErrorHandler\\Error\\FatalError(code: 0): Uncaught ReflectionException: Class \"App\\Models\\ItemPenjualanPolicy\" does not exist in Command line code:1
Stack trace:
#0 Command line code(1): ReflectionClass->__construct('App\\\\Models\\\\Item...')
#1 [internal function]: {closure:Command line code:1}('App\\\\Models\\\\Item...', 'App\\\\Models\\\\Item...')
#2 Command line code(1): array_map(Object(Closure), Array, Array)
#3 {main}
  thrown at Command line code:1)
[stacktrace]
#0 {main}
"} 
[2026-08-19 04:30:45] local.ERROR: Uncaught ReflectionException: Class "App\Models\ItemPenjualanPolicy" does not exist in Command line code:1
Stack trace:
#0 Command line code(1): ReflectionClass->__construct('App\\Models\\Item...')
#1 [internal function]: {closure:Command line code:1}('App\\Models\\Item...', 'App\\Models\\Item...')
#2 Command line code(1): array_map(Object(Closure), Array, Array)
#3 {main}
  thrown {"exception":"[object] (Symfony\\Component\\ErrorHandler\\Error\\FatalError(code: 0): Uncaught ReflectionException: Class \"App\\Models\\ItemPenjualanPolicy\" does not exist in Command line code:1
Stack trace:
#0 Command line code(1): ReflectionClass->__construct('App\\\\Models\\\\Item...')
#1 [internal function]: {closure:Command line code:1}('App\\\\Models\\\\Item...', 'App\\\\Models\\\\Item...')
#2 Command line code(1): array_map(Object(Closure), Array, Array)
#3 {main}
  thrown at Command line code:1)
[stacktrace]
#0 {main}
"} 
[2026-08-19 04:31:45] local.ERROR: Uncaught ReflectionException: Class "App\Models\ItemPenjualanPolicy" does not exist in Command line code:1
Stack trace:
#0 Command line code(1): ReflectionClass->__construct('App\\Models\\Item...')
#1 [internal function]: {closure:Command line code:1}('App\\Models\\Item...', 'App\\Models\\Item...')
#2 Command line code(1): array_map(Object(Closure), Array, Array)
#3 {main}
  thrown {"exception":"[object] (Symfony\\Component\\ErrorHandler\\Error\\FatalError(code: 0): Uncaught ReflectionException: Class \"App\\Models\\ItemPenjualanPolicy\" does not exist in Command line code:1
Stack trace:
#0 Command line code(1): ReflectionClass->__construct('App\\\\Models\\\\Item...')
#1 [internal function]: {closure:Command line code:1}('App\\\\Models\\\\Item...', 'App\\\\Models\\\\Item...')
#2 Command line code(1): array_map(Object(Closure), Array, Array)
#3 {main}
  thrown at Command line code:1)
[stacktrace]
#0 {main}
"} 
[2026-08-19 04:32:45] local.ERROR: Uncaught ReflectionException: Class "App\Models\ItemPenjualanPolicy" does not exist in Command line code:1
Stack trace:
#0 Command line code(1): ReflectionClass->__construct('App\\Models\\Item...')
#1 [internal function]: {closure:Command line code:1}('App\\Models\\Item...', 'App\\Models\\Item...')
#2 Command line code(1): array_map(Object(Closure), Array, Array)
#3 {main}
  thrown {"exception":"[object] (Symfony\\Component\\ErrorHandler\\Error\\FatalError(code: 0): Uncaught ReflectionException: Class \"App\\Models\\ItemPenjualanPolicy\" does not exist in Command line code:1
Stack trace:
#0 Command line code(1): ReflectionClass->__construct('App\\\\Models\\\\Item...')
#1 [internal function]: {closure:Command line code:1}('App\\\\Models\\\\Item...', 'App\\\\Models\\\\Item...')
#2 Command line code(1): array_map(Object(Closure), Array, Array)
#3 {main}
  thrown at Command line code:1)
[stacktrace]
#0 {main}
"} 
[2026-08-19 04:33:06] local.INFO: Before update - User language: id  
[2026-08-19 04:33:06] local.INFO: Request language:   
[2026-08-19 04:33:06] local.INFO: After update - User language: id  
[2026-08-19 04:33:06] local.INFO: Session locale set to: id  
[2026-08-19 04:33:06] local.INFO: App locale set to: id  
[2026-08-19 04:33:45] local.ERROR: Uncaught ReflectionException: Class "App\Models\ItemPenjualanPolicy" does not exist in Command line code:1
Stack trace:
#0 Command line code(1): ReflectionClass->__construct('App\\Models\\Item...')
#1 [internal function]: {closure:Command line code:1}('App\\Models\\Item...', 'App\\Models\\Item...')
#2 Command line code(1): array_map(Object(Closure), Array, Array)
#3 {main}
  thrown {"exception":"[object] (Symfony\\Component\\ErrorHandler\\Error\\FatalError(code: 0): Uncaught ReflectionException: Class \"App\\Models\\ItemPenjualanPolicy\" does not exist in Command line code:1
Stack trace:
#0 Command line code(1): ReflectionClass->__construct('App\\\\Models\\\\Item...')
#1 [internal function]: {closure:Command line code:1}('App\\\\Models\\\\Item...', 'App\\\\Models\\\\Item...')
#2 Command line code(1): array_map(Object(Closure), Array, Array)
#3 {main}
  thrown at Command line code:1)
[stacktrace]
#0 {main}
"} 
[2026-08-19 04:33:49] local.INFO: Before update - User language: id  
[2026-08-19 04:33:49] local.INFO: Request language:   
[2026-08-19 04:33:49] local.INFO: After update - User language: id  
[2026-08-19 04:33:49] local.INFO: Session locale set to: id  
[2026-08-19 04:33:49] local.INFO: App locale set to: id  
[2026-08-19 04:34:45] local.ERROR: Uncaught ReflectionException: Class "App\Models\ItemPenjualanPolicy" does not exist in Command line code:1
Stack trace:
#0 Command line code(1): ReflectionClass->__construct('App\\Models\\Item...')
#1 [internal function]: {closure:Command line code:1}('App\\Models\\Item...', 'App\\Models\\Item...')
#2 Command line code(1): array_map(Object(Closure), Array, Array)
#3 {main}
  thrown {"exception":"[object] (Symfony\\Component\\ErrorHandler\\Error\\FatalError(code: 0): Uncaught ReflectionException: Class \"App\\Models\\ItemPenjualanPolicy\" does not exist in Command line code:1
Stack trace:
#0 Command line code(1): ReflectionClass->__construct('App\\\\Models\\\\Item...')
#1 [internal function]: {closure:Command line code:1}('App\\\\Models\\\\Item...', 'App\\\\Models\\\\Item...')
#2 Command line code(1): array_map(Object(Closure), Array, Array)
#3 {main}
  thrown at Command line code:1)
[stacktrace]
#0 {main}
"} 
[2026-08-19 04:35:45] local.ERROR: Uncaught ReflectionException: Class "App\Models\ItemPenjualanPolicy" does not exist in Command line code:1
Stack trace:
#0 Command line code(1): ReflectionClass->__construct('App\\Models\\Item...')
#1 [internal function]: {closure:Command line code:1}('App\\Models\\Item...', 'App\\Models\\Item...')
#2 Command line code(1): array_map(Object(Closure), Array, Array)
#3 {main}
  thrown {"exception":"[object] (Symfony\\Component\\ErrorHandler\\Error\\FatalError(code: 0): Uncaught ReflectionException: Class \"App\\Models\\ItemPenjualanPolicy\" does not exist in Command line code:1
Stack trace:
#0 Command line code(1): ReflectionClass->__construct('App\\\\Models\\\\Item...')
#1 [internal function]: {closure:Command line code:1}('App\\\\Models\\\\Item...', 'App\\\\Models\\\\Item...')
#2 Command line code(1): array_map(Object(Closure), Array, Array)
#3 {main}
  thrown at Command line code:1)
[stacktrace]
#0 {main}
"} 
[2026-08-19 04:36:45] local.ERROR: Uncaught ReflectionException: Class "App\Models\ItemPenjualanPolicy" does not exist in Command line code:1
Stack trace:
#0 Command line code(1): ReflectionClass->__construct('App\\Models\\Item...')
#1 [internal function]: {closure:Command line code:1}('App\\Models\\Item...', 'App\\Models\\Item...')
#2 Command line code(1): array_map(Object(Closure), Array, Array)
#3 {main}
  thrown {"exception":"[object] (Symfony\\Component\\ErrorHandler\\Error\\FatalError(code: 0): Uncaught ReflectionException: Class \"App\\Models\\ItemPenjualanPolicy\" does not exist in Command line code:1
Stack trace:
#0 Command line code(1): ReflectionClass->__construct('App\\\\Models\\\\Item...')
#1 [internal function]: {closure:Command line code:1}('App\\\\Models\\\\Item...', 'App\\\\Models\\\\Item...')
#2 Command line code(1): array_map(Object(Closure), Array, Array)
#3 {main}
  thrown at Command line code:1)
[stacktrace]
#0 {main}
"} 
[2026-08-19 04:37:45] local.ERROR: Uncaught ReflectionException: Class "App\Models\ItemPenjualanPolicy" does not exist in Command line code:1
Stack trace:
#0 Command line code(1): ReflectionClass->__construct('App\\Models\\Item...')
#1 [internal function]: {closure:Command line code:1}('App\\Models\\Item...', 'App\\Models\\Item...')
#2 Command line code(1): array_map(Object(Closure), Array, Array)
#3 {main}
  thrown {"exception":"[object] (Symfony\\Component\\ErrorHandler\\Error\\FatalError(code: 0): Uncaught ReflectionException: Class \"App\\Models\\ItemPenjualanPolicy\" does not exist in Command line code:1
Stack trace:
#0 Command line code(1): ReflectionClass->__construct('App\\\\Models\\\\Item...')
#1 [internal function]: {closure:Command line code:1}('App\\\\Models\\\\Item...', 'App\\\\Models\\\\Item...')
#2 Command line code(1): array_map(Object(Closure), Array, Array)
#3 {main}
  thrown at Command line code:1)
[stacktrace]
#0 {main}
"} 
[2026-08-19 04:38:45] local.ERROR: Uncaught ReflectionException: Class "App\Models\ItemPenjualanPolicy" does not exist in Command line code:1
Stack trace:
#0 Command line code(1): ReflectionClass->__construct('App\\Models\\Item...')
#1 [internal function]: {closure:Command line code:1}('App\\Models\\Item...', 'App\\Models\\Item...')
#2 Command line code(1): array_map(Object(Closure), Array, Array)
#3 {main}
  thrown {"exception":"[object] (Symfony\\Component\\ErrorHandler\\Error\\FatalError(code: 0): Uncaught ReflectionException: Class \"App\\Models\\ItemPenjualanPolicy\" does not exist in Command line code:1
Stack trace:
#0 Command line code(1): ReflectionClass->__construct('App\\\\Models\\\\Item...')
#1 [internal function]: {closure:Command line code:1}('App\\\\Models\\\\Item...', 'App\\\\Models\\\\Item...')
#2 Command line code(1): array_map(Object(Closure), Array, Array)
#3 {main}
  thrown at Command line code:1)
[stacktrace]
#0 {main}
"} 
[2026-08-19 04:39:45] local.ERROR: Uncaught ReflectionException: Class "App\Models\ItemPenjualanPolicy" does not exist in Command line code:1
Stack trace:
#0 Command line code(1): ReflectionClass->__construct('App\\Models\\Item...')
#1 [internal function]: {closure:Command line code:1}('App\\Models\\Item...', 'App\\Models\\Item...')
#2 Command line code(1): array_map(Object(Closure), Array, Array)
#3 {main}
  thrown {"exception":"[object] (Symfony\\Component\\ErrorHandler\\Error\\FatalError(code: 0): Uncaught ReflectionException: Class \"App\\Models\\ItemPenjualanPolicy\" does not exist in Command line code:1
Stack trace:
#0 Command line code(1): ReflectionClass->__construct('App\\\\Models\\\\Item...')
#1 [internal function]: {closure:Command line code:1}('App\\\\Models\\\\Item...', 'App\\\\Models\\\\Item...')
#2 Command line code(1): array_map(Object(Closure), Array, Array)
#3 {main}
  thrown at Command line code:1)
[stacktrace]
#0 {main}
"} 
[2026-08-19 04:40:45] local.ERROR: Uncaught ReflectionException: Class "App\Models\ItemPenjualanPolicy" does not exist in Command line code:1
Stack trace:
#0 Command line code(1): ReflectionClass->__construct('App\\Models\\Item...')
#1 [internal function]: {closure:Command line code:1}('App\\Models\\Item...', 'App\\Models\\Item...')
#2 Command line code(1): array_map(Object(Closure), Array, Array)
#3 {main}
  thrown {"exception":"[object] (Symfony\\Component\\ErrorHandler\\Error\\FatalError(code: 0): Uncaught ReflectionException: Class \"App\\Models\\ItemPenjualanPolicy\" does not exist in Command line code:1
Stack trace:
#0 Command line code(1): ReflectionClass->__construct('App\\\\Models\\\\Item...')
#1 [internal function]: {closure:Command line code:1}('App\\\\Models\\\\Item...', 'App\\\\Models\\\\Item...')
#2 Command line code(1): array_map(Object(Closure), Array, Array)
#3 {main}
  thrown at Command line code:1)
[stacktrace]
#0 {main}
"} 
[2026-08-19 04:41:45] local.ERROR: Uncaught ReflectionException: Class "App\Models\ItemPenjualanPolicy" does not exist in Command line code:1
Stack trace:
#0 Command line code(1): ReflectionClass->__construct('App\\Models\\Item...')
#1 [internal function]: {closure:Command line code:1}('App\\Models\\Item...', 'App\\Models\\Item...')
#2 Command line code(1): array_map(Object(Closure), Array, Array)
#3 {main}
  thrown {"exception":"[object] (Symfony\\Component\\ErrorHandler\\Error\\FatalError(code: 0): Uncaught ReflectionException: Class \"App\\Models\\ItemPenjualanPolicy\" does not exist in Command line code:1
Stack trace:
#0 Command line code(1): ReflectionClass->__construct('App\\\\Models\\\\Item...')
#1 [internal function]: {closure:Command line code:1}('App\\\\Models\\\\Item...', 'App\\\\Models\\\\Item...')
#2 Command line code(1): array_map(Object(Closure), Array, Array)
#3 {main}
  thrown at Command line code:1)
[stacktrace]
#0 {main}
"} 
[2026-08-19 04:42:45] local.ERROR: Uncaught ReflectionException: Class "App\Models\ItemPenjualanPolicy" does not exist in Command line code:1
Stack trace:
#0 Command line code(1): ReflectionClass->__construct('App\\Models\\Item...')
#1 [internal function]: {closure:Command line code:1}('App\\Models\\Item...', 'App\\Models\\Item...')
#2 Command line code(1): array_map(Object(Closure), Array, Array)
#3 {main}
  thrown {"exception":"[object] (Symfony\\Component\\ErrorHandler\\Error\\FatalError(code: 0): Uncaught ReflectionException: Class \"App\\Models\\ItemPenjualanPolicy\" does not exist in Command line code:1
Stack trace:
#0 Command line code(1): ReflectionClass->__construct('App\\\\Models\\\\Item...')
#1 [internal function]: {closure:Command line code:1}('App\\\\Models\\\\Item...', 'App\\\\Models\\\\Item...')
#2 Command line code(1): array_map(Object(Closure), Array, Array)
#3 {main}
  thrown at Command line code:1)
[stacktrace]
#0 {main}
"} 
[2026-08-19 04:43:45] local.ERROR: Uncaught ReflectionException: Class "App\Models\ItemPenjualanPolicy" does not exist in Command line code:1
Stack trace:
#0 Command line code(1): ReflectionClass->__construct('App\\Models\\Item...')
#1 [internal function]: {closure:Command line code:1}('App\\Models\\Item...', 'App\\Models\\Item...')
#2 Command line code(1): array_map(Object(Closure), Array, Array)
#3 {main}
  thrown {"exception":"[object] (Symfony\\Component\\ErrorHandler\\Error\\FatalError(code: 0): Uncaught ReflectionException: Class \"App\\Models\\ItemPenjualanPolicy\" does not exist in Command line code:1
Stack trace:
#0 Command line code(1): ReflectionClass->__construct('App\\\\Models\\\\Item...')
#1 [internal function]: {closure:Command line code:1}('App\\\\Models\\\\Item...', 'App\\\\Models\\\\Item...')
#2 Command line code(1): array_map(Object(Closure), Array, Array)
#3 {main}
  thrown at Command line code:1)
[stacktrace]
#0 {main}
"} 
[2026-08-19 04:44:45] local.ERROR: Uncaught ReflectionException: Class "App\Models\ItemPenjualanPolicy" does not exist in Command line code:1
Stack trace:
#0 Command line code(1): ReflectionClass->__construct('App\\Models\\Item...')
#1 [internal function]: {closure:Command line code:1}('App\\Models\\Item...', 'App\\Models\\Item...')
#2 Command line code(1): array_map(Object(Closure), Array, Array)
#3 {main}
  thrown {"exception":"[object] (Symfony\\Component\\ErrorHandler\\Error\\FatalError(code: 0): Uncaught ReflectionException: Class \"App\\Models\\ItemPenjualanPolicy\" does not exist in Command line code:1
Stack trace:
#0 Command line code(1): ReflectionClass->__construct('App\\\\Models\\\\Item...')
#1 [internal function]: {closure:Command line code:1}('App\\\\Models\\\\Item...', 'App\\\\Models\\\\Item...')
#2 Command line code(1): array_map(Object(Closure), Array, Array)
#3 {main}
  thrown at Command line code:1)
[stacktrace]
#0 {main}
"} 
[2026-08-19 04:45:45] local.ERROR: Uncaught ReflectionException: Class "App\Models\ItemPenjualanPolicy" does not exist in Command line code:1
Stack trace:
#0 Command line code(1): ReflectionClass->__construct('App\\Models\\Item...')
#1 [internal function]: {closure:Command line code:1}('App\\Models\\Item...', 'App\\Models\\Item...')
#2 Command line code(1): array_map(Object(Closure), Array, Array)
#3 {main}
  thrown {"exception":"[object] (Symfony\\Component\\ErrorHandler\\Error\\FatalError(code: 0): Uncaught ReflectionException: Class \"App\\Models\\ItemPenjualanPolicy\" does not exist in Command line code:1
Stack trace:
#0 Command line code(1): ReflectionClass->__construct('App\\\\Models\\\\Item...')
#1 [internal function]: {closure:Command line code:1}('App\\\\Models\\\\Item...', 'App\\\\Models\\\\Item...')
#2 Command line code(1): array_map(Object(Closure), Array, Array)
#3 {main}
  thrown at Command line code:1)
[stacktrace]
#0 {main}
"} 
[2026-08-19 04:45:46] local.INFO: Updating settings for User ID: 4  
[2026-08-19 04:45:46] local.INFO: Settings updated successfully for User ID: 4  
[2026-08-19 04:46:00] local.INFO: Updating settings for User ID: 4  
[2026-08-19 04:46:00] local.INFO: Settings updated successfully for User ID: 4  
[2026-08-19 04:46:33] local.INFO: Sending notification to user: 1 - Vicky Fitriani Andriani S.IP  
[2026-08-19 04:46:33] local.INFO: Sending notification to user: 2 - Jane Purnawati  
[2026-08-19 04:46:33] local.INFO: Sending notification to user: 3 - Damu Haryanto  
[2026-08-19 04:46:33] local.INFO: Sending notification to user: 4 - Bagya Perkasa Jailani S.Pt  
[2026-08-19 04:46:33] local.INFO: Sending notification to user: 5 - Warta Darmanto Kusumo  
[2026-08-19 04:46:33] local.INFO: Sending notification to user: 6 - Test User  
[2026-08-19 04:46:45] local.ERROR: Uncaught ReflectionException: Class "App\Models\ItemPenjualanPolicy" does not exist in Command line code:1
Stack trace:
#0 Command line code(1): ReflectionClass->__construct('App\\Models\\Item...')
#1 [internal function]: {closure:Command line code:1}('App\\Models\\Item...', 'App\\Models\\Item...')
#2 Command line code(1): array_map(Object(Closure), Array, Array)
#3 {main}
  thrown {"exception":"[object] (Symfony\\Component\\ErrorHandler\\Error\\FatalError(code: 0): Uncaught ReflectionException: Class \"App\\Models\\ItemPenjualanPolicy\" does not exist in Command line code:1
Stack trace:
#0 Command line code(1): ReflectionClass->__construct('App\\\\Models\\\\Item...')
#1 [internal function]: {closure:Command line code:1}('App\\\\Models\\\\Item...', 'App\\\\Models\\\\Item...')
#2 Command line code(1): array_map(Object(Closure), Array, Array)
#3 {main}
  thrown at Command line code:1)
[stacktrace]
#0 {main}
"} 
[2026-08-19 05:37:42] local.ERROR: Uncaught ReflectionException: Class "App\Models\ItemPenjualanPolicy" does not exist in Command line code:1
Stack trace:
#0 Command line code(1): ReflectionClass->__construct('App\\Models\\Item...')
#1 [internal function]: {closure:Command line code:1}('App\\Models\\Item...', 'App\\Models\\Item...')
#2 Command line code(1): array_map(Object(Closure), Array, Array)
#3 {main}
  thrown {"exception":"[object] (Symfony\\Component\\ErrorHandler\\Error\\FatalError(code: 0): Uncaught ReflectionException: Class \"App\\Models\\ItemPenjualanPolicy\" does not exist in Command line code:1
Stack trace:
#0 Command line code(1): ReflectionClass->__construct('App\\\\Models\\\\Item...')
#1 [internal function]: {closure:Command line code:1}('App\\\\Models\\\\Item...', 'App\\\\Models\\\\Item...')
#2 Command line code(1): array_map(Object(Closure), Array, Array)
#3 {main}
  thrown at Command line code:1)
[stacktrace]
#0 {main}
"} 
[2026-08-19 05:38:58] local.ERROR: Uncaught ReflectionException: Class "App\Models\ItemPenjualanPolicy" does not exist in Command line code:1
Stack trace:
#0 Command line code(1): ReflectionClass->__construct('App\\Models\\Item...')
#1 [internal function]: {closure:Command line code:1}('App\\Models\\Item...', 'App\\Models\\Item...')
#2 Command line code(1): array_map(Object(Closure), Array, Array)
#3 {main}
  thrown {"exception":"[object] (Symfony\\Component\\ErrorHandler\\Error\\FatalError(code: 0): Uncaught ReflectionException: Class \"App\\Models\\ItemPenjualanPolicy\" does not exist in Command line code:1
Stack trace:
#0 Command line code(1): ReflectionClass->__construct('App\\\\Models\\\\Item...')
#1 [internal function]: {closure:Command line code:1}('App\\\\Models\\\\Item...', 'App\\\\Models\\\\Item...')
#2 Command line code(1): array_map(Object(Closure), Array, Array)
#3 {main}
  thrown at Command line code:1)
[stacktrace]
#0 {main}
"} 
[2026-08-19 05:39:41] local.ERROR: Uncaught ReflectionException: Class "App\Models\ItemPenjualanPolicy" does not exist in Command line code:1
Stack trace:
#0 Command line code(1): ReflectionClass->__construct('App\\Models\\Item...')
#1 [internal function]: {closure:Command line code:1}('App\\Models\\Item...', 'App\\Models\\Item...')
#2 Command line code(1): array_map(Object(Closure), Array, Array)
#3 {main}
  thrown {"exception":"[object] (Symfony\\Component\\ErrorHandler\\Error\\FatalError(code: 0): Uncaught ReflectionException: Class \"App\\Models\\ItemPenjualanPolicy\" does not exist in Command line code:1
Stack trace:
#0 Command line code(1): ReflectionClass->__construct('App\\\\Models\\\\Item...')
#1 [internal function]: {closure:Command line code:1}('App\\\\Models\\\\Item...', 'App\\\\Models\\\\Item...')
#2 Command line code(1): array_map(Object(Closure), Array, Array)
#3 {main}
  thrown at Command line code:1)
[stacktrace]
#0 {main}
"} 
[2026-08-19 05:40:41] local.ERROR: Uncaught ReflectionException: Class "App\Models\ItemPenjualanPolicy" does not exist in Command line code:1
Stack trace:
#0 Command line code(1): ReflectionClass->__construct('App\\Models\\Item...')
#1 [internal function]: {closure:Command line code:1}('App\\Models\\Item...', 'App\\Models\\Item...')
#2 Command line code(1): array_map(Object(Closure), Array, Array)
#3 {main}
  thrown {"exception":"[object] (Symfony\\Component\\ErrorHandler\\Error\\FatalError(code: 0): Uncaught ReflectionException: Class \"App\\Models\\ItemPenjualanPolicy\" does not exist in Command line code:1
Stack trace:
#0 Command line code(1): ReflectionClass->__construct('App\\\\Models\\\\Item...')
#1 [internal function]: {closure:Command line code:1}('App\\\\Models\\\\Item...', 'App\\\\Models\\\\Item...')
#2 Command line code(1): array_map(Object(Closure), Array, Array)
#3 {main}
  thrown at Command line code:1)
[stacktrace]
#0 {main}
"} 
[2026-08-19 05:41:41] local.ERROR: Uncaught ReflectionException: Class "App\Models\ItemPenjualanPolicy" does not exist in Command line code:1
Stack trace:
#0 Command line code(1): ReflectionClass->__construct('App\\Models\\Item...')
#1 [internal function]: {closure:Command line code:1}('App\\Models\\Item...', 'App\\Models\\Item...')
#2 Command line code(1): array_map(Object(Closure), Array, Array)
#3 {main}
  thrown {"exception":"[object] (Symfony\\Component\\ErrorHandler\\Error\\FatalError(code: 0): Uncaught ReflectionException: Class \"App\\Models\\ItemPenjualanPolicy\" does not exist in Command line code:1
Stack trace:
#0 Command line code(1): ReflectionClass->__construct('App\\\\Models\\\\Item...')
#1 [internal function]: {closure:Command line code:1}('App\\\\Models\\\\Item...', 'App\\\\Models\\\\Item...')
#2 Command line code(1): array_map(Object(Closure), Array, Array)
#3 {main}
  thrown at Command line code:1)
[stacktrace]
#0 {main}
"} 
[2026-08-19 05:44:56] local.ERROR: Uncaught ReflectionException: Class "App\Models\ItemPenjualanPolicy" does not exist in Command line code:1
Stack trace:
#0 Command line code(1): ReflectionClass->__construct('App\\Models\\Item...')
#1 [internal function]: {closure:Command line code:1}('App\\Models\\Item...', 'App\\Models\\Item...')
#2 Command line code(1): array_map(Object(Closure), Array, Array)
#3 {main}
  thrown {"exception":"[object] (Symfony\\Component\\ErrorHandler\\Error\\FatalError(code: 0): Uncaught ReflectionException: Class \"App\\Models\\ItemPenjualanPolicy\" does not exist in Command line code:1
Stack trace:
#0 Command line code(1): ReflectionClass->__construct('App\\\\Models\\\\Item...')
#1 [internal function]: {closure:Command line code:1}('App\\\\Models\\\\Item...', 'App\\\\Models\\\\Item...')
#2 Command line code(1): array_map(Object(Closure), Array, Array)
#3 {main}
  thrown at Command line code:1)
[stacktrace]
#0 {main}
"} 
[2026-08-19 05:45:55] local.ERROR: Uncaught ReflectionException: Class "App\Models\ItemPenjualanPolicy" does not exist in Command line code:1
Stack trace:
#0 Command line code(1): ReflectionClass->__construct('App\\Models\\Item...')
#1 [internal function]: {closure:Command line code:1}('App\\Models\\Item...', 'App\\Models\\Item...')
#2 Command line code(1): array_map(Object(Closure), Array, Array)
#3 {main}
  thrown {"exception":"[object] (Symfony\\Component\\ErrorHandler\\Error\\FatalError(code: 0): Uncaught ReflectionException: Class \"App\\Models\\ItemPenjualanPolicy\" does not exist in Command line code:1
Stack trace:
#0 Command line code(1): ReflectionClass->__construct('App\\\\Models\\\\Item...')
#1 [internal function]: {closure:Command line code:1}('App\\\\Models\\\\Item...', 'App\\\\Models\\\\Item...')
#2 Command line code(1): array_map(Object(Closure), Array, Array)
#3 {main}
  thrown at Command line code:1)
[stacktrace]
#0 {main}
"} 
[2026-08-19 05:46:16] local.INFO: Sending notification to user: 1 - Vicky Fitriani Andriani S.IP  
[2026-08-19 05:46:17] local.INFO: Sending notification to user: 2 - Jane Purnawati  
[2026-08-19 05:46:17] local.INFO: Sending notification to user: 3 - Damu Haryanto  
[2026-08-19 05:46:17] local.INFO: Sending notification to user: 4 - Bagya Perkasa Jailani S.Pt  
[2026-08-19 05:46:17] local.INFO: Sending notification to user: 5 - Warta Darmanto Kusumo  
[2026-08-19 05:46:17] local.INFO: Sending notification to user: 6 - Test User  
[2026-08-19 05:46:58] local.ERROR: Uncaught ReflectionException: Class "App\Models\ItemPenjualanPolicy" does not exist in Command line code:1
Stack trace:
#0 Command line code(1): ReflectionClass->__construct('App\\Models\\Item...')
#1 [internal function]: {closure:Command line code:1}('App\\Models\\Item...', 'App\\Models\\Item...')
#2 Command line code(1): array_map(Object(Closure), Array, Array)
#3 {main}
  thrown {"exception":"[object] (Symfony\\Component\\ErrorHandler\\Error\\FatalError(code: 0): Uncaught ReflectionException: Class \"App\\Models\\ItemPenjualanPolicy\" does not exist in Command line code:1
Stack trace:
#0 Command line code(1): ReflectionClass->__construct('App\\\\Models\\\\Item...')
#1 [internal function]: {closure:Command line code:1}('App\\\\Models\\\\Item...', 'App\\\\Models\\\\Item...')
#2 Command line code(1): array_map(Object(Closure), Array, Array)
#3 {main}
  thrown at Command line code:1)
[stacktrace]
#0 {main}
"} 
[2026-08-19 05:47:55] local.ERROR: Uncaught ReflectionException: Class "App\Models\ItemPenjualanPolicy" does not exist in Command line code:1
Stack trace:
#0 Command line code(1): ReflectionClass->__construct('App\\Models\\Item...')
#1 [internal function]: {closure:Command line code:1}('App\\Models\\Item...', 'App\\Models\\Item...')
#2 Command line code(1): array_map(Object(Closure), Array, Array)
#3 {main}
  thrown {"exception":"[object] (Symfony\\Component\\ErrorHandler\\Error\\FatalError(code: 0): Uncaught ReflectionException: Class \"App\\Models\\ItemPenjualanPolicy\" does not exist in Command line code:1
Stack trace:
#0 Command line code(1): ReflectionClass->__construct('App\\\\Models\\\\Item...')
#1 [internal function]: {closure:Command line code:1}('App\\\\Models\\\\Item...', 'App\\\\Models\\\\Item...')
#2 Command line code(1): array_map(Object(Closure), Array, Array)
#3 {main}
  thrown at Command line code:1)
[stacktrace]
#0 {main}
"} 
[2026-08-19 05:48:55] local.ERROR: Uncaught ReflectionException: Class "App\Models\ItemPenjualanPolicy" does not exist in Command line code:1
Stack trace:
#0 Command line code(1): ReflectionClass->__construct('App\\Models\\Item...')
#1 [internal function]: {closure:Command line code:1}('App\\Models\\Item...', 'App\\Models\\Item...')
#2 Command line code(1): array_map(Object(Closure), Array, Array)
#3 {main}
  thrown {"exception":"[object] (Symfony\\Component\\ErrorHandler\\Error\\FatalError(code: 0): Uncaught ReflectionException: Class \"App\\Models\\ItemPenjualanPolicy\" does not exist in Command line code:1
Stack trace:
#0 Command line code(1): ReflectionClass->__construct('App\\\\Models\\\\Item...')
#1 [internal function]: {closure:Command line code:1}('App\\\\Models\\\\Item...', 'App\\\\Models\\\\Item...')
#2 Command line code(1): array_map(Object(Closure), Array, Array)
#3 {main}
  thrown at Command line code:1)
[stacktrace]
#0 {main}
"} 
[2026-08-19 05:49:55] local.ERROR: Uncaught ReflectionException: Class "App\Models\ItemPenjualanPolicy" does not exist in Command line code:1
Stack trace:
#0 Command line code(1): ReflectionClass->__construct('App\\Models\\Item...')
#1 [internal function]: {closure:Command line code:1}('App\\Models\\Item...', 'App\\Models\\Item...')
#2 Command line code(1): array_map(Object(Closure), Array, Array)
#3 {main}
  thrown {"exception":"[object] (Symfony\\Component\\ErrorHandler\\Error\\FatalError(code: 0): Uncaught ReflectionException: Class \"App\\Models\\ItemPenjualanPolicy\" does not exist in Command line code:1
Stack trace:
#0 Command line code(1): ReflectionClass->__construct('App\\\\Models\\\\Item...')
#1 [internal function]: {closure:Command line code:1}('App\\\\Models\\\\Item...', 'App\\\\Models\\\\Item...')
#2 Command line code(1): array_map(Object(Closure), Array, Array)
#3 {main}
  thrown at Command line code:1)
[stacktrace]
#0 {main}
"} 
[2026-08-19 05:50:55] local.ERROR: Uncaught ReflectionException: Class "App\Models\ItemPenjualanPolicy" does not exist in Command line code:1
Stack trace:
#0 Command line code(1): ReflectionClass->__construct('App\\Models\\Item...')
#1 [internal function]: {closure:Command line code:1}('App\\Models\\Item...', 'App\\Models\\Item...')
#2 Command line code(1): array_map(Object(Closure), Array, Array)
#3 {main}
  thrown {"exception":"[object] (Symfony\\Component\\ErrorHandler\\Error\\FatalError(code: 0): Uncaught ReflectionException: Class \"App\\Models\\ItemPenjualanPolicy\" does not exist in Command line code:1
Stack trace:
#0 Command line code(1): ReflectionClass->__construct('App\\\\Models\\\\Item...')
#1 [internal function]: {closure:Command line code:1}('App\\\\Models\\\\Item...', 'App\\\\Models\\\\Item...')
#2 Command line code(1): array_map(Object(Closure), Array, Array)
#3 {main}
  thrown at Command line code:1)
[stacktrace]
#0 {main}
"} 
[2026-08-19 05:51:55] local.ERROR: Uncaught ReflectionException: Class "App\Models\ItemPenjualanPolicy" does not exist in Command line code:1
Stack trace:
#0 Command line code(1): ReflectionClass->__construct('App\\Models\\Item...')
#1 [internal function]: {closure:Command line code:1}('App\\Models\\Item...', 'App\\Models\\Item...')
#2 Command line code(1): array_map(Object(Closure), Array, Array)
#3 {main}
  thrown {"exception":"[object] (Symfony\\Component\\ErrorHandler\\Error\\FatalError(code: 0): Uncaught ReflectionException: Class \"App\\Models\\ItemPenjualanPolicy\" does not exist in Command line code:1
Stack trace:
#0 Command line code(1): ReflectionClass->__construct('App\\\\Models\\\\Item...')
#1 [internal function]: {closure:Command line code:1}('App\\\\Models\\\\Item...', 'App\\\\Models\\\\Item...')
#2 Command line code(1): array_map(Object(Closure), Array, Array)
#3 {main}
  thrown at Command line code:1)
[stacktrace]
#0 {main}
"} 
[2026-08-19 05:52:55] local.ERROR: Uncaught ReflectionException: Class "App\Models\ItemPenjualanPolicy" does not exist in Command line code:1
Stack trace:
#0 Command line code(1): ReflectionClass->__construct('App\\Models\\Item...')
#1 [internal function]: {closure:Command line code:1}('App\\Models\\Item...', 'App\\Models\\Item...')
#2 Command line code(1): array_map(Object(Closure), Array, Array)
#3 {main}
  thrown {"exception":"[object] (Symfony\\Component\\ErrorHandler\\Error\\FatalError(code: 0): Uncaught ReflectionException: Class \"App\\Models\\ItemPenjualanPolicy\" does not exist in Command line code:1
Stack trace:
#0 Command line code(1): ReflectionClass->__construct('App\\\\Models\\\\Item...')
#1 [internal function]: {closure:Command line code:1}('App\\\\Models\\\\Item...', 'App\\\\Models\\\\Item...')
#2 Command line code(1): array_map(Object(Closure), Array, Array)
#3 {main}
  thrown at Command line code:1)
[stacktrace]
#0 {main}
"} 
[2026-08-19 05:53:55] local.ERROR: Uncaught ReflectionException: Class "App\Models\ItemPenjualanPolicy" does not exist in Command line code:1
Stack trace:
#0 Command line code(1): ReflectionClass->__construct('App\\Models\\Item...')
#1 [internal function]: {closure:Command line code:1}('App\\Models\\Item...', 'App\\Models\\Item...')
#2 Command line code(1): array_map(Object(Closure), Array, Array)
#3 {main}
  thrown {"exception":"[object] (Symfony\\Component\\ErrorHandler\\Error\\FatalError(code: 0): Uncaught ReflectionException: Class \"App\\Models\\ItemPenjualanPolicy\" does not exist in Command line code:1
Stack trace:
#0 Command line code(1): ReflectionClass->__construct('App\\\\Models\\\\Item...')
#1 [internal function]: {closure:Command line code:1}('App\\\\Models\\\\Item...', 'App\\\\Models\\\\Item...')
#2 Command line code(1): array_map(Object(Closure), Array, Array)
#3 {main}
  thrown at Command line code:1)
[stacktrace]
#0 {main}
"} 
[2026-08-19 05:54:55] local.ERROR: Uncaught ReflectionException: Class "App\Models\ItemPenjualanPolicy" does not exist in Command line code:1
Stack trace:
#0 Command line code(1): ReflectionClass->__construct('App\\Models\\Item...')
#1 [internal function]: {closure:Command line code:1}('App\\Models\\Item...', 'App\\Models\\Item...')
#2 Command line code(1): array_map(Object(Closure), Array, Array)
#3 {main}
  thrown {"exception":"[object] (Symfony\\Component\\ErrorHandler\\Error\\FatalError(code: 0): Uncaught ReflectionException: Class \"App\\Models\\ItemPenjualanPolicy\" does not exist in Command line code:1
Stack trace:
#0 Command line code(1): ReflectionClass->__construct('App\\\\Models\\\\Item...')
#1 [internal function]: {closure:Command line code:1}('App\\\\Models\\\\Item...', 'App\\\\Models\\\\Item...')
#2 Command line code(1): array_map(Object(Closure), Array, Array)
#3 {main}
  thrown at Command line code:1)
[stacktrace]
#0 {main}
"} 
[2026-08-19 05:55:55] local.ERROR: Uncaught ReflectionException: Class "App\Models\ItemPenjualanPolicy" does not exist in Command line code:1
Stack trace:
#0 Command line code(1): ReflectionClass->__construct('App\\Models\\Item...')
#1 [internal function]: {closure:Command line code:1}('App\\Models\\Item...', 'App\\Models\\Item...')
#2 Command line code(1): array_map(Object(Closure), Array, Array)
#3 {main}
  thrown {"exception":"[object] (Symfony\\Component\\ErrorHandler\\Error\\FatalError(code: 0): Uncaught ReflectionException: Class \"App\\Models\\ItemPenjualanPolicy\" does not exist in Command line code:1
Stack trace:
#0 Command line code(1): ReflectionClass->__construct('App\\\\Models\\\\Item...')
#1 [internal function]: {closure:Command line code:1}('App\\\\Models\\\\Item...', 'App\\\\Models\\\\Item...')
#2 Command line code(1): array_map(Object(Closure), Array, Array)
#3 {main}
  thrown at Command line code:1)
[stacktrace]
#0 {main}
"} 
[2026-08-19 05:56:55] local.ERROR: Uncaught ReflectionException: Class "App\Models\ItemPenjualanPolicy" does not exist in Command line code:1
Stack trace:
#0 Command line code(1): ReflectionClass->__construct('App\\Models\\Item...')
#1 [internal function]: {closure:Command line code:1}('App\\Models\\Item...', 'App\\Models\\Item...')
#2 Command line code(1): array_map(Object(Closure), Array, Array)
#3 {main}
  thrown {"exception":"[object] (Symfony\\Component\\ErrorHandler\\Error\\FatalError(code: 0): Uncaught ReflectionException: Class \"App\\Models\\ItemPenjualanPolicy\" does not exist in Command line code:1
Stack trace:
#0 Command line code(1): ReflectionClass->__construct('App\\\\Models\\\\Item...')
#1 [internal function]: {closure:Command line code:1}('App\\\\Models\\\\Item...', 'App\\\\Models\\\\Item...')
#2 Command line code(1): array_map(Object(Closure), Array, Array)
#3 {main}
  thrown at Command line code:1)
[stacktrace]
#0 {main}
"} 
[2026-08-19 05:57:55] local.ERROR: Uncaught ReflectionException: Class "App\Models\ItemPenjualanPolicy" does not exist in Command line code:1
Stack trace:
#0 Command line code(1): ReflectionClass->__construct('App\\Models\\Item...')
#1 [internal function]: {closure:Command line code:1}('App\\Models\\Item...', 'App\\Models\\Item...')
#2 Command line code(1): array_map(Object(Closure), Array, Array)
#3 {main}
  thrown {"exception":"[object] (Symfony\\Component\\ErrorHandler\\Error\\FatalError(code: 0): Uncaught ReflectionException: Class \"App\\Models\\ItemPenjualanPolicy\" does not exist in Command line code:1
Stack trace:
#0 Command line code(1): ReflectionClass->__construct('App\\\\Models\\\\Item...')
#1 [internal function]: {closure:Command line code:1}('App\\\\Models\\\\Item...', 'App\\\\Models\\\\Item...')
#2 Command line code(1): array_map(Object(Closure), Array, Array)
#3 {main}
  thrown at Command line code:1)
[stacktrace]
#0 {main}
"} 
[2026-08-19 05:58:55] local.ERROR: Uncaught ReflectionException: Class "App\Models\ItemPenjualanPolicy" does not exist in Command line code:1
Stack trace:
#0 Command line code(1): ReflectionClass->__construct('App\\Models\\Item...')
#1 [internal function]: {closure:Command line code:1}('App\\Models\\Item...', 'App\\Models\\Item...')
#2 Command line code(1): array_map(Object(Closure), Array, Array)
#3 {main}
  thrown {"exception":"[object] (Symfony\\Component\\ErrorHandler\\Error\\FatalError(code: 0): Uncaught ReflectionException: Class \"App\\Models\\ItemPenjualanPolicy\" does not exist in Command line code:1
Stack trace:
#0 Command line code(1): ReflectionClass->__construct('App\\\\Models\\\\Item...')
#1 [internal function]: {closure:Command line code:1}('App\\\\Models\\\\Item...', 'App\\\\Models\\\\Item...')
#2 Command line code(1): array_map(Object(Closure), Array, Array)
#3 {main}
  thrown at Command line code:1)
[stacktrace]
#0 {main}
"} 
[2026-08-19 05:59:55] local.ERROR: Uncaught ReflectionException: Class "App\Models\ItemPenjualanPolicy" does not exist in Command line code:1
Stack trace:
#0 Command line code(1): ReflectionClass->__construct('App\\Models\\Item...')
#1 [internal function]: {closure:Command line code:1}('App\\Models\\Item...', 'App\\Models\\Item...')
#2 Command line code(1): array_map(Object(Closure), Array, Array)
#3 {main}
  thrown {"exception":"[object] (Symfony\\Component\\ErrorHandler\\Error\\FatalError(code: 0): Uncaught ReflectionException: Class \"App\\Models\\ItemPenjualanPolicy\" does not exist in Command line code:1
Stack trace:
#0 Command line code(1): ReflectionClass->__construct('App\\\\Models\\\\Item...')
#1 [internal function]: {closure:Command line code:1}('App\\\\Models\\\\Item...', 'App\\\\Models\\\\Item...')
#2 Command line code(1): array_map(Object(Closure), Array, Array)
#3 {main}
  thrown at Command line code:1)
[stacktrace]
#0 {main}
"} 
[2026-08-19 06:00:55] local.ERROR: Uncaught ReflectionException: Class "App\Models\ItemPenjualanPolicy" does not exist in Command line code:1
Stack trace:
#0 Command line code(1): ReflectionClass->__construct('App\\Models\\Item...')
#1 [internal function]: {closure:Command line code:1}('App\\Models\\Item...', 'App\\Models\\Item...')
#2 Command line code(1): array_map(Object(Closure), Array, Array)
#3 {main}
  thrown {"exception":"[object] (Symfony\\Component\\ErrorHandler\\Error\\FatalError(code: 0): Uncaught ReflectionException: Class \"App\\Models\\ItemPenjualanPolicy\" does not exist in Command line code:1
Stack trace:
#0 Command line code(1): ReflectionClass->__construct('App\\\\Models\\\\Item...')
#1 [internal function]: {closure:Command line code:1}('App\\\\Models\\\\Item...', 'App\\\\Models\\\\Item...')
#2 Command line code(1): array_map(Object(Closure), Array, Array)
#3 {main}
  thrown at Command line code:1)
[stacktrace]
#0 {main}
"} 
[2026-08-19 06:01:55] local.ERROR: Uncaught ReflectionException: Class "App\Models\ItemPenjualanPolicy" does not exist in Command line code:1
Stack trace:
#0 Command line code(1): ReflectionClass->__construct('App\\Models\\Item...')
#1 [internal function]: {closure:Command line code:1}('App\\Models\\Item...', 'App\\Models\\Item...')
#2 Command line code(1): array_map(Object(Closure), Array, Array)
#3 {main}
  thrown {"exception":"[object] (Symfony\\Component\\ErrorHandler\\Error\\FatalError(code: 0): Uncaught ReflectionException: Class \"App\\Models\\ItemPenjualanPolicy\" does not exist in Command line code:1
Stack trace:
#0 Command line code(1): ReflectionClass->__construct('App\\\\Models\\\\Item...')
#1 [internal function]: {closure:Command line code:1}('App\\\\Models\\\\Item...', 'App\\\\Models\\\\Item...')
#2 Command line code(1): array_map(Object(Closure), Array, Array)
#3 {main}
  thrown at Command line code:1)
[stacktrace]
#0 {main}
"} 
[2026-08-19 06:02:55] local.ERROR: Uncaught ReflectionException: Class "App\Models\ItemPenjualanPolicy" does not exist in Command line code:1
Stack trace:
#0 Command line code(1): ReflectionClass->__construct('App\\Models\\Item...')
#1 [internal function]: {closure:Command line code:1}('App\\Models\\Item...', 'App\\Models\\Item...')
#2 Command line code(1): array_map(Object(Closure), Array, Array)
#3 {main}
  thrown {"exception":"[object] (Symfony\\Component\\ErrorHandler\\Error\\FatalError(code: 0): Uncaught ReflectionException: Class \"App\\Models\\ItemPenjualanPolicy\" does not exist in Command line code:1
Stack trace:
#0 Command line code(1): ReflectionClass->__construct('App\\\\Models\\\\Item...')
#1 [internal function]: {closure:Command line code:1}('App\\\\Models\\\\Item...', 'App\\\\Models\\\\Item...')
#2 Command line code(1): array_map(Object(Closure), Array, Array)
#3 {main}
  thrown at Command line code:1)
[stacktrace]
#0 {main}
"} 
[2026-08-19 06:03:55] local.ERROR: Uncaught ReflectionException: Class "App\Models\ItemPenjualanPolicy" does not exist in Command line code:1
Stack trace:
#0 Command line code(1): ReflectionClass->__construct('App\\Models\\Item...')
#1 [internal function]: {closure:Command line code:1}('App\\Models\\Item...', 'App\\Models\\Item...')
#2 Command line code(1): array_map(Object(Closure), Array, Array)
#3 {main}
  thrown {"exception":"[object] (Symfony\\Component\\ErrorHandler\\Error\\FatalError(code: 0): Uncaught ReflectionException: Class \"App\\Models\\ItemPenjualanPolicy\" does not exist in Command line code:1
Stack trace:
#0 Command line code(1): ReflectionClass->__construct('App\\\\Models\\\\Item...')
#1 [internal function]: {closure:Command line code:1}('App\\\\Models\\\\Item...', 'App\\\\Models\\\\Item...')
#2 Command line code(1): array_map(Object(Closure), Array, Array)
#3 {main}
  thrown at Command line code:1)
[stacktrace]
#0 {main}
"} 
[2026-08-19 06:04:55] local.ERROR: Uncaught ReflectionException: Class "App\Models\ItemPenjualanPolicy" does not exist in Command line code:1
Stack trace:
#0 Command line code(1): ReflectionClass->__construct('App\\Models\\Item...')
#1 [internal function]: {closure:Command line code:1}('App\\Models\\Item...', 'App\\Models\\Item...')
#2 Command line code(1): array_map(Object(Closure), Array, Array)
#3 {main}
  thrown {"exception":"[object] (Symfony\\Component\\ErrorHandler\\Error\\FatalError(code: 0): Uncaught ReflectionException: Class \"App\\Models\\ItemPenjualanPolicy\" does not exist in Command line code:1
Stack trace:
#0 Command line code(1): ReflectionClass->__construct('App\\\\Models\\\\Item...')
#1 [internal function]: {closure:Command line code:1}('App\\\\Models\\\\Item...', 'App\\\\Models\\\\Item...')
#2 Command line code(1): array_map(Object(Closure), Array, Array)
#3 {main}
  thrown at Command line code:1)
[stacktrace]
#0 {main}
"} 
[2026-08-19 06:05:55] local.ERROR: Uncaught ReflectionException: Class "App\Models\ItemPenjualanPolicy" does not exist in Command line code:1
Stack trace:
#0 Command line code(1): ReflectionClass->__construct('App\\Models\\Item...')
#1 [internal function]: {closure:Command line code:1}('App\\Models\\Item...', 'App\\Models\\Item...')
#2 Command line code(1): array_map(Object(Closure), Array, Array)
#3 {main}
  thrown {"exception":"[object] (Symfony\\Component\\ErrorHandler\\Error\\FatalError(code: 0): Uncaught ReflectionException: Class \"App\\Models\\ItemPenjualanPolicy\" does not exist in Command line code:1
Stack trace:
#0 Command line code(1): ReflectionClass->__construct('App\\\\Models\\\\Item...')
#1 [internal function]: {closure:Command line code:1}('App\\\\Models\\\\Item...', 'App\\\\Models\\\\Item...')
#2 Command line code(1): array_map(Object(Closure), Array, Array)
#3 {main}
  thrown at Command line code:1)
[stacktrace]
#0 {main}
"} 
[2026-08-19 06:06:55] local.ERROR: Uncaught ReflectionException: Class "App\Models\ItemPenjualanPolicy" does not exist in Command line code:1
Stack trace:
#0 Command line code(1): ReflectionClass->__construct('App\\Models\\Item...')
#1 [internal function]: {closure:Command line code:1}('App\\Models\\Item...', 'App\\Models\\Item...')
#2 Command line code(1): array_map(Object(Closure), Array, Array)
#3 {main}
  thrown {"exception":"[object] (Symfony\\Component\\ErrorHandler\\Error\\FatalError(code: 0): Uncaught ReflectionException: Class \"App\\Models\\ItemPenjualanPolicy\" does not exist in Command line code:1
Stack trace:
#0 Command line code(1): ReflectionClass->__construct('App\\\\Models\\\\Item...')
#1 [internal function]: {closure:Command line code:1}('App\\\\Models\\\\Item...', 'App\\\\Models\\\\Item...')
#2 Command line code(1): array_map(Object(Closure), Array, Array)
#3 {main}
  thrown at Command line code:1)
[stacktrace]
#0 {main}
"} 
[2026-08-19 06:07:55] local.ERROR: Uncaught ReflectionException: Class "App\Models\ItemPenjualanPolicy" does not exist in Command line code:1
Stack trace:
#0 Command line code(1): ReflectionClass->__construct('App\\Models\\Item...')
#1 [internal function]: {closure:Command line code:1}('App\\Models\\Item...', 'App\\Models\\Item...')
#2 Command line code(1): array_map(Object(Closure), Array, Array)
#3 {main}
  thrown {"exception":"[object] (Symfony\\Component\\ErrorHandler\\Error\\FatalError(code: 0): Uncaught ReflectionException: Class \"App\\Models\\ItemPenjualanPolicy\" does not exist in Command line code:1
Stack trace:
#0 Command line code(1): ReflectionClass->__construct('App\\\\Models\\\\Item...')
#1 [internal function]: {closure:Command line code:1}('App\\\\Models\\\\Item...', 'App\\\\Models\\\\Item...')
#2 Command line code(1): array_map(Object(Closure), Array, Array)
#3 {main}
  thrown at Command line code:1)
[stacktrace]
#0 {main}
"} 
[2026-08-19 06:08:51] local.INFO: User ID: 4  
[2026-08-19 06:08:51] local.INFO: Notifications count: 2  
[2026-08-19 06:08:51] local.INFO: Unread count: 2  
[2026-08-19 06:08:55] local.ERROR: Uncaught ReflectionException: Class "App\Models\ItemPenjualanPolicy" does not exist in Command line code:1
Stack trace:
#0 Command line code(1): ReflectionClass->__construct('App\\Models\\Item...')
#1 [internal function]: {closure:Command line code:1}('App\\Models\\Item...', 'App\\Models\\Item...')
#2 Command line code(1): array_map(Object(Closure), Array, Array)
#3 {main}
  thrown {"exception":"[object] (Symfony\\Component\\ErrorHandler\\Error\\FatalError(code: 0): Uncaught ReflectionException: Class \"App\\Models\\ItemPenjualanPolicy\" does not exist in Command line code:1
Stack trace:
#0 Command line code(1): ReflectionClass->__construct('App\\\\Models\\\\Item...')
#1 [internal function]: {closure:Command line code:1}('App\\\\Models\\\\Item...', 'App\\\\Models\\\\Item...')
#2 Command line code(1): array_map(Object(Closure), Array, Array)
#3 {main}
  thrown at Command line code:1)
[stacktrace]
#0 {main}
"} 
[2026-08-19 06:09:55] local.ERROR: Uncaught ReflectionException: Class "App\Models\ItemPenjualanPolicy" does not exist in Command line code:1
Stack trace:
#0 Command line code(1): ReflectionClass->__construct('App\\Models\\Item...')
#1 [internal function]: {closure:Command line code:1}('App\\Models\\Item...', 'App\\Models\\Item...')
#2 Command line code(1): array_map(Object(Closure), Array, Array)
#3 {main}
  thrown {"exception":"[object] (Symfony\\Component\\ErrorHandler\\Error\\FatalError(code: 0): Uncaught ReflectionException: Class \"App\\Models\\ItemPenjualanPolicy\" does not exist in Command line code:1
Stack trace:
#0 Command line code(1): ReflectionClass->__construct('App\\\\Models\\\\Item...')
#1 [internal function]: {closure:Command line code:1}('App\\\\Models\\\\Item...', 'App\\\\Models\\\\Item...')
#2 Command line code(1): array_map(Object(Closure), Array, Array)
#3 {main}
  thrown at Command line code:1)
[stacktrace]
#0 {main}
"} 
[2026-08-19 06:10:55] local.ERROR: Uncaught ReflectionException: Class "App\Models\ItemPenjualanPolicy" does not exist in Command line code:1
Stack trace:
#0 Command line code(1): ReflectionClass->__construct('App\\Models\\Item...')
#1 [internal function]: {closure:Command line code:1}('App\\Models\\Item...', 'App\\Models\\Item...')
#2 Command line code(1): array_map(Object(Closure), Array, Array)
#3 {main}
  thrown {"exception":"[object] (Symfony\\Component\\ErrorHandler\\Error\\FatalError(code: 0): Uncaught ReflectionException: Class \"App\\Models\\ItemPenjualanPolicy\" does not exist in Command line code:1
Stack trace:
#0 Command line code(1): ReflectionClass->__construct('App\\\\Models\\\\Item...')
#1 [internal function]: {closure:Command line code:1}('App\\\\Models\\\\Item...', 'App\\\\Models\\\\Item...')
#2 Command line code(1): array_map(Object(Closure), Array, Array)
#3 {main}
  thrown at Command line code:1)
[stacktrace]
#0 {main}
"} 
[2026-08-19 06:11:55] local.ERROR: Uncaught ReflectionException: Class "App\Models\ItemPenjualanPolicy" does not exist in Command line code:1
Stack trace:
#0 Command line code(1): ReflectionClass->__construct('App\\Models\\Item...')
#1 [internal function]: {closure:Command line code:1}('App\\Models\\Item...', 'App\\Models\\Item...')
#2 Command line code(1): array_map(Object(Closure), Array, Array)
#3 {main}
  thrown {"exception":"[object] (Symfony\\Component\\ErrorHandler\\Error\\FatalError(code: 0): Uncaught ReflectionException: Class \"App\\Models\\ItemPenjualanPolicy\" does not exist in Command line code:1
Stack trace:
#0 Command line code(1): ReflectionClass->__construct('App\\\\Models\\\\Item...')
#1 [internal function]: {closure:Command line code:1}('App\\\\Models\\\\Item...', 'App\\\\Models\\\\Item...')
#2 Command line code(1): array_map(Object(Closure), Array, Array)
#3 {main}
  thrown at Command line code:1)
[stacktrace]
#0 {main}
"} 
[2026-08-19 06:12:55] local.ERROR: Uncaught ReflectionException: Class "App\Models\ItemPenjualanPolicy" does not exist in Command line code:1
Stack trace:
#0 Command line code(1): ReflectionClass->__construct('App\\Models\\Item...')
#1 [internal function]: {closure:Command line code:1}('App\\Models\\Item...', 'App\\Models\\Item...')
#2 Command line code(1): array_map(Object(Closure), Array, Array)
#3 {main}
  thrown {"exception":"[object] (Symfony\\Component\\ErrorHandler\\Error\\FatalError(code: 0): Uncaught ReflectionException: Class \"App\\Models\\ItemPenjualanPolicy\" does not exist in Command line code:1
Stack trace:
#0 Command line code(1): ReflectionClass->__construct('App\\\\Models\\\\Item...')
#1 [internal function]: {closure:Command line code:1}('App\\\\Models\\\\Item...', 'App\\\\Models\\\\Item...')
#2 Command line code(1): array_map(Object(Closure), Array, Array)
#3 {main}
  thrown at Command line code:1)
[stacktrace]
#0 {main}
"} 
[2026-08-19 06:13:55] local.ERROR: Uncaught ReflectionException: Class "App\Models\ItemPenjualanPolicy" does not exist in Command line code:1
Stack trace:
#0 Command line code(1): ReflectionClass->__construct('App\\Models\\Item...')
#1 [internal function]: {closure:Command line code:1}('App\\Models\\Item...', 'App\\Models\\Item...')
#2 Command line code(1): array_map(Object(Closure), Array, Array)
#3 {main}
  thrown {"exception":"[object] (Symfony\\Component\\ErrorHandler\\Error\\FatalError(code: 0): Uncaught ReflectionException: Class \"App\\Models\\ItemPenjualanPolicy\" does not exist in Command line code:1
Stack trace:
#0 Command line code(1): ReflectionClass->__construct('App\\\\Models\\\\Item...')
#1 [internal function]: {closure:Command line code:1}('App\\\\Models\\\\Item...', 'App\\\\Models\\\\Item...')
#2 Command line code(1): array_map(Object(Closure), Array, Array)
#3 {main}
  thrown at Command line code:1)
[stacktrace]
#0 {main}
"} 
[2026-08-19 06:14:55] local.ERROR: Uncaught ReflectionException: Class "App\Models\ItemPenjualanPolicy" does not exist in Command line code:1
Stack trace:
#0 Command line code(1): ReflectionClass->__construct('App\\Models\\Item...')
#1 [internal function]: {closure:Command line code:1}('App\\Models\\Item...', 'App\\Models\\Item...')
#2 Command line code(1): array_map(Object(Closure), Array, Array)
#3 {main}
  thrown {"exception":"[object] (Symfony\\Component\\ErrorHandler\\Error\\FatalError(code: 0): Uncaught ReflectionException: Class \"App\\Models\\ItemPenjualanPolicy\" does not exist in Command line code:1
Stack trace:
#0 Command line code(1): ReflectionClass->__construct('App\\\\Models\\\\Item...')
#1 [internal function]: {closure:Command line code:1}('App\\\\Models\\\\Item...', 'App\\\\Models\\\\Item...')
#2 Command line code(1): array_map(Object(Closure), Array, Array)
#3 {main}
  thrown at Command line code:1)
[stacktrace]
#0 {main}
"} 
[2026-08-19 06:15:55] local.ERROR: Uncaught ReflectionException: Class "App\Models\ItemPenjualanPolicy" does not exist in Command line code:1
Stack trace:
#0 Command line code(1): ReflectionClass->__construct('App\\Models\\Item...')
#1 [internal function]: {closure:Command line code:1}('App\\Models\\Item...', 'App\\Models\\Item...')
#2 Command line code(1): array_map(Object(Closure), Array, Array)
#3 {main}
  thrown {"exception":"[object] (Symfony\\Component\\ErrorHandler\\Error\\FatalError(code: 0): Uncaught ReflectionException: Class \"App\\Models\\ItemPenjualanPolicy\" does not exist in Command line code:1
Stack trace:
#0 Command line code(1): ReflectionClass->__construct('App\\\\Models\\\\Item...')
#1 [internal function]: {closure:Command line code:1}('App\\\\Models\\\\Item...', 'App\\\\Models\\\\Item...')
#2 Command line code(1): array_map(Object(Closure), Array, Array)
#3 {main}
  thrown at Command line code:1)
[stacktrace]
#0 {main}
"} 
[2026-08-19 06:16:27] local.INFO: Updating settings for User ID: 4  
[2026-08-19 06:16:27] local.INFO: Settings updated successfully for User ID: 4  
[2026-08-19 06:16:50] local.INFO: Sending notification to user: 1 - Vicky Fitriani Andriani S.IP  
[2026-08-19 06:16:50] local.INFO: Sending notification to user: 2 - Jane Purnawati  
[2026-08-19 06:16:50] local.INFO: Sending notification to user: 3 - Damu Haryanto  
[2026-08-19 06:16:50] local.INFO: Sending notification to user: 4 - Bagya Perkasa Jailani S.Pt  
[2026-08-19 06:16:50] local.INFO: Sending notification to user: 5 - Warta Darmanto Kusumo  
[2026-08-19 06:16:50] local.INFO: Sending notification to user: 6 - Test User  
[2026-08-19 06:16:55] local.ERROR: Uncaught ReflectionException: Class "App\Models\ItemPenjualanPolicy" does not exist in Command line code:1
Stack trace:
#0 Command line code(1): ReflectionClass->__construct('App\\Models\\Item...')
#1 [internal function]: {closure:Command line code:1}('App\\Models\\Item...', 'App\\Models\\Item...')
#2 Command line code(1): array_map(Object(Closure), Array, Array)
#3 {main}
  thrown {"exception":"[object] (Symfony\\Component\\ErrorHandler\\Error\\FatalError(code: 0): Uncaught ReflectionException: Class \"App\\Models\\ItemPenjualanPolicy\" does not exist in Command line code:1
Stack trace:
#0 Command line code(1): ReflectionClass->__construct('App\\\\Models\\\\Item...')
#1 [internal function]: {closure:Command line code:1}('App\\\\Models\\\\Item...', 'App\\\\Models\\\\Item...')
#2 Command line code(1): array_map(Object(Closure), Array, Array)
#3 {main}
  thrown at Command line code:1)
[stacktrace]
#0 {main}
"} 
[2026-08-19 06:17:24] local.INFO: Sending notification to user: 1 - Vicky Fitriani Andriani S.IP  
[2026-08-19 06:17:24] local.INFO: Sending notification to user: 2 - Jane Purnawati  
[2026-08-19 06:17:24] local.INFO: Sending notification to user: 3 - Damu Haryanto  
[2026-08-19 06:17:24] local.INFO: Sending notification to user: 4 - Bagya Perkasa Jailani S.Pt  
[2026-08-19 06:17:24] local.INFO: Sending notification to user: 5 - Warta Darmanto Kusumo  
[2026-08-19 06:17:24] local.INFO: Sending notification to user: 6 - Test User  
[2026-08-19 06:17:55] local.ERROR: Uncaught ReflectionException: Class "App\Models\ItemPenjualanPolicy" does not exist in Command line code:1
Stack trace:
#0 Command line code(1): ReflectionClass->__construct('App\\Models\\Item...')
#1 [internal function]: {closure:Command line code:1}('App\\Models\\Item...', 'App\\Models\\Item...')
#2 Command line code(1): array_map(Object(Closure), Array, Array)
#3 {main}
  thrown {"exception":"[object] (Symfony\\Component\\ErrorHandler\\Error\\FatalError(code: 0): Uncaught ReflectionException: Class \"App\\Models\\ItemPenjualanPolicy\" does not exist in Command line code:1
Stack trace:
#0 Command line code(1): ReflectionClass->__construct('App\\\\Models\\\\Item...')
#1 [internal function]: {closure:Command line code:1}('App\\\\Models\\\\Item...', 'App\\\\Models\\\\Item...')
#2 Command line code(1): array_map(Object(Closure), Array, Array)
#3 {main}
  thrown at Command line code:1)
[stacktrace]
#0 {main}
"} 
[2026-08-19 06:18:56] local.ERROR: Uncaught ReflectionException: Class "App\Models\ItemPenjualanPolicy" does not exist in Command line code:1
Stack trace:
#0 Command line code(1): ReflectionClass->__construct('App\\Models\\Item...')
#1 [internal function]: {closure:Command line code:1}('App\\Models\\Item...', 'App\\Models\\Item...')
#2 Command line code(1): array_map(Object(Closure), Array, Array)
#3 {main}
  thrown {"exception":"[object] (Symfony\\Component\\ErrorHandler\\Error\\FatalError(code: 0): Uncaught ReflectionException: Class \"App\\Models\\ItemPenjualanPolicy\" does not exist in Command line code:1
Stack trace:
#0 Command line code(1): ReflectionClass->__construct('App\\\\Models\\\\Item...')
#1 [internal function]: {closure:Command line code:1}('App\\\\Models\\\\Item...', 'App\\\\Models\\\\Item...')
#2 Command line code(1): array_map(Object(Closure), Array, Array)
#3 {main}
  thrown at Command line code:1)
[stacktrace]
#0 {main}
"} 
[2026-08-19 06:28:56] local.ERROR: Uncaught ReflectionException: Class "App\Models\ItemPenjualanPolicy" does not exist in Command line code:1
Stack trace:
#0 Command line code(1): ReflectionClass->__construct('App\\Models\\Item...')
#1 [internal function]: {closure:Command line code:1}('App\\Models\\Item...', 'App\\Models\\Item...')
#2 Command line code(1): array_map(Object(Closure), Array, Array)
#3 {main}
  thrown {"exception":"[object] (Symfony\\Component\\ErrorHandler\\Error\\FatalError(code: 0): Uncaught ReflectionException: Class \"App\\Models\\ItemPenjualanPolicy\" does not exist in Command line code:1
Stack trace:
#0 Command line code(1): ReflectionClass->__construct('App\\\\Models\\\\Item...')
#1 [internal function]: {closure:Command line code:1}('App\\\\Models\\\\Item...', 'App\\\\Models\\\\Item...')
#2 Command line code(1): array_map(Object(Closure), Array, Array)
#3 {main}
  thrown at Command line code:1)
[stacktrace]
#0 {main}
"} 
[2026-08-19 06:29:33] local.ERROR: Uncaught ReflectionException: Class "App\Models\ItemPenjualanPolicy" does not exist in Command line code:1
Stack trace:
#0 Command line code(1): ReflectionClass->__construct('App\\Models\\Item...')
#1 [internal function]: {closure:Command line code:1}('App\\Models\\Item...', 'App\\Models\\Item...')
#2 Command line code(1): array_map(Object(Closure), Array, Array)
#3 {main}
  thrown {"exception":"[object] (Symfony\\Component\\ErrorHandler\\Error\\FatalError(code: 0): Uncaught ReflectionException: Class \"App\\Models\\ItemPenjualanPolicy\" does not exist in Command line code:1
Stack trace:
#0 Command line code(1): ReflectionClass->__construct('App\\\\Models\\\\Item...')
#1 [internal function]: {closure:Command line code:1}('App\\\\Models\\\\Item...', 'App\\\\Models\\\\Item...')
#2 Command line code(1): array_map(Object(Closure), Array, Array)
#3 {main}
  thrown at Command line code:1)
[stacktrace]
#0 {main}
"} 
[2026-08-19 06:30:33] local.ERROR: Uncaught ReflectionException: Class "App\Models\ItemPenjualanPolicy" does not exist in Command line code:1
Stack trace:
#0 Command line code(1): ReflectionClass->__construct('App\\Models\\Item...')
#1 [internal function]: {closure:Command line code:1}('App\\Models\\Item...', 'App\\Models\\Item...')
#2 Command line code(1): array_map(Object(Closure), Array, Array)
#3 {main}
  thrown {"exception":"[object] (Symfony\\Component\\ErrorHandler\\Error\\FatalError(code: 0): Uncaught ReflectionException: Class \"App\\Models\\ItemPenjualanPolicy\" does not exist in Command line code:1
Stack trace:
#0 Command line code(1): ReflectionClass->__construct('App\\\\Models\\\\Item...')
#1 [internal function]: {closure:Command line code:1}('App\\\\Models\\\\Item...', 'App\\\\Models\\\\Item...')
#2 Command line code(1): array_map(Object(Closure), Array, Array)
#3 {main}
  thrown at Command line code:1)
[stacktrace]
#0 {main}
"} 
[2026-08-19 06:31:33] local.ERROR: Uncaught ReflectionException: Class "App\Models\ItemPenjualanPolicy" does not exist in Command line code:1
Stack trace:
#0 Command line code(1): ReflectionClass->__construct('App\\Models\\Item...')
#1 [internal function]: {closure:Command line code:1}('App\\Models\\Item...', 'App\\Models\\Item...')
#2 Command line code(1): array_map(Object(Closure), Array, Array)
#3 {main}
  thrown {"exception":"[object] (Symfony\\Component\\ErrorHandler\\Error\\FatalError(code: 0): Uncaught ReflectionException: Class \"App\\Models\\ItemPenjualanPolicy\" does not exist in Command line code:1
Stack trace:
#0 Command line code(1): ReflectionClass->__construct('App\\\\Models\\\\Item...')
#1 [internal function]: {closure:Command line code:1}('App\\\\Models\\\\Item...', 'App\\\\Models\\\\Item...')
#2 Command line code(1): array_map(Object(Closure), Array, Array)
#3 {main}
  thrown at Command line code:1)
[stacktrace]
#0 {main}
"} 
[2026-08-19 06:32:32] local.ERROR: Uncaught ReflectionException: Class "App\Models\ItemPenjualanPolicy" does not exist in Command line code:1
Stack trace:
#0 Command line code(1): ReflectionClass->__construct('App\\Models\\Item...')
#1 [internal function]: {closure:Command line code:1}('App\\Models\\Item...', 'App\\Models\\Item...')
#2 Command line code(1): array_map(Object(Closure), Array, Array)
#3 {main}
  thrown {"exception":"[object] (Symfony\\Component\\ErrorHandler\\Error\\FatalError(code: 0): Uncaught ReflectionException: Class \"App\\Models\\ItemPenjualanPolicy\" does not exist in Command line code:1
Stack trace:
#0 Command line code(1): ReflectionClass->__construct('App\\\\Models\\\\Item...')
#1 [internal function]: {closure:Command line code:1}('App\\\\Models\\\\Item...', 'App\\\\Models\\\\Item...')
#2 Command line code(1): array_map(Object(Closure), Array, Array)
#3 {main}
  thrown at Command line code:1)
[stacktrace]
#0 {main}
"} 
[2026-08-19 06:33:33] local.ERROR: Uncaught ReflectionException: Class "App\Models\ItemPenjualanPolicy" does not exist in Command line code:1
Stack trace:
#0 Command line code(1): ReflectionClass->__construct('App\\Models\\Item...')
#1 [internal function]: {closure:Command line code:1}('App\\Models\\Item...', 'App\\Models\\Item...')
#2 Command line code(1): array_map(Object(Closure), Array, Array)
#3 {main}
  thrown {"exception":"[object] (Symfony\\Component\\ErrorHandler\\Error\\FatalError(code: 0): Uncaught ReflectionException: Class \"App\\Models\\ItemPenjualanPolicy\" does not exist in Command line code:1
Stack trace:
#0 Command line code(1): ReflectionClass->__construct('App\\\\Models\\\\Item...')
#1 [internal function]: {closure:Command line code:1}('App\\\\Models\\\\Item...', 'App\\\\Models\\\\Item...')
#2 Command line code(1): array_map(Object(Closure), Array, Array)
#3 {main}
  thrown at Command line code:1)
[stacktrace]
#0 {main}
"} 
[2026-08-19 06:33:34] local.INFO: Sending notification to user: 1 - Vicky Fitriani Andriani S.IP  
[2026-08-19 06:33:36] local.INFO: Sending notification to user: 2 - Jane Purnawati  
[2026-08-19 06:33:36] local.INFO: Sending notification to user: 3 - Damu Haryanto  
[2026-08-19 06:33:36] local.INFO: Sending notification to user: 4 - Bagya Perkasa Jailani S.Pt  
[2026-08-19 06:33:36] local.INFO: Sending notification to user: 5 - Warta Darmanto Kusumo  
[2026-08-19 06:33:36] local.INFO: Sending notification to user: 6 - Test User  
[2026-08-19 06:34:32] local.ERROR: Uncaught ReflectionException: Class "App\Models\ItemPenjualanPolicy" does not exist in Command line code:1
Stack trace:
#0 Command line code(1): ReflectionClass->__construct('App\\Models\\Item...')
#1 [internal function]: {closure:Command line code:1}('App\\Models\\Item...', 'App\\Models\\Item...')
#2 Command line code(1): array_map(Object(Closure), Array, Array)
#3 {main}
  thrown {"exception":"[object] (Symfony\\Component\\ErrorHandler\\Error\\FatalError(code: 0): Uncaught ReflectionException: Class \"App\\Models\\ItemPenjualanPolicy\" does not exist in Command line code:1
Stack trace:
#0 Command line code(1): ReflectionClass->__construct('App\\\\Models\\\\Item...')
#1 [internal function]: {closure:Command line code:1}('App\\\\Models\\\\Item...', 'App\\\\Models\\\\Item...')
#2 Command line code(1): array_map(Object(Closure), Array, Array)
#3 {main}
  thrown at Command line code:1)
[stacktrace]
#0 {main}
"} 
[2026-08-19 06:35:29] local.INFO: Sending notification to user: 1 - Vicky Fitriani Andriani S.IP  
[2026-08-19 06:35:29] local.INFO: Sending notification to user: 2 - Jane Purnawati  
[2026-08-19 06:35:29] local.INFO: Sending notification to user: 3 - Damu Haryanto  
[2026-08-19 06:35:29] local.INFO: Sending notification to user: 4 - Bagya Perkasa Jailani S.Pt  
[2026-08-19 06:35:29] local.INFO: Sending notification to user: 5 - Warta Darmanto Kusumo  
[2026-08-19 06:35:29] local.INFO: Sending notification to user: 6 - Test User  
[2026-08-19 06:35:32] local.ERROR: Uncaught ReflectionException: Class "App\Models\ItemPenjualanPolicy" does not exist in Command line code:1
Stack trace:
#0 Command line code(1): ReflectionClass->__construct('App\\Models\\Item...')
#1 [internal function]: {closure:Command line code:1}('App\\Models\\Item...', 'App\\Models\\Item...')
#2 Command line code(1): array_map(Object(Closure), Array, Array)
#3 {main}
  thrown {"exception":"[object] (Symfony\\Component\\ErrorHandler\\Error\\FatalError(code: 0): Uncaught ReflectionException: Class \"App\\Models\\ItemPenjualanPolicy\" does not exist in Command line code:1
Stack trace:
#0 Command line code(1): ReflectionClass->__construct('App\\\\Models\\\\Item...')
#1 [internal function]: {closure:Command line code:1}('App\\\\Models\\\\Item...', 'App\\\\Models\\\\Item...')
#2 Command line code(1): array_map(Object(Closure), Array, Array)
#3 {main}
  thrown at Command line code:1)
[stacktrace]
#0 {main}
"} 
[2026-08-19 06:36:32] local.ERROR: Uncaught ReflectionException: Class "App\Models\ItemPenjualanPolicy" does not exist in Command line code:1
Stack trace:
#0 Command line code(1): ReflectionClass->__construct('App\\Models\\Item...')
#1 [internal function]: {closure:Command line code:1}('App\\Models\\Item...', 'App\\Models\\Item...')
#2 Command line code(1): array_map(Object(Closure), Array, Array)
#3 {main}
  thrown {"exception":"[object] (Symfony\\Component\\ErrorHandler\\Error\\FatalError(code: 0): Uncaught ReflectionException: Class \"App\\Models\\ItemPenjualanPolicy\" does not exist in Command line code:1
Stack trace:
#0 Command line code(1): ReflectionClass->__construct('App\\\\Models\\\\Item...')
#1 [internal function]: {closure:Command line code:1}('App\\\\Models\\\\Item...', 'App\\\\Models\\\\Item...')
#2 Command line code(1): array_map(Object(Closure), Array, Array)
#3 {main}
  thrown at Command line code:1)
[stacktrace]
#0 {main}
"} 
[2026-08-19 06:37:20] local.INFO: Sending notification to user: 1 - Vicky Fitriani Andriani S.IP  
[2026-08-19 06:37:20] local.INFO: Sending notification to user: 2 - Jane Purnawati  
[2026-08-19 06:37:20] local.INFO: Sending notification to user: 3 - Damu Haryanto  
[2026-08-19 06:37:20] local.INFO: Sending notification to user: 4 - Bagya Perkasa Jailani S.Pt  
[2026-08-19 06:37:20] local.INFO: Sending notification to user: 5 - Warta Darmanto Kusumo  
[2026-08-19 06:37:20] local.INFO: Sending notification to user: 6 - Test User  
[2026-08-19 06:37:32] local.ERROR: Uncaught ReflectionException: Class "App\Models\ItemPenjualanPolicy" does not exist in Command line code:1
Stack trace:
#0 Command line code(1): ReflectionClass->__construct('App\\Models\\Item...')
#1 [internal function]: {closure:Command line code:1}('App\\Models\\Item...', 'App\\Models\\Item...')
#2 Command line code(1): array_map(Object(Closure), Array, Array)
#3 {main}
  thrown {"exception":"[object] (Symfony\\Component\\ErrorHandler\\Error\\FatalError(code: 0): Uncaught ReflectionException: Class \"App\\Models\\ItemPenjualanPolicy\" does not exist in Command line code:1
Stack trace:
#0 Command line code(1): ReflectionClass->__construct('App\\\\Models\\\\Item...')
#1 [internal function]: {closure:Command line code:1}('App\\\\Models\\\\Item...', 'App\\\\Models\\\\Item...')
#2 Command line code(1): array_map(Object(Closure), Array, Array)
#3 {main}
  thrown at Command line code:1)
[stacktrace]
#0 {main}
"} 
[2026-08-19 06:38:42] local.ERROR: Uncaught ReflectionException: Class "App\Models\ItemPenjualanPolicy" does not exist in Command line code:1
Stack trace:
#0 Command line code(1): ReflectionClass->__construct('App\\Models\\Item...')
#1 [internal function]: {closure:Command line code:1}('App\\Models\\Item...', 'App\\Models\\Item...')
#2 Command line code(1): array_map(Object(Closure), Array, Array)
#3 {main}
  thrown {"exception":"[object] (Symfony\\Component\\ErrorHandler\\Error\\FatalError(code: 0): Uncaught ReflectionException: Class \"App\\Models\\ItemPenjualanPolicy\" does not exist in Command line code:1
Stack trace:
#0 Command line code(1): ReflectionClass->__construct('App\\\\Models\\\\Item...')
#1 [internal function]: {closure:Command line code:1}('App\\\\Models\\\\Item...', 'App\\\\Models\\\\Item...')
#2 Command line code(1): array_map(Object(Closure), Array, Array)
#3 {main}
  thrown at Command line code:1)
[stacktrace]
#0 {main}
"} 
[2026-08-19 06:39:32] local.ERROR: Uncaught ReflectionException: Class "App\Models\ItemPenjualanPolicy" does not exist in Command line code:1
Stack trace:
#0 Command line code(1): ReflectionClass->__construct('App\\Models\\Item...')
#1 [internal function]: {closure:Command line code:1}('App\\Models\\Item...', 'App\\Models\\Item...')
#2 Command line code(1): array_map(Object(Closure), Array, Array)
#3 {main}
  thrown {"exception":"[object] (Symfony\\Component\\ErrorHandler\\Error\\FatalError(code: 0): Uncaught ReflectionException: Class \"App\\Models\\ItemPenjualanPolicy\" does not exist in Command line code:1
Stack trace:
#0 Command line code(1): ReflectionClass->__construct('App\\\\Models\\\\Item...')
#1 [internal function]: {closure:Command line code:1}('App\\\\Models\\\\Item...', 'App\\\\Models\\\\Item...')
#2 Command line code(1): array_map(Object(Closure), Array, Array)
#3 {main}
  thrown at Command line code:1)
[stacktrace]
#0 {main}
"} 
[2026-08-19 06:40:32] local.ERROR: Uncaught ReflectionException: Class "App\Models\ItemPenjualanPolicy" does not exist in Command line code:1
Stack trace:
#0 Command line code(1): ReflectionClass->__construct('App\\Models\\Item...')
#1 [internal function]: {closure:Command line code:1}('App\\Models\\Item...', 'App\\Models\\Item...')
#2 Command line code(1): array_map(Object(Closure), Array, Array)
#3 {main}
  thrown {"exception":"[object] (Symfony\\Component\\ErrorHandler\\Error\\FatalError(code: 0): Uncaught ReflectionException: Class \"App\\Models\\ItemPenjualanPolicy\" does not exist in Command line code:1
Stack trace:
#0 Command line code(1): ReflectionClass->__construct('App\\\\Models\\\\Item...')
#1 [internal function]: {closure:Command line code:1}('App\\\\Models\\\\Item...', 'App\\\\Models\\\\Item...')
#2 Command line code(1): array_map(Object(Closure), Array, Array)
#3 {main}
  thrown at Command line code:1)
[stacktrace]
#0 {main}
"} 
[2026-08-19 06:40:58] local.ERROR: Target class [App\Models\ItemPenjualanPolicy] does not exist. (View: C:\laragon\www\cadisetramadiR\resources\views\penjualan\pos.blade.php) {"userId":4,"exception":"[object] (Illuminate\\View\\ViewException(code: 0): Target class [App\\Models\\ItemPenjualanPolicy] does not exist. (View: C:\\laragon\\www\\cadisetramadiR\\resources\\views\\penjualan\\pos.blade.php) at C:/laragon/www/cadisetramadiR/vendor/laravel/framework/src/Illuminate/Container/Container.php:1124)
[stacktrace]
#0 C:/laragon/www/cadisetramadiR/vendor/laravel/framework/src/Illuminate/View/Engines/PhpEngine.php(59): Illuminate/View/Engines/CompilerEngine->handleViewException(Object(Illuminate/Contracts/Container/BindingResolutionException), 1)
#1 C:/laragon/www/cadisetramadiR/vendor/laravel/framework/src/Illuminate/View/Engines/CompilerEngine.php(76): Illuminate/View/Engines/PhpEngine->evaluatePath('C://laragon//www//...', Array)
#2 C:/laragon/www/cadisetramadiR/vendor/laravel/framework/src/Illuminate/View/View.php(208): Illuminate/View/Engines/CompilerEngine->get('C://laragon//www//...', Array)
#3 C:/laragon/www/cadisetramadiR/vendor/laravel/framework/src/Illuminate/View/View.php(191): Illuminate/View/View->getContents()
#4 C:/laragon/www/cadisetramadiR/vendor/laravel/framework/src/Illuminate/View/View.php(160): Illuminate/View/View->renderContents()
#5 C:/laragon/www/cadisetramadiR/vendor/laravel/framework/src/Illuminate/Http/Response.php(78): Illuminate/View/View->render()
#6 C:/laragon/www/cadisetramadiR/vendor/laravel/framework/src/Illuminate/Http/Response.php(34): Illuminate/Http/Response->setContent(Object(Illuminate/View/View))
#7 C:/laragon/www/cadisetramadiR/vendor/laravel/framework/src/Illuminate/Routing/Router.php(939): Illuminate/Http/Response->__construct(Object(Illuminate/View/View), 200, Array)
#8 C:/laragon/www/cadisetramadiR/vendor/laravel/framework/src/Illuminate/Routing/Router.php(906): Illuminate/Routing/Router::toResponse(Object(Illuminate/Http/Request), Object(Illuminate/View/View))
#9 C:/laragon/www/cadisetramadiR/vendor/laravel/framework/src/Illuminate/Routing/Router.php(821): Illuminate/Routing/Router->prepareResponse(Object(Illuminate/Http/Request), Object(Illuminate/View/View))
#10 C:/laragon/www/cadisetramadiR/vendor/laravel/framework/src/Illuminate/Pipeline/Pipeline.php(180): Illuminate/Routing/Router->{closure:Illuminate/Routing/Router::runRouteWithinStack():821}(Object(Illuminate/Http/Request))
#11 C:/laragon/www/cadisetramadiR/app/Http/Middleware/RoleMiddleware.php(29): Illuminate/Pipeline/Pipeline->{closure:Illuminate/Pipeline/Pipeline::prepareDestination():178}(Object(Illuminate/Http/Request))
#12 C:/laragon/www/cadisetramadiR/vendor/laravel/framework/src/Illuminate/Pipeline/Pipeline.php(219): App/Http/Middleware/RoleMiddleware->handle(Object(Illuminate/Http/Request), Object(Closure), 'admin', 'kasir')
#13 C:/laragon/www/cadisetramadiR/app/Http/Middleware/SetLanguage.php(38): Illuminate/Pipeline/Pipeline->{closure:{closure:Illuminate/Pipeline/Pipeline::carry():194}:195}(Object(Illuminate/Http/Request))
#14 C:/laragon/www/cadisetramadiR/vendor/laravel/framework/src/Illuminate/Pipeline/Pipeline.php(219): App/Http/Middleware/SetLanguage->handle(Object(Illuminate/Http/Request), Object(Closure))
#15 C:/laragon/www/cadisetramadiR/vendor/laravel/framework/src/Illuminate/Routing/Middleware/SubstituteBindings.php(50): Illuminate/Pipeline/Pipeline->{closure:{closure:Illuminate/Pipeline/Pipeline::carry():194}:195}(Object(Illuminate/Http/Request))
#16 C:/laragon/www/cadisetramadiR/vendor/laravel/framework/src/Illuminate/Pipeline/Pipeline.php(219): Illuminate/Routing/Middleware/SubstituteBindings->handle(Object(Illuminate/Http/Request), Object(Closure))
#17 C:/laragon/www/cadisetramadiR/vendor/laravel/framework/src/Illuminate/Auth/Middleware/Authenticate.php(63): Illuminate/Pipeline/Pipeline->{closure:{closure:Illuminate/Pipeline/Pipeline::carry():194}:195}(Object(Illuminate/Http/Request))
#18 C:/laragon/www/cadisetramadiR/vendor/laravel/framework/src/Illuminate/Pipeline/Pipeline.php(219): Illuminate/Auth/Middleware/Authenticate->handle(Object(Illuminate/Http/Request), Object(Closure))
#19 C:/laragon/www/cadisetramadiR/vendor/laravel/framework/src/Illuminate/Foundation/Http/Middleware/VerifyCsrfToken.php(87): Illuminate/Pipeline/Pipeline->{closure:{closure:Illuminate/Pipeline/Pipeline::carry():194}:195}(Object(Illuminate/Http/Request))
#20 C:/laragon/www/cadisetramadiR/vendor/laravel/framework/src/Illuminate/Pipeline/Pipeline.php(219): Illuminate/Foundation/Http/Middleware/VerifyCsrfToken->handle(Object(Illuminate/Http/Request), Object(Closure))
#21 C:/laragon/www/cadisetramadiR/vendor/laravel/framework/src/Illuminate/View/Middleware/ShareErrorsFromSession.php(48): Illuminate/Pipeline/Pipeline->{closure:{closure:Illuminate/Pipeline/Pipeline::carry():194}:195}(Object(Illuminate/Http/Request))
#22 C:/laragon/www/cadisetramadiR/vendor/laravel/framework/src/Illuminate/Pipeline/Pipeline.php(219): Illuminate/View/Middleware/ShareErrorsFromSession->handle(Object(Illuminate/Http/Request), Object(Closure))
#23 C:/laragon/www/cadisetramadiR/vendor/laravel/framework/src/Illuminate/Session/Middleware/StartSession.php(120): Illuminate/Pipeline/Pipeline->{closure:{closure:Illuminate/Pipeline/Pipeline::carry():194}:195}(Object(Illuminate/Http/Request))
#24 C:/laragon/www/cadisetramadiR/vendor/laravel/framework/src/Illuminate/Session/Middleware/StartSession.php(63): Illuminate/Session/Middleware/StartSession->handleStatefulRequest(Object(Illuminate/Http/Request), Object(Illuminate/Session/Store), Object(Closure))
#25 C:/laragon/www/cadisetramadiR/vendor/laravel/framework/src/Illuminate/Pipeline/Pipeline.php(219): Illuminate/Session/Middleware/StartSession->handle(Object(Illuminate/Http/Request), Object(Closure))
#26 C:/laragon/www/cadisetramadiR/vendor/laravel/framework/src/Illuminate/Cookie/Middleware/AddQueuedCookiesToResponse.php(36): Illuminate/Pipeline/Pipeline->{closure:{closure:Illuminate/Pipeline/Pipeline::carry():194}:195}(Object(Illuminate/Http/Request))
#27 C:/laragon/www/cadisetramadiR/vendor/laravel/framework/src/Illuminate/Pipeline/Pipeline.php(219): Illuminate/Cookie/Middleware/AddQueuedCookiesToResponse->handle(Object(Illuminate/Http/Request), Object(Closure))
#28 C:/laragon/www/cadisetramadiR/vendor/laravel/framework/src/Illuminate/Cookie/Middleware/EncryptCookies.php(74): Illuminate/Pipeline/Pipeline->{closure:{closure:Illuminate/Pipeline/Pipeline::carry():194}:195}(Object(Illuminate/Http/Request))
#29 C:/laragon/www/cadisetramadiR/vendor/laravel/framework/src/Illuminate/Pipeline/Pipeline.php(219): Illuminate/Cookie/Middleware/EncryptCookies->handle(Object(Illuminate/Http/Request), Object(Closure))
#30 C:/laragon/www/cadisetramadiR/vendor/laravel/framework/src/Illuminate/Pipeline/Pipeline.php(137): Illuminate/Pipeline/Pipeline->{closure:{closure:Illuminate/Pipeline/Pipeline::carry():194}:195}(Object(Illuminate/Http/Request))
#31 C:/laragon/www/cadisetramadiR/vendor/laravel/framework/src/Illuminate/Routing/Router.php(821): Illuminate/Pipeline/Pipeline->then(Object(Closure))
#32 C:/laragon/www/cadisetramadiR/vendor/laravel/framework/src/Illuminate/Routing/Router.php(800): Illuminate/Routing/Router->runRouteWithinStack(Object(Illuminate/Routing/Route), Object(Illuminate/Http/Request))
#33 C:/laragon/www/cadisetramadiR/vendor/laravel/framework/src/Illuminate/Routing/Router.php(764): Illuminate/Routing/Router->runRoute(Object(Illuminate/Http/Request), Object(Illuminate/Routing/Route))
#34 C:/laragon/www/cadisetramadiR/vendor/laravel/framework/src/Illuminate/Routing/Router.php(753): Illuminate/Routing/Router->dispatchToRoute(Object(Illuminate/Http/Request))
#35 C:/laragon/www/cadisetramadiR/vendor/laravel/framework/src/Illuminate/Foundation/Http/Kernel.php(200): Illuminate/Routing/Router->dispatch(Object(Illuminate/Http/Request))
#36 C:/laragon/www/cadisetramadiR/vendor/laravel/framework/src/Illuminate/Pipeline/Pipeline.php(180): Illuminate/Foundation/Http/Kernel->{closure:Illuminate/Foundation/Http/Kernel::dispatchToRouter():197}(Object(Illuminate/Http/Request))
#37 C:/laragon/www/cadisetramadiR/vendor/laravel/framework/src/Illuminate/Foundation/Http/Middleware/TransformsRequest.php(21): Illuminate/Pipeline/Pipeline->{closure:Illuminate/Pipeline/Pipeline::prepareDestination():178}(Object(Illuminate/Http/Request))
#38 C:/laragon/www/cadisetramadiR/vendor/laravel/framework/src/Illuminate/Foundation/Http/Middleware/ConvertEmptyStringsToNull.php(31): Illuminate/Foundation/Http/Middleware/TransformsRequest->handle(Object(Illuminate/Http/Request), Object(Closure))
#39 C:/laragon/www/cadisetramadiR/vendor/laravel/framework/src/Illuminate/Pipeline/Pipeline.php(219): Illuminate/Foundation/Http/Middleware/ConvertEmptyStringsToNull->handle(Object(Illuminate/Http/Request), Object(Closure))
#40 C:/laragon/www/cadisetramadiR/vendor/laravel/framework/src/Illuminate/Foundation/Http/Middleware/TransformsRequest.php(21): Illuminate/Pipeline/Pipeline->{closure:{closure:Illuminate/Pipeline/Pipeline::carry():194}:195}(Object(Illuminate/Http/Request))
#41 C:/laragon/www/cadisetramadiR/vendor/laravel/framework/src/Illuminate/Foundation/Http/Middleware/TrimStrings.php(51): Illuminate/Foundation/Http/Middleware/TransformsRequest->handle(Object(Illuminate/Http/Request), Object(Closure))
#42 C:/laragon/www/cadisetramadiR/vendor/laravel/framework/src/Illuminate/Pipeline/Pipeline.php(219): Illuminate/Foundation/Http/Middleware/TrimStrings->handle(Object(Illuminate/Http/Request), Object(Closure))
#43 C:/laragon/www/cadisetramadiR/vendor/laravel/framework/src/Illuminate/Http/Middleware/ValidatePostSize.php(27): Illuminate/Pipeline/Pipeline->{closure:{closure:Illuminate/Pipeline/Pipeline::carry():194}:195}(Object(Illuminate/Http/Request))
#44 C:/laragon/www/cadisetramadiR/vendor/laravel/framework/src/Illuminate/Pipeline/Pipeline.php(219): Illuminate/Http/Middleware/ValidatePostSize->handle(Object(Illuminate/Http/Request), Object(Closure))
#45 C:/laragon/www/cadisetramadiR/vendor/laravel/framework/src/Illuminate/Foundation/Http/Middleware/PreventRequestsDuringMaintenance.php(109): Illuminate/Pipeline/Pipeline->{closure:{closure:Illuminate/Pipeline/Pipeline::carry():194}:195}(Object(Illuminate/Http/Request))
#46 C:/laragon/www/cadisetramadiR/vendor/laravel/framework/src/Illuminate/Pipeline/Pipeline.php(219): Illuminate/Foundation/Http/Middleware/PreventRequestsDuringMaintenance->handle(Object(Illuminate/Http/Request), Object(Closure))
#47 C:/laragon/www/cadisetramadiR/vendor/laravel/framework/src/Illuminate/Http/Middleware/HandleCors.php(61): Illuminate/Pipeline/Pipeline->{closure:{closure:Illuminate/Pipeline/Pipeline::carry():194}:195}(Object(Illuminate/Http/Request))
#48 C:/laragon/www/cadisetramadiR/vendor/laravel/framework/src/Illuminate/Pipeline/Pipeline.php(219): Illuminate/Http/Middleware/HandleCors->handle(Object(Illuminate/Http/Request), Object(Closure))
#49 C:/laragon/www/cadisetramadiR/vendor/laravel/framework/src/Illuminate/Http/Middleware/TrustProxies.php(58): Illuminate/Pipeline/Pipeline->{closure:{closure:Illuminate/Pipeline/Pipeline::carry():194}:195}(Object(Illuminate/Http/Request))
#50 C:/laragon/www/cadisetramadiR/vendor/laravel/framework/src/Illuminate/Pipeline/Pipeline.php(219): Illuminate/Http/Middleware/TrustProxies->handle(Object(Illuminate/Http/Request), Object(Closure))
#51 C:/laragon/www/cadisetramadiR/vendor/laravel/framework/src/Illuminate/Foundation/Http/Middleware/InvokeDeferredCallbacks.php(22): Illuminate/Pipeline/Pipeline->{closure:{closure:Illuminate/Pipeline/Pipeline::carry():194}:195}(Object(Illuminate/Http/Request))
#52 C:/laragon/www/cadisetramadiR/vendor/laravel/framework/src/Illuminate/Pipeline/Pipeline.php(219): Illuminate/Foundation/Http/Middleware/InvokeDeferredCallbacks->handle(Object(Illuminate/Http/Request), Object(Closure))
#53 C:/laragon/www/cadisetramadiR/vendor/laravel/framework/src/Illuminate/Http/Middleware/ValidatePathEncoding.php(26): Illuminate/Pipeline/Pipeline->{closure:{closure:Illuminate/Pipeline/Pipeline::carry():194}:195}(Object(Illuminate/Http/Request))
#54 C:/laragon/www/cadisetramadiR/vendor/laravel/framework/src/Illuminate/Pipeline/Pipeline.php(219): Illuminate/Http/Middleware/ValidatePathEncoding->handle(Object(Illuminate/Http/Request), Object(Closure))
#55 C:/laragon/www/cadisetramadiR/vendor/laravel/framework/src/Illuminate/Pipeline/Pipeline.php(137): Illuminate/Pipeline/Pipeline->{closure:{closure:Illuminate/Pipeline/Pipeline::carry():194}:195}(Object(Illuminate/Http/Request))
#56 C:/laragon/www/cadisetramadiR/vendor/laravel/framework/src/Illuminate/Foundation/Http/Kernel.php(175): Illuminate/Pipeline/Pipeline->then(Object(Closure))
#57 C:/laragon/www/cadisetramadiR/vendor/laravel/framework/src/Illuminate/Foundation/Http/Kernel.php(144): Illuminate/Foundation/Http/Kernel->sendRequestThroughRouter(Object(Illuminate/Http/Request))
#58 C:/laragon/www/cadisetramadiR/vendor/laravel/framework/src/Illuminate/Foundation/Application.php(1220): Illuminate/Foundation/Http/Kernel->handle(Object(Illuminate/Http/Request))
#59 C:/laragon/www/cadisetramadiR/public/index.php(20): Illuminate/Foundation/Application->handleRequest(Object(Illuminate/Http/Request))
#60 C:/laragon/www/cadisetramadiR/vendor/laravel/framework/src/Illuminate/Foundation/resources/server.php(23): require_once('C://laragon//www//...')
#61 {main}

[previous exception] [object] (Illuminate\\Contracts\\Container\\BindingResolutionException(code: 0): Target class [App\\Models\\ItemPenjualanPolicy] does not exist. at C:/laragon/www/cadisetramadiR/vendor/laravel/framework/src/Illuminate/Container/Container.php:1124)
[stacktrace]
#0 C:/laragon/www/cadisetramadiR/vendor/laravel/framework/src/Illuminate/Container/Container.php(933): Illuminate/Container/Container->build('App//Models//Item...')
#1 C:/laragon/www/cadisetramadiR/vendor/laravel/framework/src/Illuminate/Foundation/Application.php(1078): Illuminate/Container/Container->resolve('App//Models//Item...', Array, true)
#2 C:/laragon/www/cadisetramadiR/vendor/laravel/framework/src/Illuminate/Container/Container.php(864): Illuminate/Foundation/Application->resolve('App//Models//Item...', Array)
#3 C:/laragon/www/cadisetramadiR/vendor/laravel/framework/src/Illuminate/Foundation/Application.php(1058): Illuminate/Container/Container->make('App//Models//Item...', Array)
#4 C:/laragon/www/cadisetramadiR/vendor/laravel/framework/src/Illuminate/Auth/Access/Gate.php(762): Illuminate/Foundation/Application->make('App//Models//Item...')
#5 C:/laragon/www/cadisetramadiR/vendor/laravel/framework/src/Illuminate/Auth/Access/Gate.php(670): Illuminate/Auth/Access/Gate->resolvePolicy('App//Models//Item...')
#6 C:/laragon/www/cadisetramadiR/vendor/laravel/framework/src/Illuminate/Auth/Access/Gate.php(630): Illuminate/Auth/Access/Gate->getPolicyFor('App//Models//Item...')
#7 C:/laragon/www/cadisetramadiR/vendor/laravel/framework/src/Illuminate/Auth/Access/Gate.php(551): Illuminate/Auth/Access/Gate->resolveAuthCallback(Object(App/Models/User), 'delete', Array)
#8 C:/laragon/www/cadisetramadiR/vendor/laravel/framework/src/Illuminate/Auth/Access/Gate.php(448): Illuminate/Auth/Access/Gate->callAuthCallback(Object(App/Models/User), 'delete', Array)
#9 C:/laragon/www/cadisetramadiR/vendor/laravel/framework/src/Illuminate/Auth/Access/Gate.php(411): Illuminate/Auth/Access/Gate->raw('delete', Array)
#10 C:/laragon/www/cadisetramadiR/vendor/laravel/framework/src/Illuminate/Auth/Access/Gate.php(359): Illuminate/Auth/Access/Gate->inspect('delete', Object(App/Models/ItemPenjualan))
#11 C:/laragon/www/cadisetramadiR/vendor/laravel/framework/src/Illuminate/Collections/Traits/EnumeratesValues.php(312): Illuminate/Auth/Access/Gate->{closure:Illuminate/Auth/Access/Gate::check():359}('delete', 0)
#12 C:/laragon/www/cadisetramadiR/vendor/laravel/framework/src/Illuminate/Auth/Access/Gate.php(358): Illuminate/Support/Collection->every(Object(Closure))
#13 C:/laragon/www/cadisetramadiR/storage/framework/views/039c11e4e4c6c654390eec4b963587e8.php(305): Illuminate/Auth/Access/Gate->check('delete', Object(App/Models/ItemPenjualan))
#14 C:/laragon/www/cadisetramadiR/vendor/laravel/framework/src/Illuminate/Filesystem/Filesystem.php(123): require('C://laragon//www//...')
#15 C:/laragon/www/cadisetramadiR/vendor/laravel/framework/src/Illuminate/Filesystem/Filesystem.php(124): Illuminate/Filesystem/Filesystem::{closure:Illuminate/Filesystem/Filesystem::getRequire():120}()
#16 C:/laragon/www/cadisetramadiR/vendor/laravel/framework/src/Illuminate/View/Engines/PhpEngine.php(57): Illuminate/Filesystem/Filesystem->getRequire('C://laragon//www//...', Array)
#17 C:/laragon/www/cadisetramadiR/vendor/laravel/framework/src/Illuminate/View/Engines/CompilerEngine.php(76): Illuminate/View/Engines/PhpEngine->evaluatePath('C://laragon//www//...', Array)
#18 C:/laragon/www/cadisetramadiR/vendor/laravel/framework/src/Illuminate/View/View.php(208): Illuminate/View/Engines/CompilerEngine->get('C://laragon//www//...', Array)
#19 C:/laragon/www/cadisetramadiR/vendor/laravel/framework/src/Illuminate/View/View.php(191): Illuminate/View/View->getContents()
#20 C:/laragon/www/cadisetramadiR/vendor/laravel/framework/src/Illuminate/View/View.php(160): Illuminate/View/View->renderContents()
#21 C:/laragon/www/cadisetramadiR/vendor/laravel/framework/src/Illuminate/Http/Response.php(78): Illuminate/View/View->render()
#22 C:/laragon/www/cadisetramadiR/vendor/laravel/framework/src/Illuminate/Http/Response.php(34): Illuminate/Http/Response->setContent(Object(Illuminate/View/View))
#23 C:/laragon/www/cadisetramadiR/vendor/laravel/framework/src/Illuminate/Routing/Router.php(939): Illuminate/Http/Response->__construct(Object(Illuminate/View/View), 200, Array)
#24 C:/laragon/www/cadisetramadiR/vendor/laravel/framework/src/Illuminate/Routing/Router.php(906): Illuminate/Routing/Router::toResponse(Object(Illuminate/Http/Request), Object(Illuminate/View/View))
#25 C:/laragon/www/cadisetramadiR/vendor/laravel/framework/src/Illuminate/Routing/Router.php(821): Illuminate/Routing/Router->prepareResponse(Object(Illuminate/Http/Request), Object(Illuminate/View/View))
#26 C:/laragon/www/cadisetramadiR/vendor/laravel/framework/src/Illuminate/Pipeline/Pipeline.php(180): Illuminate/Routing/Router->{closure:Illuminate/Routing/Router::runRouteWithinStack():821}(Object(Illuminate/Http/Request))
#27 C:/laragon/www/cadisetramadiR/app/Http/Middleware/RoleMiddleware.php(29): Illuminate/Pipeline/Pipeline->{closure:Illuminate/Pipeline/Pipeline::prepareDestination():178}(Object(Illuminate/Http/Request))
#28 C:/laragon/www/cadisetramadiR/vendor/laravel/framework/src/Illuminate/Pipeline/Pipeline.php(219): App/Http/Middleware/RoleMiddleware->handle(Object(Illuminate/Http/Request), Object(Closure), 'admin', 'kasir')
#29 C:/laragon/www/cadisetramadiR/app/Http/Middleware/SetLanguage.php(38): Illuminate/Pipeline/Pipeline->{closure:{closure:Illuminate/Pipeline/Pipeline::carry():194}:195}(Object(Illuminate/Http/Request))
#30 C:/laragon/www/cadisetramadiR/vendor/laravel/framework/src/Illuminate/Pipeline/Pipeline.php(219): App/Http/Middleware/SetLanguage->handle(Object(Illuminate/Http/Request), Object(Closure))
#31 C:/laragon/www/cadisetramadiR/vendor/laravel/framework/src/Illuminate/Routing/Middleware/SubstituteBindings.php(50): Illuminate/Pipeline/Pipeline->{closure:{closure:Illuminate/Pipeline/Pipeline::carry():194}:195}(Object(Illuminate/Http/Request))
#32 C:/laragon/www/cadisetramadiR/vendor/laravel/framework/src/Illuminate/Pipeline/Pipeline.php(219): Illuminate/Routing/Middleware/SubstituteBindings->handle(Object(Illuminate/Http/Request), Object(Closure))
#33 C:/laragon/www/cadisetramadiR/vendor/laravel/framework/src/Illuminate/Auth/Middleware/Authenticate.php(63): Illuminate/Pipeline/Pipeline->{closure:{closure:Illuminate/Pipeline/Pipeline::carry():194}:195}(Object(Illuminate/Http/Request))
#34 C:/laragon/www/cadisetramadiR/vendor/laravel/framework/src/Illuminate/Pipeline/Pipeline.php(219): Illuminate/Auth/Middleware/Authenticate->handle(Object(Illuminate/Http/Request), Object(Closure))
#35 C:/laragon/www/cadisetramadiR/vendor/laravel/framework/src/Illuminate/Foundation/Http/Middleware/VerifyCsrfToken.php(87): Illuminate/Pipeline/Pipeline->{closure:{closure:Illuminate/Pipeline/Pipeline::carry():194}:195}(Object(Illuminate/Http/Request))
#36 C:/laragon/www/cadisetramadiR/vendor/laravel/framework/src/Illuminate/Pipeline/Pipeline.php(219): Illuminate/Foundation/Http/Middleware/VerifyCsrfToken->handle(Object(Illuminate/Http/Request), Object(Closure))
#37 C:/laragon/www/cadisetramadiR/vendor/laravel/framework/src/Illuminate/View/Middleware/ShareErrorsFromSession.php(48): Illuminate/Pipeline/Pipeline->{closure:{closure:Illuminate/Pipeline/Pipeline::carry():194}:195}(Object(Illuminate/Http/Request))
#38 C:/laragon/www/cadisetramadiR/vendor/laravel/framework/src/Illuminate/Pipeline/Pipeline.php(219): Illuminate/View/Middleware/ShareErrorsFromSession->handle(Object(Illuminate/Http/Request), Object(Closure))
#39 C:/laragon/www/cadisetramadiR/vendor/laravel/framework/src/Illuminate/Session/Middleware/StartSession.php(120): Illuminate/Pipeline/Pipeline->{closure:{closure:Illuminate/Pipeline/Pipeline::carry():194}:195}(Object(Illuminate/Http/Request))
#40 C:/laragon/www/cadisetramadiR/vendor/laravel/framework/src/Illuminate/Session/Middleware/StartSession.php(63): Illuminate/Session/Middleware/StartSession->handleStatefulRequest(Object(Illuminate/Http/Request), Object(Illuminate/Session/Store), Object(Closure))
#41 C:/laragon/www/cadisetramadiR/vendor/laravel/framework/src/Illuminate/Pipeline/Pipeline.php(219): Illuminate/Session/Middleware/StartSession->handle(Object(Illuminate/Http/Request), Object(Closure))
#42 C:/laragon/www/cadisetramadiR/vendor/laravel/framework/src/Illuminate/Cookie/Middleware/AddQueuedCookiesToResponse.php(36): Illuminate/Pipeline/Pipeline->{closure:{closure:Illuminate/Pipeline/Pipeline::carry():194}:195}(Object(Illuminate/Http/Request))
#43 C:/laragon/www/cadisetramadiR/vendor/laravel/framework/src/Illuminate/Pipeline/Pipeline.php(219): Illuminate/Cookie/Middleware/AddQueuedCookiesToResponse->handle(Object(Illuminate/Http/Request), Object(Closure))
#44 C:/laragon/www/cadisetramadiR/vendor/laravel/framework/src/Illuminate/Cookie/Middleware/EncryptCookies.php(74): Illuminate/Pipeline/Pipeline->{closure:{closure:Illuminate/Pipeline/Pipeline::carry():194}:195}(Object(Illuminate/Http/Request))
#45 C:/laragon/www/cadisetramadiR/vendor/laravel/framework/src/Illuminate/Pipeline/Pipeline.php(219): Illuminate/Cookie/Middleware/EncryptCookies->handle(Object(Illuminate/Http/Request), Object(Closure))
#46 C:/laragon/www/cadisetramadiR/vendor/laravel/framework/src/Illuminate/Pipeline/Pipeline.php(137): Illuminate/Pipeline/Pipeline->{closure:{closure:Illuminate/Pipeline/Pipeline::carry():194}:195}(Object(Illuminate/Http/Request))
#47 C:/laragon/www/cadisetramadiR/vendor/laravel/framework/src/Illuminate/Routing/Router.php(821): Illuminate/Pipeline/Pipeline->then(Object(Closure))
#48 C:/laragon/www/cadisetramadiR/vendor/laravel/framework/src/Illuminate/Routing/Router.php(800): Illuminate/Routing/Router->runRouteWithinStack(Object(Illuminate/Routing/Route), Object(Illuminate/Http/Request))
#49 C:/laragon/www/cadisetramadiR/vendor/laravel/framework/src/Illuminate/Routing/Router.php(764): Illuminate/Routing/Router->runRoute(Object(Illuminate/Http/Request), Object(Illuminate/Routing/Route))
#50 C:/laragon/www/cadisetramadiR/vendor/laravel/framework/src/Illuminate/Routing/Router.php(753): Illuminate/Routing/Router->dispatchToRoute(Object(Illuminate/Http/Request))
#51 C:/laragon/www/cadisetramadiR/vendor/laravel/framework/src/Illuminate/Foundation/Http/Kernel.php(200): Illuminate/Routing/Router->dispatch(Object(Illuminate/Http/Request))
#52 C:/laragon/www/cadisetramadiR/vendor/laravel/framework/src/Illuminate/Pipeline/Pipeline.php(180): Illuminate/Foundation/Http/Kernel->{closure:Illuminate/Foundation/Http/Kernel::dispatchToRouter():197}(Object(Illuminate/Http/Request))
#53 C:/laragon/www/cadisetramadiR/vendor/laravel/framework/src/Illuminate/Foundation/Http/Middleware/TransformsRequest.php(21): Illuminate/Pipeline/Pipeline->{closure:Illuminate/Pipeline/Pipeline::prepareDestination():178}(Object(Illuminate/Http/Request))
#54 C:/laragon/www/cadisetramadiR/vendor/laravel/framework/src/Illuminate/Foundation/Http/Middleware/ConvertEmptyStringsToNull.php(31): Illuminate/Foundation/Http/Middleware/TransformsRequest->handle(Object(Illuminate/Http/Request), Object(Closure))
#55 C:/laragon/www/cadisetramadiR/vendor/laravel/framework/src/Illuminate/Pipeline/Pipeline.php(219): Illuminate/Foundation/Http/Middleware/ConvertEmptyStringsToNull->handle(Object(Illuminate/Http/Request), Object(Closure))
#56 C:/laragon/www/cadisetramadiR/vendor/laravel/framework/src/Illuminate/Foundation/Http/Middleware/TransformsRequest.php(21): Illuminate/Pipeline/Pipeline->{closure:{closure:Illuminate/Pipeline/Pipeline::carry():194}:195}(Object(Illuminate/Http/Request))
#57 C:/laragon/www/cadisetramadiR/vendor/laravel/framework/src/Illuminate/Foundation/Http/Middleware/TrimStrings.php(51): Illuminate/Foundation/Http/Middleware/TransformsRequest->handle(Object(Illuminate/Http/Request), Object(Closure))
#58 C:/laragon/www/cadisetramadiR/vendor/laravel/framework/src/Illuminate/Pipeline/Pipeline.php(219): Illuminate/Foundation/Http/Middleware/TrimStrings->handle(Object(Illuminate/Http/Request), Object(Closure))
#59 C:/laragon/www/cadisetramadiR/vendor/laravel/framework/src/Illuminate/Http/Middleware/ValidatePostSize.php(27): Illuminate/Pipeline/Pipeline->{closure:{closure:Illuminate/Pipeline/Pipeline::carry():194}:195}(Object(Illuminate/Http/Request))
#60 C:/laragon/www/cadisetramadiR/vendor/laravel/framework/src/Illuminate/Pipeline/Pipeline.php(219): Illuminate/Http/Middleware/ValidatePostSize->handle(Object(Illuminate/Http/Request), Object(Closure))
#61 C:/laragon/www/cadisetramadiR/vendor/laravel/framework/src/Illuminate/Foundation/Http/Middleware/PreventRequestsDuringMaintenance.php(109): Illuminate/Pipeline/Pipeline->{closure:{closure:Illuminate/Pipeline/Pipeline::carry():194}:195}(Object(Illuminate/Http/Request))
#62 C:/laragon/www/cadisetramadiR/vendor/laravel/framework/src/Illuminate/Pipeline/Pipeline.php(219): Illuminate/Foundation/Http/Middleware/PreventRequestsDuringMaintenance->handle(Object(Illuminate/Http/Request), Object(Closure))
#63 C:/laragon/www/cadisetramadiR/vendor/laravel/framework/src/Illuminate/Http/Middleware/HandleCors.php(61): Illuminate/Pipeline/Pipeline->{closure:{closure:Illuminate/Pipeline/Pipeline::carry():194}:195}(Object(Illuminate/Http/Request))
#64 C:/laragon/www/cadisetramadiR/vendor/laravel/framework/src/Illuminate/Pipeline/Pipeline.php(219): Illuminate/Http/Middleware/HandleCors->handle(Object(Illuminate/Http/Request), Object(Closure))
#65 C:/laragon/www/cadisetramadiR/vendor/laravel/framework/src/Illuminate/Http/Middleware/TrustProxies.php(58): Illuminate/Pipeline/Pipeline->{closure:{closure:Illuminate/Pipeline/Pipeline::carry():194}:195}(Object(Illuminate/Http/Request))
#66 C:/laragon/www/cadisetramadiR/vendor/laravel/framework/src/Illuminate/Pipeline/Pipeline.php(219): Illuminate/Http/Middleware/TrustProxies->handle(Object(Illuminate/Http/Request), Object(Closure))
#67 C:/laragon/www/cadisetramadiR/vendor/laravel/framework/src/Illuminate/Foundation/Http/Middleware/InvokeDeferredCallbacks.php(22): Illuminate/Pipeline/Pipeline->{closure:{closure:Illuminate/Pipeline/Pipeline::carry():194}:195}(Object(Illuminate/Http/Request))
#68 C:/laragon/www/cadisetramadiR/vendor/laravel/framework/src/Illuminate/Pipeline/Pipeline.php(219): Illuminate/Foundation/Http/Middleware/InvokeDeferredCallbacks->handle(Object(Illuminate/Http/Request), Object(Closure))
#69 C:/laragon/www/cadisetramadiR/vendor/laravel/framework/src/Illuminate/Http/Middleware/ValidatePathEncoding.php(26): Illuminate/Pipeline/Pipeline->{closure:{closure:Illuminate/Pipeline/Pipeline::carry():194}:195}(Object(Illuminate/Http/Request))
#70 C:/laragon/www/cadisetramadiR/vendor/laravel/framework/src/Illuminate/Pipeline/Pipeline.php(219): Illuminate/Http/Middleware/ValidatePathEncoding->handle(Object(Illuminate/Http/Request), Object(Closure))
#71 C:/laragon/www/cadisetramadiR/vendor/laravel/framework/src/Illuminate/Pipeline/Pipeline.php(137): Illuminate/Pipeline/Pipeline->{closure:{closure:Illuminate/Pipeline/Pipeline::carry():194}:195}(Object(Illuminate/Http/Request))
#72 C:/laragon/www/cadisetramadiR/vendor/laravel/framework/src/Illuminate/Foundation/Http/Kernel.php(175): Illuminate/Pipeline/Pipeline->then(Object(Closure))
#73 C:/laragon/www/cadisetramadiR/vendor/laravel/framework/src/Illuminate/Foundation/Http/Kernel.php(144): Illuminate/Foundation/Http/Kernel->sendRequestThroughRouter(Object(Illuminate/Http/Request))
#74 C:/laragon/www/cadisetramadiR/vendor/laravel/framework/src/Illuminate/Foundation/Application.php(1220): Illuminate/Foundation/Http/Kernel->handle(Object(Illuminate/Http/Request))
#75 C:/laragon/www/cadisetramadiR/public/index.php(20): Illuminate/Foundation/Application->handleRequest(Object(Illuminate/Http/Request))
#76 C:/laragon/www/cadisetramadiR/vendor/laravel/framework/src/Illuminate/Foundation/resources/server.php(23): require_once('C://laragon//www//...')
#77 {main}

[previous exception] [object] (ReflectionException(code: -1): Class \"App\\Models\\ItemPenjualanPolicy\" does not exist at C:/laragon/www/cadisetramadiR/vendor/laravel/framework/src/Illuminate/Container/Container.php:1122)
[stacktrace]
#0 C:/laragon/www/cadisetramadiR/vendor/laravel/framework/src/Illuminate/Container/Container.php(1122): ReflectionClass->__construct('App//Models//Item...')
#1 C:/laragon/www/cadisetramadiR/vendor/laravel/framework/src/Illuminate/Container/Container.php(933): Illuminate/Container/Container->build('App//Models//Item...')
#2 C:/laragon/www/cadisetramadiR/vendor/laravel/framework/src/Illuminate/Foundation/Application.php(1078): Illuminate/Container/Container->resolve('App//Models//Item...', Array, true)
#3 C:/laragon/www/cadisetramadiR/vendor/laravel/framework/src/Illuminate/Container/Container.php(864): Illuminate/Foundation/Application->resolve('App//Models//Item...', Array)
#4 C:/laragon/www/cadisetramadiR/vendor/laravel/framework/src/Illuminate/Foundation/Application.php(1058): Illuminate/Container/Container->make('App//Models//Item...', Array)
#5 C:/laragon/www/cadisetramadiR/vendor/laravel/framework/src/Illuminate/Auth/Access/Gate.php(762): Illuminate/Foundation/Application->make('App//Models//Item...')
#6 C:/laragon/www/cadisetramadiR/vendor/laravel/framework/src/Illuminate/Auth/Access/Gate.php(670): Illuminate/Auth/Access/Gate->resolvePolicy('App//Models//Item...')
#7 C:/laragon/www/cadisetramadiR/vendor/laravel/framework/src/Illuminate/Auth/Access/Gate.php(630): Illuminate/Auth/Access/Gate->getPolicyFor('App//Models//Item...')
#8 C:/laragon/www/cadisetramadiR/vendor/laravel/framework/src/Illuminate/Auth/Access/Gate.php(551): Illuminate/Auth/Access/Gate->resolveAuthCallback(Object(App/Models/User), 'delete', Array)
#9 C:/laragon/www/cadisetramadiR/vendor/laravel/framework/src/Illuminate/Auth/Access/Gate.php(448): Illuminate/Auth/Access/Gate->callAuthCallback(Object(App/Models/User), 'delete', Array)
#10 C:/laragon/www/cadisetramadiR/vendor/laravel/framework/src/Illuminate/Auth/Access/Gate.php(411): Illuminate/Auth/Access/Gate->raw('delete', Array)
#11 C:/laragon/www/cadisetramadiR/vendor/laravel/framework/src/Illuminate/Auth/Access/Gate.php(359): Illuminate/Auth/Access/Gate->inspect('delete', Object(App/Models/ItemPenjualan))
#12 C:/laragon/www/cadisetramadiR/vendor/laravel/framework/src/Illuminate/Collections/Traits/EnumeratesValues.php(312): Illuminate/Auth/Access/Gate->{closure:Illuminate/Auth/Access/Gate::check():359}('delete', 0)
#13 C:/laragon/www/cadisetramadiR/vendor/laravel/framework/src/Illuminate/Auth/Access/Gate.php(358): Illuminate/Support/Collection->every(Object(Closure))
#14 C:/laragon/www/cadisetramadiR/storage/framework/views/039c11e4e4c6c654390eec4b963587e8.php(305): Illuminate/Auth/Access/Gate->check('delete', Object(App/Models/ItemPenjualan))
#15 C:/laragon/www/cadisetramadiR/vendor/laravel/framework/src/Illuminate/Filesystem/Filesystem.php(123): require('C://laragon//www//...')
#16 C:/laragon/www/cadisetramadiR/vendor/laravel/framework/src/Illuminate/Filesystem/Filesystem.php(124): Illuminate/Filesystem/Filesystem::{closure:Illuminate/Filesystem/Filesystem::getRequire():120}()
#17 C:/laragon/www/cadisetramadiR/vendor/laravel/framework/src/Illuminate/View/Engines/PhpEngine.php(57): Illuminate/Filesystem/Filesystem->getRequire('C://laragon//www//...', Array)
#18 C:/laragon/www/cadisetramadiR/vendor/laravel/framework/src/Illuminate/View/Engines/CompilerEngine.php(76): Illuminate/View/Engines/PhpEngine->evaluatePath('C://laragon//www//...', Array)
#19 C:/laragon/www/cadisetramadiR/vendor/laravel/framework/src/Illuminate/View/View.php(208): Illuminate/View/Engines/CompilerEngine->get('C://laragon//www//...', Array)
#20 C:/laragon/www/cadisetramadiR/vendor/laravel/framework/src/Illuminate/View/View.php(191): Illuminate/View/View->getContents()
#21 C:/laragon/www/cadisetramadiR/vendor/laravel/framework/src/Illuminate/View/View.php(160): Illuminate/View/View->renderContents()
#22 C:/laragon/www/cadisetramadiR/vendor/laravel/framework/src/Illuminate/Http/Response.php(78): Illuminate/View/View->render()
#23 C:/laragon/www/cadisetramadiR/vendor/laravel/framework/src/Illuminate/Http/Response.php(34): Illuminate/Http/Response->setContent(Object(Illuminate/View/View))
#24 C:/laragon/www/cadisetramadiR/vendor/laravel/framework/src/Illuminate/Routing/Router.php(939): Illuminate/Http/Response->__construct(Object(Illuminate/View/View), 200, Array)
#25 C:/laragon/www/cadisetramadiR/vendor/laravel/framework/src/Illuminate/Routing/Router.php(906): Illuminate/Routing/Router::toResponse(Object(Illuminate/Http/Request), Object(Illuminate/View/View))
#26 C:/laragon/www/cadisetramadiR/vendor/laravel/framework/src/Illuminate/Routing/Router.php(821): Illuminate/Routing/Router->prepareResponse(Object(Illuminate/Http/Request), Object(Illuminate/View/View))
#27 C:/laragon/www/cadisetramadiR/vendor/laravel/framework/src/Illuminate/Pipeline/Pipeline.php(180): Illuminate/Routing/Router->{closure:Illuminate/Routing/Router::runRouteWithinStack():821}(Object(Illuminate/Http/Request))
#28 C:/laragon/www/cadisetramadiR/app/Http/Middleware/RoleMiddleware.php(29): Illuminate/Pipeline/Pipeline->{closure:Illuminate/Pipeline/Pipeline::prepareDestination():178}(Object(Illuminate/Http/Request))
#29 C:/laragon/www/cadisetramadiR/vendor/laravel/framework/src/Illuminate/Pipeline/Pipeline.php(219): App/Http/Middleware/RoleMiddleware->handle(Object(Illuminate/Http/Request), Object(Closure), 'admin', 'kasir')
#30 C:/laragon/www/cadisetramadiR/app/Http/Middleware/SetLanguage.php(38): Illuminate/Pipeline/Pipeline->{closure:{closure:Illuminate/Pipeline/Pipeline::carry():194}:195}(Object(Illuminate/Http/Request))
#31 C:/laragon/www/cadisetramadiR/vendor/laravel/framework/src/Illuminate/Pipeline/Pipeline.php(219): App/Http/Middleware/SetLanguage->handle(Object(Illuminate/Http/Request), Object(Closure))
#32 C:/laragon/www/cadisetramadiR/vendor/laravel/framework/src/Illuminate/Routing/Middleware/SubstituteBindings.php(50): Illuminate/Pipeline/Pipeline->{closure:{closure:Illuminate/Pipeline/Pipeline::carry():194}:195}(Object(Illuminate/Http/Request))
#33 C:/laragon/www/cadisetramadiR/vendor/laravel/framework/src/Illuminate/Pipeline/Pipeline.php(219): Illuminate/Routing/Middleware/SubstituteBindings->handle(Object(Illuminate/Http/Request), Object(Closure))
#34 C:/laragon/www/cadisetramadiR/vendor/laravel/framework/src/Illuminate/Auth/Middleware/Authenticate.php(63): Illuminate/Pipeline/Pipeline->{closure:{closure:Illuminate/Pipeline/Pipeline::carry():194}:195}(Object(Illuminate/Http/Request))
#35 C:/laragon/www/cadisetramadiR/vendor/laravel/framework/src/Illuminate/Pipeline/Pipeline.php(219): Illuminate/Auth/Middleware/Authenticate->handle(Object(Illuminate/Http/Request), Object(Closure))
#36 C:/laragon/www/cadisetramadiR/vendor/laravel/framework/src/Illuminate/Foundation/Http/Middleware/VerifyCsrfToken.php(87): Illuminate/Pipeline/Pipeline->{closure:{closure:Illuminate/Pipeline/Pipeline::carry():194}:195}(Object(Illuminate/Http/Request))
#37 C:/laragon/www/cadisetramadiR/vendor/laravel/framework/src/Illuminate/Pipeline/Pipeline.php(219): Illuminate/Foundation/Http/Middleware/VerifyCsrfToken->handle(Object(Illuminate/Http/Request), Object(Closure))
#38 C:/laragon/www/cadisetramadiR/vendor/laravel/framework/src/Illuminate/View/Middleware/ShareErrorsFromSession.php(48): Illuminate/Pipeline/Pipeline->{closure:{closure:Illuminate/Pipeline/Pipeline::carry():194}:195}(Object(Illuminate/Http/Request))
#39 C:/laragon/www/cadisetramadiR/vendor/laravel/framework/src/Illuminate/Pipeline/Pipeline.php(219): Illuminate/View/Middleware/ShareErrorsFromSession->handle(Object(Illuminate/Http/Request), Object(Closure))
#40 C:/laragon/www/cadisetramadiR/vendor/laravel/framework/src/Illuminate/Session/Middleware/StartSession.php(120): Illuminate/Pipeline/Pipeline->{closure:{closure:Illuminate/Pipeline/Pipeline::carry():194}:195}(Object(Illuminate/Http/Request))
#41 C:/laragon/www/cadisetramadiR/vendor/laravel/framework/src/Illuminate/Session/Middleware/StartSession.php(63): Illuminate/Session/Middleware/StartSession->handleStatefulRequest(Object(Illuminate/Http/Request), Object(Illuminate/Session/Store), Object(Closure))
#42 C:/laragon/www/cadisetramadiR/vendor/laravel/framework/src/Illuminate/Pipeline/Pipeline.php(219): Illuminate/Session/Middleware/StartSession->handle(Object(Illuminate/Http/Request), Object(Closure))
#43 C:/laragon/www/cadisetramadiR/vendor/laravel/framework/src/Illuminate/Cookie/Middleware/AddQueuedCookiesToResponse.php(36): Illuminate/Pipeline/Pipeline->{closure:{closure:Illuminate/Pipeline/Pipeline::carry():194}:195}(Object(Illuminate/Http/Request))
#44 C:/laragon/www/cadisetramadiR/vendor/laravel/framework/src/Illuminate/Pipeline/Pipeline.php(219): Illuminate/Cookie/Middleware/AddQueuedCookiesToResponse->handle(Object(Illuminate/Http/Request), Object(Closure))
#45 C:/laragon/www/cadisetramadiR/vendor/laravel/framework/src/Illuminate/Cookie/Middleware/EncryptCookies.php(74): Illuminate/Pipeline/Pipeline->{closure:{closure:Illuminate/Pipeline/Pipeline::carry():194}:195}(Object(Illuminate/Http/Request))
#46 C:/laragon/www/cadisetramadiR/vendor/laravel/framework/src/Illuminate/Pipeline/Pipeline.php(219): Illuminate/Cookie/Middleware/EncryptCookies->handle(Object(Illuminate/Http/Request), Object(Closure))
#47 C:/laragon/www/cadisetramadiR/vendor/laravel/framework/src/Illuminate/Pipeline/Pipeline.php(137): Illuminate/Pipeline/Pipeline->{closure:{closure:Illuminate/Pipeline/Pipeline::carry():194}:195}(Object(Illuminate/Http/Request))
#48 C:/laragon/www/cadisetramadiR/vendor/laravel/framework/src/Illuminate/Routing/Router.php(821): Illuminate/Pipeline/Pipeline->then(Object(Closure))
#49 C:/laragon/www/cadisetramadiR/vendor/laravel/framework/src/Illuminate/Routing/Router.php(800): Illuminate/Routing/Router->runRouteWithinStack(Object(Illuminate/Routing/Route), Object(Illuminate/Http/Request))
#50 C:/laragon/www/cadisetramadiR/vendor/laravel/framework/src/Illuminate/Routing/Router.php(764): Illuminate/Routing/Router->runRoute(Object(Illuminate/Http/Request), Object(Illuminate/Routing/Route))
#51 C:/laragon/www/cadisetramadiR/vendor/laravel/framework/src/Illuminate/Routing/Router.php(753): Illuminate/Routing/Router->dispatchToRoute(Object(Illuminate/Http/Request))
#52 C:/laragon/www/cadisetramadiR/vendor/laravel/framework/src/Illuminate/Foundation/Http/Kernel.php(200): Illuminate/Routing/Router->dispatch(Object(Illuminate/Http/Request))
#53 C:/laragon/www/cadisetramadiR/vendor/laravel/framework/src/Illuminate/Pipeline/Pipeline.php(180): Illuminate/Foundation/Http/Kernel->{closure:Illuminate/Foundation/Http/Kernel::dispatchToRouter():197}(Object(Illuminate/Http/Request))
#54 C:/laragon/www/cadisetramadiR/vendor/laravel/framework/src/Illuminate/Foundation/Http/Middleware/TransformsRequest.php(21): Illuminate/Pipeline/Pipeline->{closure:Illuminate/Pipeline/Pipeline::prepareDestination():178}(Object(Illuminate/Http/Request))
#55 C:/laragon/www/cadisetramadiR/vendor/laravel/framework/src/Illuminate/Foundation/Http/Middleware/ConvertEmptyStringsToNull.php(31): Illuminate/Foundation/Http/Middleware/TransformsRequest->handle(Object(Illuminate/Http/Request), Object(Closure))
#56 C:/laragon/www/cadisetramadiR/vendor/laravel/framework/src/Illuminate/Pipeline/Pipeline.php(219): Illuminate/Foundation/Http/Middleware/ConvertEmptyStringsToNull->handle(Object(Illuminate/Http/Request), Object(Closure))
#57 C:/laragon/www/cadisetramadiR/vendor/laravel/framework/src/Illuminate/Foundation/Http/Middleware/TransformsRequest.php(21): Illuminate/Pipeline/Pipeline->{closure:{closure:Illuminate/Pipeline/Pipeline::carry():194}:195}(Object(Illuminate/Http/Request))
#58 C:/laragon/www/cadisetramadiR/vendor/laravel/framework/src/Illuminate/Foundation/Http/Middleware/TrimStrings.php(51): Illuminate/Foundation/Http/Middleware/TransformsRequest->handle(Object(Illuminate/Http/Request), Object(Closure))
#59 C:/laragon/www/cadisetramadiR/vendor/laravel/framework/src/Illuminate/Pipeline/Pipeline.php(219): Illuminate/Foundation/Http/Middleware/TrimStrings->handle(Object(Illuminate/Http/Request), Object(Closure))
#60 C:/laragon/www/cadisetramadiR/vendor/laravel/framework/src/Illuminate/Http/Middleware/ValidatePostSize.php(27): Illuminate/Pipeline/Pipeline->{closure:{closure:Illuminate/Pipeline/Pipeline::carry():194}:195}(Object(Illuminate/Http/Request))
#61 C:/laragon/www/cadisetramadiR/vendor/laravel/framework/src/Illuminate/Pipeline/Pipeline.php(219): Illuminate/Http/Middleware/ValidatePostSize->handle(Object(Illuminate/Http/Request), Object(Closure))
#62 C:/laragon/www/cadisetramadiR/vendor/laravel/framework/src/Illuminate/Foundation/Http/Middleware/PreventRequestsDuringMaintenance.php(109): Illuminate/Pipeline/Pipeline->{closure:{closure:Illuminate/Pipeline/Pipeline::carry():194}:195}(Object(Illuminate/Http/Request))
#63 C:/laragon/www/cadisetramadiR/vendor/laravel/framework/src/Illuminate/Pipeline/Pipeline.php(219): Illuminate/Foundation/Http/Middleware/PreventRequestsDuringMaintenance->handle(Object(Illuminate/Http/Request), Object(Closure))
#64 C:/laragon/www/cadisetramadiR/vendor/laravel/framework/src/Illuminate/Http/Middleware/HandleCors.php(61): Illuminate/Pipeline/Pipeline->{closure:{closure:Illuminate/Pipeline/Pipeline::carry():194}:195}(Object(Illuminate/Http/Request))
#65 C:/laragon/www/cadisetramadiR/vendor/laravel/framework/src/Illuminate/Pipeline/Pipeline.php(219): Illuminate/Http/Middleware/HandleCors->handle(Object(Illuminate/Http/Request), Object(Closure))
#66 C:/laragon/www/cadisetramadiR/vendor/laravel/framework/src/Illuminate/Http/Middleware/TrustProxies.php(58): Illuminate/Pipeline/Pipeline->{closure:{closure:Illuminate/Pipeline/Pipeline::carry():194}:195}(Object(Illuminate/Http/Request))
#67 C:/laragon/www/cadisetramadiR/vendor/laravel/framework/src/Illuminate/Pipeline/Pipeline.php(219): Illuminate/Http/Middleware/TrustProxies->handle(Object(Illuminate/Http/Request), Object(Closure))
#68 C:/laragon/www/cadisetramadiR/vendor/laravel/framework/src/Illuminate/Foundation/Http/Middleware/InvokeDeferredCallbacks.php(22): Illuminate/Pipeline/Pipeline->{closure:{closure:Illuminate/Pipeline/Pipeline::carry():194}:195}(Object(Illuminate/Http/Request))
#69 C:/laragon/www/cadisetramadiR/vendor/laravel/framework/src/Illuminate/Pipeline/Pipeline.php(219): Illuminate/Foundation/Http/Middleware/InvokeDeferredCallbacks->handle(Object(Illuminate/Http/Request), Object(Closure))
#70 C:/laragon/www/cadisetramadiR/vendor/laravel/framework/src/Illuminate/Http/Middleware/ValidatePathEncoding.php(26): Illuminate/Pipeline/Pipeline->{closure:{closure:Illuminate/Pipeline/Pipeline::carry():194}:195}(Object(Illuminate/Http/Request))
#71 C:/laragon/www/cadisetramadiR/vendor/laravel/framework/src/Illuminate/Pipeline/Pipeline.php(219): Illuminate/Http/Middleware/ValidatePathEncoding->handle(Object(Illuminate/Http/Request), Object(Closure))
#72 C:/laragon/www/cadisetramadiR/vendor/laravel/framework/src/Illuminate/Pipeline/Pipeline.php(137): Illuminate/Pipeline/Pipeline->{closure:{closure:Illuminate/Pipeline/Pipeline::carry():194}:195}(Object(Illuminate/Http/Request))
#73 C:/laragon/www/cadisetramadiR/vendor/laravel/framework/src/Illuminate/Foundation/Http/Kernel.php(175): Illuminate/Pipeline/Pipeline->then(Object(Closure))
#74 C:/laragon/www/cadisetramadiR/vendor/laravel/framework/src/Illuminate/Foundation/Http/Kernel.php(144): Illuminate/Foundation/Http/Kernel->sendRequestThroughRouter(Object(Illuminate/Http/Request))
#75 C:/laragon/www/cadisetramadiR/vendor/laravel/framework/src/Illuminate/Foundation/Application.php(1220): Illuminate/Foundation/Http/Kernel->handle(Object(Illuminate/Http/Request))
#76 C:/laragon/www/cadisetramadiR/public/index.php(20): Illuminate/Foundation/Application->handleRequest(Object(Illuminate/Http/Request))
#77 C:/laragon/www/cadisetramadiR/vendor/laravel/framework/src/Illuminate/Foundation/resources/server.php(23): require_once('C://laragon//www//...')
#78 {main}
"} 
[2026-08-19 06:41:32] local.ERROR: Uncaught ReflectionException: Class "App\Models\ItemPenjualanPolicy" does not exist in Command line code:1
Stack trace:
#0 Command line code(1): ReflectionClass->__construct('App\\Models\\Item...')
#1 [internal function]: {closure:Command line code:1}('App\\Models\\Item...', 'App\\Models\\Item...')
#2 Command line code(1): array_map(Object(Closure), Array, Array)
#3 {main}
  thrown {"exception":"[object] (Symfony\\Component\\ErrorHandler\\Error\\FatalError(code: 0): Uncaught ReflectionException: Class \"App\\Models\\ItemPenjualanPolicy\" does not exist in Command line code:1
Stack trace:
#0 Command line code(1): ReflectionClass->__construct('App\\\\Models\\\\Item...')
#1 [internal function]: {closure:Command line code:1}('App\\\\Models\\\\Item...', 'App\\\\Models\\\\Item...')
#2 Command line code(1): array_map(Object(Closure), Array, Array)
#3 {main}
  thrown at Command line code:1)
[stacktrace]
#0 {main}
"} 
[2026-08-19 06:42:33] local.ERROR: Uncaught ReflectionException: Class "App\Models\ItemPenjualanPolicy" does not exist in Command line code:1
Stack trace:
#0 Command line code(1): ReflectionClass->__construct('App\\Models\\Item...')
#1 [internal function]: {closure:Command line code:1}('App\\Models\\Item...', 'App\\Models\\Item...')
#2 Command line code(1): array_map(Object(Closure), Array, Array)
#3 {main}
  thrown {"exception":"[object] (Symfony\\Component\\ErrorHandler\\Error\\FatalError(code: 0): Uncaught ReflectionException: Class \"App\\Models\\ItemPenjualanPolicy\" does not exist in Command line code:1
Stack trace:
#0 Command line code(1): ReflectionClass->__construct('App\\\\Models\\\\Item...')
#1 [internal function]: {closure:Command line code:1}('App\\\\Models\\\\Item...', 'App\\\\Models\\\\Item...')
#2 Command line code(1): array_map(Object(Closure), Array, Array)
#3 {main}
  thrown at Command line code:1)
[stacktrace]
#0 {main}
"} 
[2026-08-19 06:43:33] local.ERROR: Uncaught ReflectionException: Class "App\Models\ItemPenjualanPolicy" does not exist in Command line code:1
Stack trace:
#0 Command line code(1): ReflectionClass->__construct('App\\Models\\Item...')
#1 [internal function]: {closure:Command line code:1}('App\\Models\\Item...', 'App\\Models\\Item...')
#2 Command line code(1): array_map(Object(Closure), Array, Array)
#3 {main}
  thrown {"exception":"[object] (Symfony\\Component\\ErrorHandler\\Error\\FatalError(code: 0): Uncaught ReflectionException: Class \"App\\Models\\ItemPenjualanPolicy\" does not exist in Command line code:1
Stack trace:
#0 Command line code(1): ReflectionClass->__construct('App\\\\Models\\\\Item...')
#1 [internal function]: {closure:Command line code:1}('App\\\\Models\\\\Item...', 'App\\\\Models\\\\Item...')
#2 Command line code(1): array_map(Object(Closure), Array, Array)
#3 {main}
  thrown at Command line code:1)
[stacktrace]
#0 {main}
"} 
[2026-08-19 06:44:32] local.ERROR: Uncaught ReflectionException: Class "App\Models\ItemPenjualanPolicy" does not exist in Command line code:1
Stack trace:
#0 Command line code(1): ReflectionClass->__construct('App\\Models\\Item...')
#1 [internal function]: {closure:Command line code:1}('App\\Models\\Item...', 'App\\Models\\Item...')
#2 Command line code(1): array_map(Object(Closure), Array, Array)
#3 {main}
  thrown {"exception":"[object] (Symfony\\Component\\ErrorHandler\\Error\\FatalError(code: 0): Uncaught ReflectionException: Class \"App\\Models\\ItemPenjualanPolicy\" does not exist in Command line code:1
Stack trace:
#0 Command line code(1): ReflectionClass->__construct('App\\\\Models\\\\Item...')
#1 [internal function]: {closure:Command line code:1}('App\\\\Models\\\\Item...', 'App\\\\Models\\\\Item...')
#2 Command line code(1): array_map(Object(Closure), Array, Array)
#3 {main}
  thrown at Command line code:1)
[stacktrace]
#0 {main}
"} 
[2026-08-19 06:45:13] local.ERROR: Target class [App\Models\ItemPenjualanPolicy] does not exist. (View: C:\laragon\www\cadisetramadiR\resources\views\penjualan\pos.blade.php) {"userId":4,"exception":"[object] (Illuminate\\View\\ViewException(code: 0): Target class [App\\Models\\ItemPenjualanPolicy] does not exist. (View: C:\\laragon\\www\\cadisetramadiR\\resources\\views\\penjualan\\pos.blade.php) at C:/laragon/www/cadisetramadiR/vendor/laravel/framework/src/Illuminate/Container/Container.php:1124)
[stacktrace]
#0 C:/laragon/www/cadisetramadiR/vendor/laravel/framework/src/Illuminate/View/Engines/PhpEngine.php(59): Illuminate/View/Engines/CompilerEngine->handleViewException(Object(Illuminate/Contracts/Container/BindingResolutionException), 1)
#1 C:/laragon/www/cadisetramadiR/vendor/laravel/framework/src/Illuminate/View/Engines/CompilerEngine.php(76): Illuminate/View/Engines/PhpEngine->evaluatePath('C://laragon//www//...', Array)
#2 C:/laragon/www/cadisetramadiR/vendor/laravel/framework/src/Illuminate/View/View.php(208): Illuminate/View/Engines/CompilerEngine->get('C://laragon//www//...', Array)
#3 C:/laragon/www/cadisetramadiR/vendor/laravel/framework/src/Illuminate/View/View.php(191): Illuminate/View/View->getContents()
#4 C:/laragon/www/cadisetramadiR/vendor/laravel/framework/src/Illuminate/View/View.php(160): Illuminate/View/View->renderContents()
#5 C:/laragon/www/cadisetramadiR/vendor/laravel/framework/src/Illuminate/Http/Response.php(78): Illuminate/View/View->render()
#6 C:/laragon/www/cadisetramadiR/vendor/laravel/framework/src/Illuminate/Http/Response.php(34): Illuminate/Http/Response->setContent(Object(Illuminate/View/View))
#7 C:/laragon/www/cadisetramadiR/vendor/laravel/framework/src/Illuminate/Routing/Router.php(939): Illuminate/Http/Response->__construct(Object(Illuminate/View/View), 200, Array)
#8 C:/laragon/www/cadisetramadiR/vendor/laravel/framework/src/Illuminate/Routing/Router.php(906): Illuminate/Routing/Router::toResponse(Object(Illuminate/Http/Request), Object(Illuminate/View/View))
#9 C:/laragon/www/cadisetramadiR/vendor/laravel/framework/src/Illuminate/Routing/Router.php(821): Illuminate/Routing/Router->prepareResponse(Object(Illuminate/Http/Request), Object(Illuminate/View/View))
#10 C:/laragon/www/cadisetramadiR/vendor/laravel/framework/src/Illuminate/Pipeline/Pipeline.php(180): Illuminate/Routing/Router->{closure:Illuminate/Routing/Router::runRouteWithinStack():821}(Object(Illuminate/Http/Request))
#11 C:/laragon/www/cadisetramadiR/app/Http/Middleware/RoleMiddleware.php(29): Illuminate/Pipeline/Pipeline->{closure:Illuminate/Pipeline/Pipeline::prepareDestination():178}(Object(Illuminate/Http/Request))
#12 C:/laragon/www/cadisetramadiR/vendor/laravel/framework/src/Illuminate/Pipeline/Pipeline.php(219): App/Http/Middleware/RoleMiddleware->handle(Object(Illuminate/Http/Request), Object(Closure), 'admin', 'kasir')
#13 C:/laragon/www/cadisetramadiR/app/Http/Middleware/SetLanguage.php(38): Illuminate/Pipeline/Pipeline->{closure:{closure:Illuminate/Pipeline/Pipeline::carry():194}:195}(Object(Illuminate/Http/Request))
#14 C:/laragon/www/cadisetramadiR/vendor/laravel/framework/src/Illuminate/Pipeline/Pipeline.php(219): App/Http/Middleware/SetLanguage->handle(Object(Illuminate/Http/Request), Object(Closure))
#15 C:/laragon/www/cadisetramadiR/vendor/laravel/framework/src/Illuminate/Routing/Middleware/SubstituteBindings.php(50): Illuminate/Pipeline/Pipeline->{closure:{closure:Illuminate/Pipeline/Pipeline::carry():194}:195}(Object(Illuminate/Http/Request))
#16 C:/laragon/www/cadisetramadiR/vendor/laravel/framework/src/Illuminate/Pipeline/Pipeline.php(219): Illuminate/Routing/Middleware/SubstituteBindings->handle(Object(Illuminate/Http/Request), Object(Closure))
#17 C:/laragon/www/cadisetramadiR/vendor/laravel/framework/src/Illuminate/Auth/Middleware/Authenticate.php(63): Illuminate/Pipeline/Pipeline->{closure:{closure:Illuminate/Pipeline/Pipeline::carry():194}:195}(Object(Illuminate/Http/Request))
#18 C:/laragon/www/cadisetramadiR/vendor/laravel/framework/src/Illuminate/Pipeline/Pipeline.php(219): Illuminate/Auth/Middleware/Authenticate->handle(Object(Illuminate/Http/Request), Object(Closure))
#19 C:/laragon/www/cadisetramadiR/vendor/laravel/framework/src/Illuminate/Foundation/Http/Middleware/VerifyCsrfToken.php(87): Illuminate/Pipeline/Pipeline->{closure:{closure:Illuminate/Pipeline/Pipeline::carry():194}:195}(Object(Illuminate/Http/Request))
#20 C:/laragon/www/cadisetramadiR/vendor/laravel/framework/src/Illuminate/Pipeline/Pipeline.php(219): Illuminate/Foundation/Http/Middleware/VerifyCsrfToken->handle(Object(Illuminate/Http/Request), Object(Closure))
#21 C:/laragon/www/cadisetramadiR/vendor/laravel/framework/src/Illuminate/View/Middleware/ShareErrorsFromSession.php(48): Illuminate/Pipeline/Pipeline->{closure:{closure:Illuminate/Pipeline/Pipeline::carry():194}:195}(Object(Illuminate/Http/Request))
#22 C:/laragon/www/cadisetramadiR/vendor/laravel/framework/src/Illuminate/Pipeline/Pipeline.php(219): Illuminate/View/Middleware/ShareErrorsFromSession->handle(Object(Illuminate/Http/Request), Object(Closure))
#23 C:/laragon/www/cadisetramadiR/vendor/laravel/framework/src/Illuminate/Session/Middleware/StartSession.php(120): Illuminate/Pipeline/Pipeline->{closure:{closure:Illuminate/Pipeline/Pipeline::carry():194}:195}(Object(Illuminate/Http/Request))
#24 C:/laragon/www/cadisetramadiR/vendor/laravel/framework/src/Illuminate/Session/Middleware/StartSession.php(63): Illuminate/Session/Middleware/StartSession->handleStatefulRequest(Object(Illuminate/Http/Request), Object(Illuminate/Session/Store), Object(Closure))
#25 C:/laragon/www/cadisetramadiR/vendor/laravel/framework/src/Illuminate/Pipeline/Pipeline.php(219): Illuminate/Session/Middleware/StartSession->handle(Object(Illuminate/Http/Request), Object(Closure))
#26 C:/laragon/www/cadisetramadiR/vendor/laravel/framework/src/Illuminate/Cookie/Middleware/AddQueuedCookiesToResponse.php(36): Illuminate/Pipeline/Pipeline->{closure:{closure:Illuminate/Pipeline/Pipeline::carry():194}:195}(Object(Illuminate/Http/Request))
#27 C:/laragon/www/cadisetramadiR/vendor/laravel/framework/src/Illuminate/Pipeline/Pipeline.php(219): Illuminate/Cookie/Middleware/AddQueuedCookiesToResponse->handle(Object(Illuminate/Http/Request), Object(Closure))
#28 C:/laragon/www/cadisetramadiR/vendor/laravel/framework/src/Illuminate/Cookie/Middleware/EncryptCookies.php(74): Illuminate/Pipeline/Pipeline->{closure:{closure:Illuminate/Pipeline/Pipeline::carry():194}:195}(Object(Illuminate/Http/Request))
#29 C:/laragon/www/cadisetramadiR/vendor/laravel/framework/src/Illuminate/Pipeline/Pipeline.php(219): Illuminate/Cookie/Middleware/EncryptCookies->handle(Object(Illuminate/Http/Request), Object(Closure))
#30 C:/laragon/www/cadisetramadiR/vendor/laravel/framework/src/Illuminate/Pipeline/Pipeline.php(137): Illuminate/Pipeline/Pipeline->{closure:{closure:Illuminate/Pipeline/Pipeline::carry():194}:195}(Object(Illuminate/Http/Request))
#31 C:/laragon/www/cadisetramadiR/vendor/laravel/framework/src/Illuminate/Routing/Router.php(821): Illuminate/Pipeline/Pipeline->then(Object(Closure))
#32 C:/laragon/www/cadisetramadiR/vendor/laravel/framework/src/Illuminate/Routing/Router.php(800): Illuminate/Routing/Router->runRouteWithinStack(Object(Illuminate/Routing/Route), Object(Illuminate/Http/Request))
#33 C:/laragon/www/cadisetramadiR/vendor/laravel/framework/src/Illuminate/Routing/Router.php(764): Illuminate/Routing/Router->runRoute(Object(Illuminate/Http/Request), Object(Illuminate/Routing/Route))
#34 C:/laragon/www/cadisetramadiR/vendor/laravel/framework/src/Illuminate/Routing/Router.php(753): Illuminate/Routing/Router->dispatchToRoute(Object(Illuminate/Http/Request))
#35 C:/laragon/www/cadisetramadiR/vendor/laravel/framework/src/Illuminate/Foundation/Http/Kernel.php(200): Illuminate/Routing/Router->dispatch(Object(Illuminate/Http/Request))
#36 C:/laragon/www/cadisetramadiR/vendor/laravel/framework/src/Illuminate/Pipeline/Pipeline.php(180): Illuminate/Foundation/Http/Kernel->{closure:Illuminate/Foundation/Http/Kernel::dispatchToRouter():197}(Object(Illuminate/Http/Request))
#37 C:/laragon/www/cadisetramadiR/vendor/laravel/framework/src/Illuminate/Foundation/Http/Middleware/TransformsRequest.php(21): Illuminate/Pipeline/Pipeline->{closure:Illuminate/Pipeline/Pipeline::prepareDestination():178}(Object(Illuminate/Http/Request))
#38 C:/laragon/www/cadisetramadiR/vendor/laravel/framework/src/Illuminate/Foundation/Http/Middleware/ConvertEmptyStringsToNull.php(31): Illuminate/Foundation/Http/Middleware/TransformsRequest->handle(Object(Illuminate/Http/Request), Object(Closure))
#39 C:/laragon/www/cadisetramadiR/vendor/laravel/framework/src/Illuminate/Pipeline/Pipeline.php(219): Illuminate/Foundation/Http/Middleware/ConvertEmptyStringsToNull->handle(Object(Illuminate/Http/Request), Object(Closure))
#40 C:/laragon/www/cadisetramadiR/vendor/laravel/framework/src/Illuminate/Foundation/Http/Middleware/TransformsRequest.php(21): Illuminate/Pipeline/Pipeline->{closure:{closure:Illuminate/Pipeline/Pipeline::carry():194}:195}(Object(Illuminate/Http/Request))
#41 C:/laragon/www/cadisetramadiR/vendor/laravel/framework/src/Illuminate/Foundation/Http/Middleware/TrimStrings.php(51): Illuminate/Foundation/Http/Middleware/TransformsRequest->handle(Object(Illuminate/Http/Request), Object(Closure))
#42 C:/laragon/www/cadisetramadiR/vendor/laravel/framework/src/Illuminate/Pipeline/Pipeline.php(219): Illuminate/Foundation/Http/Middleware/TrimStrings->handle(Object(Illuminate/Http/Request), Object(Closure))
#43 C:/laragon/www/cadisetramadiR/vendor/laravel/framework/src/Illuminate/Http/Middleware/ValidatePostSize.php(27): Illuminate/Pipeline/Pipeline->{closure:{closure:Illuminate/Pipeline/Pipeline::carry():194}:195}(Object(Illuminate/Http/Request))
#44 C:/laragon/www/cadisetramadiR/vendor/laravel/framework/src/Illuminate/Pipeline/Pipeline.php(219): Illuminate/Http/Middleware/ValidatePostSize->handle(Object(Illuminate/Http/Request), Object(Closure))
#45 C:/laragon/www/cadisetramadiR/vendor/laravel/framework/src/Illuminate/Foundation/Http/Middleware/PreventRequestsDuringMaintenance.php(109): Illuminate/Pipeline/Pipeline->{closure:{closure:Illuminate/Pipeline/Pipeline::carry():194}:195}(Object(Illuminate/Http/Request))
#46 C:/laragon/www/cadisetramadiR/vendor/laravel/framework/src/Illuminate/Pipeline/Pipeline.php(219): Illuminate/Foundation/Http/Middleware/PreventRequestsDuringMaintenance->handle(Object(Illuminate/Http/Request), Object(Closure))
#47 C:/laragon/www/cadisetramadiR/vendor/laravel/framework/src/Illuminate/Http/Middleware/HandleCors.php(61): Illuminate/Pipeline/Pipeline->{closure:{closure:Illuminate/Pipeline/Pipeline::carry():194}:195}(Object(Illuminate/Http/Request))
#48 C:/laragon/www/cadisetramadiR/vendor/laravel/framework/src/Illuminate/Pipeline/Pipeline.php(219): Illuminate/Http/Middleware/HandleCors->handle(Object(Illuminate/Http/Request), Object(Closure))
#49 C:/laragon/www/cadisetramadiR/vendor/laravel/framework/src/Illuminate/Http/Middleware/TrustProxies.php(58): Illuminate/Pipeline/Pipeline->{closure:{closure:Illuminate/Pipeline/Pipeline::carry():194}:195}(Object(Illuminate/Http/Request))
#50 C:/laragon/www/cadisetramadiR/vendor/laravel/framework/src/Illuminate/Pipeline/Pipeline.php(219): Illuminate/Http/Middleware/TrustProxies->handle(Object(Illuminate/Http/Request), Object(Closure))
#51 C:/laragon/www/cadisetramadiR/vendor/laravel/framework/src/Illuminate/Foundation/Http/Middleware/InvokeDeferredCallbacks.php(22): Illuminate/Pipeline/Pipeline->{closure:{closure:Illuminate/Pipeline/Pipeline::carry():194}:195}(Object(Illuminate/Http/Request))
#52 C:/laragon/www/cadisetramadiR/vendor/laravel/framework/src/Illuminate/Pipeline/Pipeline.php(219): Illuminate/Foundation/Http/Middleware/InvokeDeferredCallbacks->handle(Object(Illuminate/Http/Request), Object(Closure))
#53 C:/laragon/www/cadisetramadiR/vendor/laravel/framework/src/Illuminate/Http/Middleware/ValidatePathEncoding.php(26): Illuminate/Pipeline/Pipeline->{closure:{closure:Illuminate/Pipeline/Pipeline::carry():194}:195}(Object(Illuminate/Http/Request))
#54 C:/laragon/www/cadisetramadiR/vendor/laravel/framework/src/Illuminate/Pipeline/Pipeline.php(219): Illuminate/Http/Middleware/ValidatePathEncoding->handle(Object(Illuminate/Http/Request), Object(Closure))
#55 C:/laragon/www/cadisetramadiR/vendor/laravel/framework/src/Illuminate/Pipeline/Pipeline.php(137): Illuminate/Pipeline/Pipeline->{closure:{closure:Illuminate/Pipeline/Pipeline::carry():194}:195}(Object(Illuminate/Http/Request))
#56 C:/laragon/www/cadisetramadiR/vendor/laravel/framework/src/Illuminate/Foundation/Http/Kernel.php(175): Illuminate/Pipeline/Pipeline->then(Object(Closure))
#57 C:/laragon/www/cadisetramadiR/vendor/laravel/framework/src/Illuminate/Foundation/Http/Kernel.php(144): Illuminate/Foundation/Http/Kernel->sendRequestThroughRouter(Object(Illuminate/Http/Request))
#58 C:/laragon/www/cadisetramadiR/vendor/laravel/framework/src/Illuminate/Foundation/Application.php(1220): Illuminate/Foundation/Http/Kernel->handle(Object(Illuminate/Http/Request))
#59 C:/laragon/www/cadisetramadiR/public/index.php(20): Illuminate/Foundation/Application->handleRequest(Object(Illuminate/Http/Request))
#60 C:/laragon/www/cadisetramadiR/vendor/laravel/framework/src/Illuminate/Foundation/resources/server.php(23): require_once('C://laragon//www//...')
#61 {main}

[previous exception] [object] (Illuminate\\Contracts\\Container\\BindingResolutionException(code: 0): Target class [App\\Models\\ItemPenjualanPolicy] does not exist. at C:/laragon/www/cadisetramadiR/vendor/laravel/framework/src/Illuminate/Container/Container.php:1124)
[stacktrace]
#0 C:/laragon/www/cadisetramadiR/vendor/laravel/framework/src/Illuminate/Container/Container.php(933): Illuminate/Container/Container->build('App//Models//Item...')
#1 C:/laragon/www/cadisetramadiR/vendor/laravel/framework/src/Illuminate/Foundation/Application.php(1078): Illuminate/Container/Container->resolve('App//Models//Item...', Array, true)
#2 C:/laragon/www/cadisetramadiR/vendor/laravel/framework/src/Illuminate/Container/Container.php(864): Illuminate/Foundation/Application->resolve('App//Models//Item...', Array)
#3 C:/laragon/www/cadisetramadiR/vendor/laravel/framework/src/Illuminate/Foundation/Application.php(1058): Illuminate/Container/Container->make('App//Models//Item...', Array)
#4 C:/laragon/www/cadisetramadiR/vendor/laravel/framework/src/Illuminate/Auth/Access/Gate.php(762): Illuminate/Foundation/Application->make('App//Models//Item...')
#5 C:/laragon/www/cadisetramadiR/vendor/laravel/framework/src/Illuminate/Auth/Access/Gate.php(670): Illuminate/Auth/Access/Gate->resolvePolicy('App//Models//Item...')
#6 C:/laragon/www/cadisetramadiR/vendor/laravel/framework/src/Illuminate/Auth/Access/Gate.php(630): Illuminate/Auth/Access/Gate->getPolicyFor('App//Models//Item...')
#7 C:/laragon/www/cadisetramadiR/vendor/laravel/framework/src/Illuminate/Auth/Access/Gate.php(551): Illuminate/Auth/Access/Gate->resolveAuthCallback(Object(App/Models/User), 'delete', Array)
#8 C:/laragon/www/cadisetramadiR/vendor/laravel/framework/src/Illuminate/Auth/Access/Gate.php(448): Illuminate/Auth/Access/Gate->callAuthCallback(Object(App/Models/User), 'delete', Array)
#9 C:/laragon/www/cadisetramadiR/vendor/laravel/framework/src/Illuminate/Auth/Access/Gate.php(411): Illuminate/Auth/Access/Gate->raw('delete', Array)
#10 C:/laragon/www/cadisetramadiR/vendor/laravel/framework/src/Illuminate/Auth/Access/Gate.php(359): Illuminate/Auth/Access/Gate->inspect('delete', Object(App/Models/ItemPenjualan))
#11 C:/laragon/www/cadisetramadiR/vendor/laravel/framework/src/Illuminate/Collections/Traits/EnumeratesValues.php(312): Illuminate/Auth/Access/Gate->{closure:Illuminate/Auth/Access/Gate::check():359}('delete', 0)
#12 C:/laragon/www/cadisetramadiR/vendor/laravel/framework/src/Illuminate/Auth/Access/Gate.php(358): Illuminate/Support/Collection->every(Object(Closure))
#13 C:/laragon/www/cadisetramadiR/storage/framework/views/039c11e4e4c6c654390eec4b963587e8.php(318): Illuminate/Auth/Access/Gate->check('delete', Object(App/Models/ItemPenjualan))
#14 C:/laragon/www/cadisetramadiR/vendor/laravel/framework/src/Illuminate/Filesystem/Filesystem.php(123): require('C://laragon//www//...')
#15 C:/laragon/www/cadisetramadiR/vendor/laravel/framework/src/Illuminate/Filesystem/Filesystem.php(124): Illuminate/Filesystem/Filesystem::{closure:Illuminate/Filesystem/Filesystem::getRequire():120}()
#16 C:/laragon/www/cadisetramadiR/vendor/laravel/framework/src/Illuminate/View/Engines/PhpEngine.php(57): Illuminate/Filesystem/Filesystem->getRequire('C://laragon//www//...', Array)
#17 C:/laragon/www/cadisetramadiR/vendor/laravel/framework/src/Illuminate/View/Engines/CompilerEngine.php(76): Illuminate/View/Engines/PhpEngine->evaluatePath('C://laragon//www//...', Array)
#18 C:/laragon/www/cadisetramadiR/vendor/laravel/framework/src/Illuminate/View/View.php(208): Illuminate/View/Engines/CompilerEngine->get('C://laragon//www//...', Array)
#19 C:/laragon/www/cadisetramadiR/vendor/laravel/framework/src/Illuminate/View/View.php(191): Illuminate/View/View->getContents()
#20 C:/laragon/www/cadisetramadiR/vendor/laravel/framework/src/Illuminate/View/View.php(160): Illuminate/View/View->renderContents()
#21 C:/laragon/www/cadisetramadiR/vendor/laravel/framework/src/Illuminate/Http/Response.php(78): Illuminate/View/View->render()
#22 C:/laragon/www/cadisetramadiR/vendor/laravel/framework/src/Illuminate/Http/Response.php(34): Illuminate/Http/Response->setContent(Object(Illuminate/View/View))
#23 C:/laragon/www/cadisetramadiR/vendor/laravel/framework/src/Illuminate/Routing/Router.php(939): Illuminate/Http/Response->__construct(Object(Illuminate/View/View), 200, Array)
#24 C:/laragon/www/cadisetramadiR/vendor/laravel/framework/src/Illuminate/Routing/Router.php(906): Illuminate/Routing/Router::toResponse(Object(Illuminate/Http/Request), Object(Illuminate/View/View))
#25 C:/laragon/www/cadisetramadiR/vendor/laravel/framework/src/Illuminate/Routing/Router.php(821): Illuminate/Routing/Router->prepareResponse(Object(Illuminate/Http/Request), Object(Illuminate/View/View))
#26 C:/laragon/www/cadisetramadiR/vendor/laravel/framework/src/Illuminate/Pipeline/Pipeline.php(180): Illuminate/Routing/Router->{closure:Illuminate/Routing/Router::runRouteWithinStack():821}(Object(Illuminate/Http/Request))
#27 C:/laragon/www/cadisetramadiR/app/Http/Middleware/RoleMiddleware.php(29): Illuminate/Pipeline/Pipeline->{closure:Illuminate/Pipeline/Pipeline::prepareDestination():178}(Object(Illuminate/Http/Request))
#28 C:/laragon/www/cadisetramadiR/vendor/laravel/framework/src/Illuminate/Pipeline/Pipeline.php(219): App/Http/Middleware/RoleMiddleware->handle(Object(Illuminate/Http/Request), Object(Closure), 'admin', 'kasir')
#29 C:/laragon/www/cadisetramadiR/app/Http/Middleware/SetLanguage.php(38): Illuminate/Pipeline/Pipeline->{closure:{closure:Illuminate/Pipeline/Pipeline::carry():194}:195}(Object(Illuminate/Http/Request))
#30 C:/laragon/www/cadisetramadiR/vendor/laravel/framework/src/Illuminate/Pipeline/Pipeline.php(219): App/Http/Middleware/SetLanguage->handle(Object(Illuminate/Http/Request), Object(Closure))
#31 C:/laragon/www/cadisetramadiR/vendor/laravel/framework/src/Illuminate/Routing/Middleware/SubstituteBindings.php(50): Illuminate/Pipeline/Pipeline->{closure:{closure:Illuminate/Pipeline/Pipeline::carry():194}:195}(Object(Illuminate/Http/Request))
#32 C:/laragon/www/cadisetramadiR/vendor/laravel/framework/src/Illuminate/Pipeline/Pipeline.php(219): Illuminate/Routing/Middleware/SubstituteBindings->handle(Object(Illuminate/Http/Request), Object(Closure))
#33 C:/laragon/www/cadisetramadiR/vendor/laravel/framework/src/Illuminate/Auth/Middleware/Authenticate.php(63): Illuminate/Pipeline/Pipeline->{closure:{closure:Illuminate/Pipeline/Pipeline::carry():194}:195}(Object(Illuminate/Http/Request))
#34 C:/laragon/www/cadisetramadiR/vendor/laravel/framework/src/Illuminate/Pipeline/Pipeline.php(219): Illuminate/Auth/Middleware/Authenticate->handle(Object(Illuminate/Http/Request), Object(Closure))
#35 C:/laragon/www/cadisetramadiR/vendor/laravel/framework/src/Illuminate/Foundation/Http/Middleware/VerifyCsrfToken.php(87): Illuminate/Pipeline/Pipeline->{closure:{closure:Illuminate/Pipeline/Pipeline::carry():194}:195}(Object(Illuminate/Http/Request))
#36 C:/laragon/www/cadisetramadiR/vendor/laravel/framework/src/Illuminate/Pipeline/Pipeline.php(219): Illuminate/Foundation/Http/Middleware/VerifyCsrfToken->handle(Object(Illuminate/Http/Request), Object(Closure))
#37 C:/laragon/www/cadisetramadiR/vendor/laravel/framework/src/Illuminate/View/Middleware/ShareErrorsFromSession.php(48): Illuminate/Pipeline/Pipeline->{closure:{closure:Illuminate/Pipeline/Pipeline::carry():194}:195}(Object(Illuminate/Http/Request))
#38 C:/laragon/www/cadisetramadiR/vendor/laravel/framework/src/Illuminate/Pipeline/Pipeline.php(219): Illuminate/View/Middleware/ShareErrorsFromSession->handle(Object(Illuminate/Http/Request), Object(Closure))
#39 C:/laragon/www/cadisetramadiR/vendor/laravel/framework/src/Illuminate/Session/Middleware/StartSession.php(120): Illuminate/Pipeline/Pipeline->{closure:{closure:Illuminate/Pipeline/Pipeline::carry():194}:195}(Object(Illuminate/Http/Request))
#40 C:/laragon/www/cadisetramadiR/vendor/laravel/framework/src/Illuminate/Session/Middleware/StartSession.php(63): Illuminate/Session/Middleware/StartSession->handleStatefulRequest(Object(Illuminate/Http/Request), Object(Illuminate/Session/Store), Object(Closure))
#41 C:/laragon/www/cadisetramadiR/vendor/laravel/framework/src/Illuminate/Pipeline/Pipeline.php(219): Illuminate/Session/Middleware/StartSession->handle(Object(Illuminate/Http/Request), Object(Closure))
#42 C:/laragon/www/cadisetramadiR/vendor/laravel/framework/src/Illuminate/Cookie/Middleware/AddQueuedCookiesToResponse.php(36): Illuminate/Pipeline/Pipeline->{closure:{closure:Illuminate/Pipeline/Pipeline::carry():194}:195}(Object(Illuminate/Http/Request))
#43 C:/laragon/www/cadisetramadiR/vendor/laravel/framework/src/Illuminate/Pipeline/Pipeline.php(219): Illuminate/Cookie/Middleware/AddQueuedCookiesToResponse->handle(Object(Illuminate/Http/Request), Object(Closure))
#44 C:/laragon/www/cadisetramadiR/vendor/laravel/framework/src/Illuminate/Cookie/Middleware/EncryptCookies.php(74): Illuminate/Pipeline/Pipeline->{closure:{closure:Illuminate/Pipeline/Pipeline::carry():194}:195}(Object(Illuminate/Http/Request))
#45 C:/laragon/www/cadisetramadiR/vendor/laravel/framework/src/Illuminate/Pipeline/Pipeline.php(219): Illuminate/Cookie/Middleware/EncryptCookies->handle(Object(Illuminate/Http/Request), Object(Closure))
#46 C:/laragon/www/cadisetramadiR/vendor/laravel/framework/src/Illuminate/Pipeline/Pipeline.php(137): Illuminate/Pipeline/Pipeline->{closure:{closure:Illuminate/Pipeline/Pipeline::carry():194}:195}(Object(Illuminate/Http/Request))
#47 C:/laragon/www/cadisetramadiR/vendor/laravel/framework/src/Illuminate/Routing/Router.php(821): Illuminate/Pipeline/Pipeline->then(Object(Closure))
#48 C:/laragon/www/cadisetramadiR/vendor/laravel/framework/src/Illuminate/Routing/Router.php(800): Illuminate/Routing/Router->runRouteWithinStack(Object(Illuminate/Routing/Route), Object(Illuminate/Http/Request))
#49 C:/laragon/www/cadisetramadiR/vendor/laravel/framework/src/Illuminate/Routing/Router.php(764): Illuminate/Routing/Router->runRoute(Object(Illuminate/Http/Request), Object(Illuminate/Routing/Route))
#50 C:/laragon/www/cadisetramadiR/vendor/laravel/framework/src/Illuminate/Routing/Router.php(753): Illuminate/Routing/Router->dispatchToRoute(Object(Illuminate/Http/Request))
#51 C:/laragon/www/cadisetramadiR/vendor/laravel/framework/src/Illuminate/Foundation/Http/Kernel.php(200): Illuminate/Routing/Router->dispatch(Object(Illuminate/Http/Request))
#52 C:/laragon/www/cadisetramadiR/vendor/laravel/framework/src/Illuminate/Pipeline/Pipeline.php(180): Illuminate/Foundation/Http/Kernel->{closure:Illuminate/Foundation/Http/Kernel::dispatchToRouter():197}(Object(Illuminate/Http/Request))
#53 C:/laragon/www/cadisetramadiR/vendor/laravel/framework/src/Illuminate/Foundation/Http/Middleware/TransformsRequest.php(21): Illuminate/Pipeline/Pipeline->{closure:Illuminate/Pipeline/Pipeline::prepareDestination():178}(Object(Illuminate/Http/Request))
#54 C:/laragon/www/cadisetramadiR/vendor/laravel/framework/src/Illuminate/Foundation/Http/Middleware/ConvertEmptyStringsToNull.php(31): Illuminate/Foundation/Http/Middleware/TransformsRequest->handle(Object(Illuminate/Http/Request), Object(Closure))
#55 C:/laragon/www/cadisetramadiR/vendor/laravel/framework/src/Illuminate/Pipeline/Pipeline.php(219): Illuminate/Foundation/Http/Middleware/ConvertEmptyStringsToNull->handle(Object(Illuminate/Http/Request), Object(Closure))
#56 C:/laragon/www/cadisetramadiR/vendor/laravel/framework/src/Illuminate/Foundation/Http/Middleware/TransformsRequest.php(21): Illuminate/Pipeline/Pipeline->{closure:{closure:Illuminate/Pipeline/Pipeline::carry():194}:195}(Object(Illuminate/Http/Request))
#57 C:/laragon/www/cadisetramadiR/vendor/laravel/framework/src/Illuminate/Foundation/Http/Middleware/TrimStrings.php(51): Illuminate/Foundation/Http/Middleware/TransformsRequest->handle(Object(Illuminate/Http/Request), Object(Closure))
#58 C:/laragon/www/cadisetramadiR/vendor/laravel/framework/src/Illuminate/Pipeline/Pipeline.php(219): Illuminate/Foundation/Http/Middleware/TrimStrings->handle(Object(Illuminate/Http/Request), Object(Closure))
#59 C:/laragon/www/cadisetramadiR/vendor/laravel/framework/src/Illuminate/Http/Middleware/ValidatePostSize.php(27): Illuminate/Pipeline/Pipeline->{closure:{closure:Illuminate/Pipeline/Pipeline::carry():194}:195}(Object(Illuminate/Http/Request))
#60 C:/laragon/www/cadisetramadiR/vendor/laravel/framework/src/Illuminate/Pipeline/Pipeline.php(219): Illuminate/Http/Middleware/ValidatePostSize->handle(Object(Illuminate/Http/Request), Object(Closure))
#61 C:/laragon/www/cadisetramadiR/vendor/laravel/framework/src/Illuminate/Foundation/Http/Middleware/PreventRequestsDuringMaintenance.php(109): Illuminate/Pipeline/Pipeline->{closure:{closure:Illuminate/Pipeline/Pipeline::carry():194}:195}(Object(Illuminate/Http/Request))
#62 C:/laragon/www/cadisetramadiR/vendor/laravel/framework/src/Illuminate/Pipeline/Pipeline.php(219): Illuminate/Foundation/Http/Middleware/PreventRequestsDuringMaintenance->handle(Object(Illuminate/Http/Request), Object(Closure))
#63 C:/laragon/www/cadisetramadiR/vendor/laravel/framework/src/Illuminate/Http/Middleware/HandleCors.php(61): Illuminate/Pipeline/Pipeline->{closure:{closure:Illuminate/Pipeline/Pipeline::carry():194}:195}(Object(Illuminate/Http/Request))
#64 C:/laragon/www/cadisetramadiR/vendor/laravel/framework/src/Illuminate/Pipeline/Pipeline.php(219): Illuminate/Http/Middleware/HandleCors->handle(Object(Illuminate/Http/Request), Object(Closure))
#65 C:/laragon/www/cadisetramadiR/vendor/laravel/framework/src/Illuminate/Http/Middleware/TrustProxies.php(58): Illuminate/Pipeline/Pipeline->{closure:{closure:Illuminate/Pipeline/Pipeline::carry():194}:195}(Object(Illuminate/Http/Request))
#66 C:/laragon/www/cadisetramadiR/vendor/laravel/framework/src/Illuminate/Pipeline/Pipeline.php(219): Illuminate/Http/Middleware/TrustProxies->handle(Object(Illuminate/Http/Request), Object(Closure))
#67 C:/laragon/www/cadisetramadiR/vendor/laravel/framework/src/Illuminate/Foundation/Http/Middleware/InvokeDeferredCallbacks.php(22): Illuminate/Pipeline/Pipeline->{closure:{closure:Illuminate/Pipeline/Pipeline::carry():194}:195}(Object(Illuminate/Http/Request))
#68 C:/laragon/www/cadisetramadiR/vendor/laravel/framework/src/Illuminate/Pipeline/Pipeline.php(219): Illuminate/Foundation/Http/Middleware/InvokeDeferredCallbacks->handle(Object(Illuminate/Http/Request), Object(Closure))
#69 C:/laragon/www/cadisetramadiR/vendor/laravel/framework/src/Illuminate/Http/Middleware/ValidatePathEncoding.php(26): Illuminate/Pipeline/Pipeline->{closure:{closure:Illuminate/Pipeline/Pipeline::carry():194}:195}(Object(Illuminate/Http/Request))
#70 C:/laragon/www/cadisetramadiR/vendor/laravel/framework/src/Illuminate/Pipeline/Pipeline.php(219): Illuminate/Http/Middleware/ValidatePathEncoding->handle(Object(Illuminate/Http/Request), Object(Closure))
#71 C:/laragon/www/cadisetramadiR/vendor/laravel/framework/src/Illuminate/Pipeline/Pipeline.php(137): Illuminate/Pipeline/Pipeline->{closure:{closure:Illuminate/Pipeline/Pipeline::carry():194}:195}(Object(Illuminate/Http/Request))
#72 C:/laragon/www/cadisetramadiR/vendor/laravel/framework/src/Illuminate/Foundation/Http/Kernel.php(175): Illuminate/Pipeline/Pipeline->then(Object(Closure))
#73 C:/laragon/www/cadisetramadiR/vendor/laravel/framework/src/Illuminate/Foundation/Http/Kernel.php(144): Illuminate/Foundation/Http/Kernel->sendRequestThroughRouter(Object(Illuminate/Http/Request))
#74 C:/laragon/www/cadisetramadiR/vendor/laravel/framework/src/Illuminate/Foundation/Application.php(1220): Illuminate/Foundation/Http/Kernel->handle(Object(Illuminate/Http/Request))
#75 C:/laragon/www/cadisetramadiR/public/index.php(20): Illuminate/Foundation/Application->handleRequest(Object(Illuminate/Http/Request))
#76 C:/laragon/www/cadisetramadiR/vendor/laravel/framework/src/Illuminate/Foundation/resources/server.php(23): require_once('C://laragon//www//...')
#77 {main}

[previous exception] [object] (ReflectionException(code: -1): Class \"App\\Models\\ItemPenjualanPolicy\" does not exist at C:/laragon/www/cadisetramadiR/vendor/laravel/framework/src/Illuminate/Container/Container.php:1122)
[stacktrace]
#0 C:/laragon/www/cadisetramadiR/vendor/laravel/framework/src/Illuminate/Container/Container.php(1122): ReflectionClass->__construct('App//Models//Item...')
#1 C:/laragon/www/cadisetramadiR/vendor/laravel/framework/src/Illuminate/Container/Container.php(933): Illuminate/Container/Container->build('App//Models//Item...')
#2 C:/laragon/www/cadisetramadiR/vendor/laravel/framework/src/Illuminate/Foundation/Application.php(1078): Illuminate/Container/Container->resolve('App//Models//Item...', Array, true)
#3 C:/laragon/www/cadisetramadiR/vendor/laravel/framework/src/Illuminate/Container/Container.php(864): Illuminate/Foundation/Application->resolve('App//Models//Item...', Array)
#4 C:/laragon/www/cadisetramadiR/vendor/laravel/framework/src/Illuminate/Foundation/Application.php(1058): Illuminate/Container/Container->make('App//Models//Item...', Array)
#5 C:/laragon/www/cadisetramadiR/vendor/laravel/framework/src/Illuminate/Auth/Access/Gate.php(762): Illuminate/Foundation/Application->make('App//Models//Item...')
#6 C:/laragon/www/cadisetramadiR/vendor/laravel/framework/src/Illuminate/Auth/Access/Gate.php(670): Illuminate/Auth/Access/Gate->resolvePolicy('App//Models//Item...')
#7 C:/laragon/www/cadisetramadiR/vendor/laravel/framework/src/Illuminate/Auth/Access/Gate.php(630): Illuminate/Auth/Access/Gate->getPolicyFor('App//Models//Item...')
#8 C:/laragon/www/cadisetramadiR/vendor/laravel/framework/src/Illuminate/Auth/Access/Gate.php(551): Illuminate/Auth/Access/Gate->resolveAuthCallback(Object(App/Models/User), 'delete', Array)
#9 C:/laragon/www/cadisetramadiR/vendor/laravel/framework/src/Illuminate/Auth/Access/Gate.php(448): Illuminate/Auth/Access/Gate->callAuthCallback(Object(App/Models/User), 'delete', Array)
#10 C:/laragon/www/cadisetramadiR/vendor/laravel/framework/src/Illuminate/Auth/Access/Gate.php(411): Illuminate/Auth/Access/Gate->raw('delete', Array)
#11 C:/laragon/www/cadisetramadiR/vendor/laravel/framework/src/Illuminate/Auth/Access/Gate.php(359): Illuminate/Auth/Access/Gate->inspect('delete', Object(App/Models/ItemPenjualan))
#12 C:/laragon/www/cadisetramadiR/vendor/laravel/framework/src/Illuminate/Collections/Traits/EnumeratesValues.php(312): Illuminate/Auth/Access/Gate->{closure:Illuminate/Auth/Access/Gate::check():359}('delete', 0)
#13 C:/laragon/www/cadisetramadiR/vendor/laravel/framework/src/Illuminate/Auth/Access/Gate.php(358): Illuminate/Support/Collection->every(Object(Closure))
#14 C:/laragon/www/cadisetramadiR/storage/framework/views/039c11e4e4c6c654390eec4b963587e8.php(318): Illuminate/Auth/Access/Gate->check('delete', Object(App/Models/ItemPenjualan))
#15 C:/laragon/www/cadisetramadiR/vendor/laravel/framework/src/Illuminate/Filesystem/Filesystem.php(123): require('C://laragon//www//...')
#16 C:/laragon/www/cadisetramadiR/vendor/laravel/framework/src/Illuminate/Filesystem/Filesystem.php(124): Illuminate/Filesystem/Filesystem::{closure:Illuminate/Filesystem/Filesystem::getRequire():120}()
#17 C:/laragon/www/cadisetramadiR/vendor/laravel/framework/src/Illuminate/View/Engines/PhpEngine.php(57): Illuminate/Filesystem/Filesystem->getRequire('C://laragon//www//...', Array)
#18 C:/laragon/www/cadisetramadiR/vendor/laravel/framework/src/Illuminate/View/Engines/CompilerEngine.php(76): Illuminate/View/Engines/PhpEngine->evaluatePath('C://laragon//www//...', Array)
#19 C:/laragon/www/cadisetramadiR/vendor/laravel/framework/src/Illuminate/View/View.php(208): Illuminate/View/Engines/CompilerEngine->get('C://laragon//www//...', Array)
#20 C:/laragon/www/cadisetramadiR/vendor/laravel/framework/src/Illuminate/View/View.php(191): Illuminate/View/View->getContents()
#21 C:/laragon/www/cadisetramadiR/vendor/laravel/framework/src/Illuminate/View/View.php(160): Illuminate/View/View->renderContents()
#22 C:/laragon/www/cadisetramadiR/vendor/laravel/framework/src/Illuminate/Http/Response.php(78): Illuminate/View/View->render()
#23 C:/laragon/www/cadisetramadiR/vendor/laravel/framework/src/Illuminate/Http/Response.php(34): Illuminate/Http/Response->setContent(Object(Illuminate/View/View))
#24 C:/laragon/www/cadisetramadiR/vendor/laravel/framework/src/Illuminate/Routing/Router.php(939): Illuminate/Http/Response->__construct(Object(Illuminate/View/View), 200, Array)
#25 C:/laragon/www/cadisetramadiR/vendor/laravel/framework/src/Illuminate/Routing/Router.php(906): Illuminate/Routing/Router::toResponse(Object(Illuminate/Http/Request), Object(Illuminate/View/View))
#26 C:/laragon/www/cadisetramadiR/vendor/laravel/framework/src/Illuminate/Routing/Router.php(821): Illuminate/Routing/Router->prepareResponse(Object(Illuminate/Http/Request), Object(Illuminate/View/View))
#27 C:/laragon/www/cadisetramadiR/vendor/laravel/framework/src/Illuminate/Pipeline/Pipeline.php(180): Illuminate/Routing/Router->{closure:Illuminate/Routing/Router::runRouteWithinStack():821}(Object(Illuminate/Http/Request))
#28 C:/laragon/www/cadisetramadiR/app/Http/Middleware/RoleMiddleware.php(29): Illuminate/Pipeline/Pipeline->{closure:Illuminate/Pipeline/Pipeline::prepareDestination():178}(Object(Illuminate/Http/Request))
#29 C:/laragon/www/cadisetramadiR/vendor/laravel/framework/src/Illuminate/Pipeline/Pipeline.php(219): App/Http/Middleware/RoleMiddleware->handle(Object(Illuminate/Http/Request), Object(Closure), 'admin', 'kasir')
#30 C:/laragon/www/cadisetramadiR/app/Http/Middleware/SetLanguage.php(38): Illuminate/Pipeline/Pipeline->{closure:{closure:Illuminate/Pipeline/Pipeline::carry():194}:195}(Object(Illuminate/Http/Request))
#31 C:/laragon/www/cadisetramadiR/vendor/laravel/framework/src/Illuminate/Pipeline/Pipeline.php(219): App/Http/Middleware/SetLanguage->handle(Object(Illuminate/Http/Request), Object(Closure))
#32 C:/laragon/www/cadisetramadiR/vendor/laravel/framework/src/Illuminate/Routing/Middleware/SubstituteBindings.php(50): Illuminate/Pipeline/Pipeline->{closure:{closure:Illuminate/Pipeline/Pipeline::carry():194}:195}(Object(Illuminate/Http/Request))
#33 C:/laragon/www/cadisetramadiR/vendor/laravel/framework/src/Illuminate/Pipeline/Pipeline.php(219): Illuminate/Routing/Middleware/SubstituteBindings->handle(Object(Illuminate/Http/Request), Object(Closure))
#34 C:/laragon/www/cadisetramadiR/vendor/laravel/framework/src/Illuminate/Auth/Middleware/Authenticate.php(63): Illuminate/Pipeline/Pipeline->{closure:{closure:Illuminate/Pipeline/Pipeline::carry():194}:195}(Object(Illuminate/Http/Request))
#35 C:/laragon/www/cadisetramadiR/vendor/laravel/framework/src/Illuminate/Pipeline/Pipeline.php(219): Illuminate/Auth/Middleware/Authenticate->handle(Object(Illuminate/Http/Request), Object(Closure))
#36 C:/laragon/www/cadisetramadiR/vendor/laravel/framework/src/Illuminate/Foundation/Http/Middleware/VerifyCsrfToken.php(87): Illuminate/Pipeline/Pipeline->{closure:{closure:Illuminate/Pipeline/Pipeline::carry():194}:195}(Object(Illuminate/Http/Request))
#37 C:/laragon/www/cadisetramadiR/vendor/laravel/framework/src/Illuminate/Pipeline/Pipeline.php(219): Illuminate/Foundation/Http/Middleware/VerifyCsrfToken->handle(Object(Illuminate/Http/Request), Object(Closure))
#38 C:/laragon/www/cadisetramadiR/vendor/laravel/framework/src/Illuminate/View/Middleware/ShareErrorsFromSession.php(48): Illuminate/Pipeline/Pipeline->{closure:{closure:Illuminate/Pipeline/Pipeline::carry():194}:195}(Object(Illuminate/Http/Request))
#39 C:/laragon/www/cadisetramadiR/vendor/laravel/framework/src/Illuminate/Pipeline/Pipeline.php(219): Illuminate/View/Middleware/ShareErrorsFromSession->handle(Object(Illuminate/Http/Request), Object(Closure))
#40 C:/laragon/www/cadisetramadiR/vendor/laravel/framework/src/Illuminate/Session/Middleware/StartSession.php(120): Illuminate/Pipeline/Pipeline->{closure:{closure:Illuminate/Pipeline/Pipeline::carry():194}:195}(Object(Illuminate/Http/Request))
#41 C:/laragon/www/cadisetramadiR/vendor/laravel/framework/src/Illuminate/Session/Middleware/StartSession.php(63): Illuminate/Session/Middleware/StartSession->handleStatefulRequest(Object(Illuminate/Http/Request), Object(Illuminate/Session/Store), Object(Closure))
#42 C:/laragon/www/cadisetramadiR/vendor/laravel/framework/src/Illuminate/Pipeline/Pipeline.php(219): Illuminate/Session/Middleware/StartSession->handle(Object(Illuminate/Http/Request), Object(Closure))
#43 C:/laragon/www/cadisetramadiR/vendor/laravel/framework/src/Illuminate/Cookie/Middleware/AddQueuedCookiesToResponse.php(36): Illuminate/Pipeline/Pipeline->{closure:{closure:Illuminate/Pipeline/Pipeline::carry():194}:195}(Object(Illuminate/Http/Request))
#44 C:/laragon/www/cadisetramadiR/vendor/laravel/framework/src/Illuminate/Pipeline/Pipeline.php(219): Illuminate/Cookie/Middleware/AddQueuedCookiesToResponse->handle(Object(Illuminate/Http/Request), Object(Closure))
#45 C:/laragon/www/cadisetramadiR/vendor/laravel/framework/src/Illuminate/Cookie/Middleware/EncryptCookies.php(74): Illuminate/Pipeline/Pipeline->{closure:{closure:Illuminate/Pipeline/Pipeline::carry():194}:195}(Object(Illuminate/Http/Request))
#46 C:/laragon/www/cadisetramadiR/vendor/laravel/framework/src/Illuminate/Pipeline/Pipeline.php(219): Illuminate/Cookie/Middleware/EncryptCookies->handle(Object(Illuminate/Http/Request), Object(Closure))
#47 C:/laragon/www/cadisetramadiR/vendor/laravel/framework/src/Illuminate/Pipeline/Pipeline.php(137): Illuminate/Pipeline/Pipeline->{closure:{closure:Illuminate/Pipeline/Pipeline::carry():194}:195}(Object(Illuminate/Http/Request))
#48 C:/laragon/www/cadisetramadiR/vendor/laravel/framework/src/Illuminate/Routing/Router.php(821): Illuminate/Pipeline/Pipeline->then(Object(Closure))
#49 C:/laragon/www/cadisetramadiR/vendor/laravel/framework/src/Illuminate/Routing/Router.php(800): Illuminate/Routing/Router->runRouteWithinStack(Object(Illuminate/Routing/Route), Object(Illuminate/Http/Request))
#50 C:/laragon/www/cadisetramadiR/vendor/laravel/framework/src/Illuminate/Routing/Router.php(764): Illuminate/Routing/Router->runRoute(Object(Illuminate/Http/Request), Object(Illuminate/Routing/Route))
#51 C:/laragon/www/cadisetramadiR/vendor/laravel/framework/src/Illuminate/Routing/Router.php(753): Illuminate/Routing/Router->dispatchToRoute(Object(Illuminate/Http/Request))
#52 C:/laragon/www/cadisetramadiR/vendor/laravel/framework/src/Illuminate/Foundation/Http/Kernel.php(200): Illuminate/Routing/Router->dispatch(Object(Illuminate/Http/Request))
#53 C:/laragon/www/cadisetramadiR/vendor/laravel/framework/src/Illuminate/Pipeline/Pipeline.php(180): Illuminate/Foundation/Http/Kernel->{closure:Illuminate/Foundation/Http/Kernel::dispatchToRouter():197}(Object(Illuminate/Http/Request))
#54 C:/laragon/www/cadisetramadiR/vendor/laravel/framework/src/Illuminate/Foundation/Http/Middleware/TransformsRequest.php(21): Illuminate/Pipeline/Pipeline->{closure:Illuminate/Pipeline/Pipeline::prepareDestination():178}(Object(Illuminate/Http/Request))
#55 C:/laragon/www/cadisetramadiR/vendor/laravel/framework/src/Illuminate/Foundation/Http/Middleware/ConvertEmptyStringsToNull.php(31): Illuminate/Foundation/Http/Middleware/TransformsRequest->handle(Object(Illuminate/Http/Request), Object(Closure))
#56 C:/laragon/www/cadisetramadiR/vendor/laravel/framework/src/Illuminate/Pipeline/Pipeline.php(219): Illuminate/Foundation/Http/Middleware/ConvertEmptyStringsToNull->handle(Object(Illuminate/Http/Request), Object(Closure))
#57 C:/laragon/www/cadisetramadiR/vendor/laravel/framework/src/Illuminate/Foundation/Http/Middleware/TransformsRequest.php(21): Illuminate/Pipeline/Pipeline->{closure:{closure:Illuminate/Pipeline/Pipeline::carry():194}:195}(Object(Illuminate/Http/Request))
#58 C:/laragon/www/cadisetramadiR/vendor/laravel/framework/src/Illuminate/Foundation/Http/Middleware/TrimStrings.php(51): Illuminate/Foundation/Http/Middleware/TransformsRequest->handle(Object(Illuminate/Http/Request), Object(Closure))
#59 C:/laragon/www/cadisetramadiR/vendor/laravel/framework/src/Illuminate/Pipeline/Pipeline.php(219): Illuminate/Foundation/Http/Middleware/TrimStrings->handle(Object(Illuminate/Http/Request), Object(Closure))
#60 C:/laragon/www/cadisetramadiR/vendor/laravel/framework/src/Illuminate/Http/Middleware/ValidatePostSize.php(27): Illuminate/Pipeline/Pipeline->{closure:{closure:Illuminate/Pipeline/Pipeline::carry():194}:195}(Object(Illuminate/Http/Request))
#61 C:/laragon/www/cadisetramadiR/vendor/laravel/framework/src/Illuminate/Pipeline/Pipeline.php(219): Illuminate/Http/Middleware/ValidatePostSize->handle(Object(Illuminate/Http/Request), Object(Closure))
#62 C:/laragon/www/cadisetramadiR/vendor/laravel/framework/src/Illuminate/Foundation/Http/Middleware/PreventRequestsDuringMaintenance.php(109): Illuminate/Pipeline/Pipeline->{closure:{closure:Illuminate/Pipeline/Pipeline::carry():194}:195}(Object(Illuminate/Http/Request))
#63 C:/laragon/www/cadisetramadiR/vendor/laravel/framework/src/Illuminate/Pipeline/Pipeline.php(219): Illuminate/Foundation/Http/Middleware/PreventRequestsDuringMaintenance->handle(Object(Illuminate/Http/Request), Object(Closure))
#64 C:/laragon/www/cadisetramadiR/vendor/laravel/framework/src/Illuminate/Http/Middleware/HandleCors.php(61): Illuminate/Pipeline/Pipeline->{closure:{closure:Illuminate/Pipeline/Pipeline::carry():194}:195}(Object(Illuminate/Http/Request))
#65 C:/laragon/www/cadisetramadiR/vendor/laravel/framework/src/Illuminate/Pipeline/Pipeline.php(219): Illuminate/Http/Middleware/HandleCors->handle(Object(Illuminate/Http/Request), Object(Closure))
#66 C:/laragon/www/cadisetramadiR/vendor/laravel/framework/src/Illuminate/Http/Middleware/TrustProxies.php(58): Illuminate/Pipeline/Pipeline->{closure:{closure:Illuminate/Pipeline/Pipeline::carry():194}:195}(Object(Illuminate/Http/Request))
#67 C:/laragon/www/cadisetramadiR/vendor/laravel/framework/src/Illuminate/Pipeline/Pipeline.php(219): Illuminate/Http/Middleware/TrustProxies->handle(Object(Illuminate/Http/Request), Object(Closure))
#68 C:/laragon/www/cadisetramadiR/vendor/laravel/framework/src/Illuminate/Foundation/Http/Middleware/InvokeDeferredCallbacks.php(22): Illuminate/Pipeline/Pipeline->{closure:{closure:Illuminate/Pipeline/Pipeline::carry():194}:195}(Object(Illuminate/Http/Request))
#69 C:/laragon/www/cadisetramadiR/vendor/laravel/framework/src/Illuminate/Pipeline/Pipeline.php(219): Illuminate/Foundation/Http/Middleware/InvokeDeferredCallbacks->handle(Object(Illuminate/Http/Request), Object(Closure))
#70 C:/laragon/www/cadisetramadiR/vendor/laravel/framework/src/Illuminate/Http/Middleware/ValidatePathEncoding.php(26): Illuminate/Pipeline/Pipeline->{closure:{closure:Illuminate/Pipeline/Pipeline::carry():194}:195}(Object(Illuminate/Http/Request))
#71 C:/laragon/www/cadisetramadiR/vendor/laravel/framework/src/Illuminate/Pipeline/Pipeline.php(219): Illuminate/Http/Middleware/ValidatePathEncoding->handle(Object(Illuminate/Http/Request), Object(Closure))
#72 C:/laragon/www/cadisetramadiR/vendor/laravel/framework/src/Illuminate/Pipeline/Pipeline.php(137): Illuminate/Pipeline/Pipeline->{closure:{closure:Illuminate/Pipeline/Pipeline::carry():194}:195}(Object(Illuminate/Http/Request))
#73 C:/laragon/www/cadisetramadiR/vendor/laravel/framework/src/Illuminate/Foundation/Http/Kernel.php(175): Illuminate/Pipeline/Pipeline->then(Object(Closure))
#74 C:/laragon/www/cadisetramadiR/vendor/laravel/framework/src/Illuminate/Foundation/Http/Kernel.php(144): Illuminate/Foundation/Http/Kernel->sendRequestThroughRouter(Object(Illuminate/Http/Request))
#75 C:/laragon/www/cadisetramadiR/vendor/laravel/framework/src/Illuminate/Foundation/Application.php(1220): Illuminate/Foundation/Http/Kernel->handle(Object(Illuminate/Http/Request))
#76 C:/laragon/www/cadisetramadiR/public/index.php(20): Illuminate/Foundation/Application->handleRequest(Object(Illuminate/Http/Request))
#77 C:/laragon/www/cadisetramadiR/vendor/laravel/framework/src/Illuminate/Foundation/resources/server.php(23): require_once('C://laragon//www//...')
#78 {main}
"} 
[2026-08-19 06:45:26] local.ERROR: Target class [App\Models\ItemPenjualanPolicy] does not exist. (View: C:\laragon\www\cadisetramadiR\resources\views\penjualan\pos.blade.php) {"userId":4,"exception":"[object] (Illuminate\\View\\ViewException(code: 0): Target class [App\\Models\\ItemPenjualanPolicy] does not exist. (View: C:\\laragon\\www\\cadisetramadiR\\resources\\views\\penjualan\\pos.blade.php) at C:/laragon/www/cadisetramadiR/vendor/laravel/framework/src/Illuminate/Container/Container.php:1124)
[stacktrace]
#0 C:/laragon/www/cadisetramadiR/vendor/laravel/framework/src/Illuminate/View/Engines/PhpEngine.php(59): Illuminate/View/Engines/CompilerEngine->handleViewException(Object(Illuminate/Contracts/Container/BindingResolutionException), 1)
#1 C:/laragon/www/cadisetramadiR/vendor/laravel/framework/src/Illuminate/View/Engines/CompilerEngine.php(76): Illuminate/View/Engines/PhpEngine->evaluatePath('C://laragon//www//...', Array)
#2 C:/laragon/www/cadisetramadiR/vendor/laravel/framework/src/Illuminate/View/View.php(208): Illuminate/View/Engines/CompilerEngine->get('C://laragon//www//...', Array)
#3 C:/laragon/www/cadisetramadiR/vendor/laravel/framework/src/Illuminate/View/View.php(191): Illuminate/View/View->getContents()
#4 C:/laragon/www/cadisetramadiR/vendor/laravel/framework/src/Illuminate/View/View.php(160): Illuminate/View/View->renderContents()
#5 C:/laragon/www/cadisetramadiR/vendor/laravel/framework/src/Illuminate/Http/Response.php(78): Illuminate/View/View->render()
#6 C:/laragon/www/cadisetramadiR/vendor/laravel/framework/src/Illuminate/Http/Response.php(34): Illuminate/Http/Response->setContent(Object(Illuminate/View/View))
#7 C:/laragon/www/cadisetramadiR/vendor/laravel/framework/src/Illuminate/Routing/Router.php(939): Illuminate/Http/Response->__construct(Object(Illuminate/View/View), 200, Array)
#8 C:/laragon/www/cadisetramadiR/vendor/laravel/framework/src/Illuminate/Routing/Router.php(906): Illuminate/Routing/Router::toResponse(Object(Illuminate/Http/Request), Object(Illuminate/View/View))
#9 C:/laragon/www/cadisetramadiR/vendor/laravel/framework/src/Illuminate/Routing/Router.php(821): Illuminate/Routing/Router->prepareResponse(Object(Illuminate/Http/Request), Object(Illuminate/View/View))
#10 C:/laragon/www/cadisetramadiR/vendor/laravel/framework/src/Illuminate/Pipeline/Pipeline.php(180): Illuminate/Routing/Router->{closure:Illuminate/Routing/Router::runRouteWithinStack():821}(Object(Illuminate/Http/Request))
#11 C:/laragon/www/cadisetramadiR/app/Http/Middleware/RoleMiddleware.php(29): Illuminate/Pipeline/Pipeline->{closure:Illuminate/Pipeline/Pipeline::prepareDestination():178}(Object(Illuminate/Http/Request))
#12 C:/laragon/www/cadisetramadiR/vendor/laravel/framework/src/Illuminate/Pipeline/Pipeline.php(219): App/Http/Middleware/RoleMiddleware->handle(Object(Illuminate/Http/Request), Object(Closure), 'admin', 'kasir')
#13 C:/laragon/www/cadisetramadiR/app/Http/Middleware/SetLanguage.php(38): Illuminate/Pipeline/Pipeline->{closure:{closure:Illuminate/Pipeline/Pipeline::carry():194}:195}(Object(Illuminate/Http/Request))
#14 C:/laragon/www/cadisetramadiR/vendor/laravel/framework/src/Illuminate/Pipeline/Pipeline.php(219): App/Http/Middleware/SetLanguage->handle(Object(Illuminate/Http/Request), Object(Closure))
#15 C:/laragon/www/cadisetramadiR/vendor/laravel/framework/src/Illuminate/Routing/Middleware/SubstituteBindings.php(50): Illuminate/Pipeline/Pipeline->{closure:{closure:Illuminate/Pipeline/Pipeline::carry():194}:195}(Object(Illuminate/Http/Request))
#16 C:/laragon/www/cadisetramadiR/vendor/laravel/framework/src/Illuminate/Pipeline/Pipeline.php(219): Illuminate/Routing/Middleware/SubstituteBindings->handle(Object(Illuminate/Http/Request), Object(Closure))
#17 C:/laragon/www/cadisetramadiR/vendor/laravel/framework/src/Illuminate/Auth/Middleware/Authenticate.php(63): Illuminate/Pipeline/Pipeline->{closure:{closure:Illuminate/Pipeline/Pipeline::carry():194}:195}(Object(Illuminate/Http/Request))
#18 C:/laragon/www/cadisetramadiR/vendor/laravel/framework/src/Illuminate/Pipeline/Pipeline.php(219): Illuminate/Auth/Middleware/Authenticate->handle(Object(Illuminate/Http/Request), Object(Closure))
#19 C:/laragon/www/cadisetramadiR/vendor/laravel/framework/src/Illuminate/Foundation/Http/Middleware/VerifyCsrfToken.php(87): Illuminate/Pipeline/Pipeline->{closure:{closure:Illuminate/Pipeline/Pipeline::carry():194}:195}(Object(Illuminate/Http/Request))
#20 C:/laragon/www/cadisetramadiR/vendor/laravel/framework/src/Illuminate/Pipeline/Pipeline.php(219): Illuminate/Foundation/Http/Middleware/VerifyCsrfToken->handle(Object(Illuminate/Http/Request), Object(Closure))
#21 C:/laragon/www/cadisetramadiR/vendor/laravel/framework/src/Illuminate/View/Middleware/ShareErrorsFromSession.php(48): Illuminate/Pipeline/Pipeline->{closure:{closure:Illuminate/Pipeline/Pipeline::carry():194}:195}(Object(Illuminate/Http/Request))
#22 C:/laragon/www/cadisetramadiR/vendor/laravel/framework/src/Illuminate/Pipeline/Pipeline.php(219): Illuminate/View/Middleware/ShareErrorsFromSession->handle(Object(Illuminate/Http/Request), Object(Closure))
#23 C:/laragon/www/cadisetramadiR/vendor/laravel/framework/src/Illuminate/Session/Middleware/StartSession.php(120): Illuminate/Pipeline/Pipeline->{closure:{closure:Illuminate/Pipeline/Pipeline::carry():194}:195}(Object(Illuminate/Http/Request))
#24 C:/laragon/www/cadisetramadiR/vendor/laravel/framework/src/Illuminate/Session/Middleware/StartSession.php(63): Illuminate/Session/Middleware/StartSession->handleStatefulRequest(Object(Illuminate/Http/Request), Object(Illuminate/Session/Store), Object(Closure))
#25 C:/laragon/www/cadisetramadiR/vendor/laravel/framework/src/Illuminate/Pipeline/Pipeline.php(219): Illuminate/Session/Middleware/StartSession->handle(Object(Illuminate/Http/Request), Object(Closure))
#26 C:/laragon/www/cadisetramadiR/vendor/laravel/framework/src/Illuminate/Cookie/Middleware/AddQueuedCookiesToResponse.php(36): Illuminate/Pipeline/Pipeline->{closure:{closure:Illuminate/Pipeline/Pipeline::carry():194}:195}(Object(Illuminate/Http/Request))
#27 C:/laragon/www/cadisetramadiR/vendor/laravel/framework/src/Illuminate/Pipeline/Pipeline.php(219): Illuminate/Cookie/Middleware/AddQueuedCookiesToResponse->handle(Object(Illuminate/Http/Request), Object(Closure))
#28 C:/laragon/www/cadisetramadiR/vendor/laravel/framework/src/Illuminate/Cookie/Middleware/EncryptCookies.php(74): Illuminate/Pipeline/Pipeline->{closure:{closure:Illuminate/Pipeline/Pipeline::carry():194}:195}(Object(Illuminate/Http/Request))
#29 C:/laragon/www/cadisetramadiR/vendor/laravel/framework/src/Illuminate/Pipeline/Pipeline.php(219): Illuminate/Cookie/Middleware/EncryptCookies->handle(Object(Illuminate/Http/Request), Object(Closure))
#30 C:/laragon/www/cadisetramadiR/vendor/laravel/framework/src/Illuminate/Pipeline/Pipeline.php(137): Illuminate/Pipeline/Pipeline->{closure:{closure:Illuminate/Pipeline/Pipeline::carry():194}:195}(Object(Illuminate/Http/Request))
#31 C:/laragon/www/cadisetramadiR/vendor/laravel/framework/src/Illuminate/Routing/Router.php(821): Illuminate/Pipeline/Pipeline->then(Object(Closure))
#32 C:/laragon/www/cadisetramadiR/vendor/laravel/framework/src/Illuminate/Routing/Router.php(800): Illuminate/Routing/Router->runRouteWithinStack(Object(Illuminate/Routing/Route), Object(Illuminate/Http/Request))
#33 C:/laragon/www/cadisetramadiR/vendor/laravel/framework/src/Illuminate/Routing/Router.php(764): Illuminate/Routing/Router->runRoute(Object(Illuminate/Http/Request), Object(Illuminate/Routing/Route))
#34 C:/laragon/www/cadisetramadiR/vendor/laravel/framework/src/Illuminate/Routing/Router.php(753): Illuminate/Routing/Router->dispatchToRoute(Object(Illuminate/Http/Request))
#35 C:/laragon/www/cadisetramadiR/vendor/laravel/framework/src/Illuminate/Foundation/Http/Kernel.php(200): Illuminate/Routing/Router->dispatch(Object(Illuminate/Http/Request))
#36 C:/laragon/www/cadisetramadiR/vendor/laravel/framework/src/Illuminate/Pipeline/Pipeline.php(180): Illuminate/Foundation/Http/Kernel->{closure:Illuminate/Foundation/Http/Kernel::dispatchToRouter():197}(Object(Illuminate/Http/Request))
#37 C:/laragon/www/cadisetramadiR/vendor/laravel/framework/src/Illuminate/Foundation/Http/Middleware/TransformsRequest.php(21): Illuminate/Pipeline/Pipeline->{closure:Illuminate/Pipeline/Pipeline::prepareDestination():178}(Object(Illuminate/Http/Request))
#38 C:/laragon/www/cadisetramadiR/vendor/laravel/framework/src/Illuminate/Foundation/Http/Middleware/ConvertEmptyStringsToNull.php(31): Illuminate/Foundation/Http/Middleware/TransformsRequest->handle(Object(Illuminate/Http/Request), Object(Closure))
#39 C:/laragon/www/cadisetramadiR/vendor/laravel/framework/src/Illuminate/Pipeline/Pipeline.php(219): Illuminate/Foundation/Http/Middleware/ConvertEmptyStringsToNull->handle(Object(Illuminate/Http/Request), Object(Closure))
#40 C:/laragon/www/cadisetramadiR/vendor/laravel/framework/src/Illuminate/Foundation/Http/Middleware/TransformsRequest.php(21): Illuminate/Pipeline/Pipeline->{closure:{closure:Illuminate/Pipeline/Pipeline::carry():194}:195}(Object(Illuminate/Http/Request))
#41 C:/laragon/www/cadisetramadiR/vendor/laravel/framework/src/Illuminate/Foundation/Http/Middleware/TrimStrings.php(51): Illuminate/Foundation/Http/Middleware/TransformsRequest->handle(Object(Illuminate/Http/Request), Object(Closure))
#42 C:/laragon/www/cadisetramadiR/vendor/laravel/framework/src/Illuminate/Pipeline/Pipeline.php(219): Illuminate/Foundation/Http/Middleware/TrimStrings->handle(Object(Illuminate/Http/Request), Object(Closure))
#43 C:/laragon/www/cadisetramadiR/vendor/laravel/framework/src/Illuminate/Http/Middleware/ValidatePostSize.php(27): Illuminate/Pipeline/Pipeline->{closure:{closure:Illuminate/Pipeline/Pipeline::carry():194}:195}(Object(Illuminate/Http/Request))
#44 C:/laragon/www/cadisetramadiR/vendor/laravel/framework/src/Illuminate/Pipeline/Pipeline.php(219): Illuminate/Http/Middleware/ValidatePostSize->handle(Object(Illuminate/Http/Request), Object(Closure))
#45 C:/laragon/www/cadisetramadiR/vendor/laravel/framework/src/Illuminate/Foundation/Http/Middleware/PreventRequestsDuringMaintenance.php(109): Illuminate/Pipeline/Pipeline->{closure:{closure:Illuminate/Pipeline/Pipeline::carry():194}:195}(Object(Illuminate/Http/Request))
#46 C:/laragon/www/cadisetramadiR/vendor/laravel/framework/src/Illuminate/Pipeline/Pipeline.php(219): Illuminate/Foundation/Http/Middleware/PreventRequestsDuringMaintenance->handle(Object(Illuminate/Http/Request), Object(Closure))
#47 C:/laragon/www/cadisetramadiR/vendor/laravel/framework/src/Illuminate/Http/Middleware/HandleCors.php(61): Illuminate/Pipeline/Pipeline->{closure:{closure:Illuminate/Pipeline/Pipeline::carry():194}:195}(Object(Illuminate/Http/Request))
#48 C:/laragon/www/cadisetramadiR/vendor/laravel/framework/src/Illuminate/Pipeline/Pipeline.php(219): Illuminate/Http/Middleware/HandleCors->handle(Object(Illuminate/Http/Request), Object(Closure))
#49 C:/laragon/www/cadisetramadiR/vendor/laravel/framework/src/Illuminate/Http/Middleware/TrustProxies.php(58): Illuminate/Pipeline/Pipeline->{closure:{closure:Illuminate/Pipeline/Pipeline::carry():194}:195}(Object(Illuminate/Http/Request))
#50 C:/laragon/www/cadisetramadiR/vendor/laravel/framework/src/Illuminate/Pipeline/Pipeline.php(219): Illuminate/Http/Middleware/TrustProxies->handle(Object(Illuminate/Http/Request), Object(Closure))
#51 C:/laragon/www/cadisetramadiR/vendor/laravel/framework/src/Illuminate/Foundation/Http/Middleware/InvokeDeferredCallbacks.php(22): Illuminate/Pipeline/Pipeline->{closure:{closure:Illuminate/Pipeline/Pipeline::carry():194}:195}(Object(Illuminate/Http/Request))
#52 C:/laragon/www/cadisetramadiR/vendor/laravel/framework/src/Illuminate/Pipeline/Pipeline.php(219): Illuminate/Foundation/Http/Middleware/InvokeDeferredCallbacks->handle(Object(Illuminate/Http/Request), Object(Closure))
#53 C:/laragon/www/cadisetramadiR/vendor/laravel/framework/src/Illuminate/Http/Middleware/ValidatePathEncoding.php(26): Illuminate/Pipeline/Pipeline->{closure:{closure:Illuminate/Pipeline/Pipeline::carry():194}:195}(Object(Illuminate/Http/Request))
#54 C:/laragon/www/cadisetramadiR/vendor/laravel/framework/src/Illuminate/Pipeline/Pipeline.php(219): Illuminate/Http/Middleware/ValidatePathEncoding->handle(Object(Illuminate/Http/Request), Object(Closure))
#55 C:/laragon/www/cadisetramadiR/vendor/laravel/framework/src/Illuminate/Pipeline/Pipeline.php(137): Illuminate/Pipeline/Pipeline->{closure:{closure:Illuminate/Pipeline/Pipeline::carry():194}:195}(Object(Illuminate/Http/Request))
#56 C:/laragon/www/cadisetramadiR/vendor/laravel/framework/src/Illuminate/Foundation/Http/Kernel.php(175): Illuminate/Pipeline/Pipeline->then(Object(Closure))
#57 C:/laragon/www/cadisetramadiR/vendor/laravel/framework/src/Illuminate/Foundation/Http/Kernel.php(144): Illuminate/Foundation/Http/Kernel->sendRequestThroughRouter(Object(Illuminate/Http/Request))
#58 C:/laragon/www/cadisetramadiR/vendor/laravel/framework/src/Illuminate/Foundation/Application.php(1220): Illuminate/Foundation/Http/Kernel->handle(Object(Illuminate/Http/Request))
#59 C:/laragon/www/cadisetramadiR/public/index.php(20): Illuminate/Foundation/Application->handleRequest(Object(Illuminate/Http/Request))
#60 C:/laragon/www/cadisetramadiR/vendor/laravel/framework/src/Illuminate/Foundation/resources/server.php(23): require_once('C://laragon//www//...')
#61 {main}

[previous exception] [object] (Illuminate\\Contracts\\Container\\BindingResolutionException(code: 0): Target class [App\\Models\\ItemPenjualanPolicy] does not exist. at C:/laragon/www/cadisetramadiR/vendor/laravel/framework/src/Illuminate/Container/Container.php:1124)
[stacktrace]
#0 C:/laragon/www/cadisetramadiR/vendor/laravel/framework/src/Illuminate/Container/Container.php(933): Illuminate/Container/Container->build('App//Models//Item...')
#1 C:/laragon/www/cadisetramadiR/vendor/laravel/framework/src/Illuminate/Foundation/Application.php(1078): Illuminate/Container/Container->resolve('App//Models//Item...', Array, true)
#2 C:/laragon/www/cadisetramadiR/vendor/laravel/framework/src/Illuminate/Container/Container.php(864): Illuminate/Foundation/Application->resolve('App//Models//Item...', Array)
#3 C:/laragon/www/cadisetramadiR/vendor/laravel/framework/src/Illuminate/Foundation/Application.php(1058): Illuminate/Container/Container->make('App//Models//Item...', Array)
#4 C:/laragon/www/cadisetramadiR/vendor/laravel/framework/src/Illuminate/Auth/Access/Gate.php(762): Illuminate/Foundation/Application->make('App//Models//Item...')
#5 C:/laragon/www/cadisetramadiR/vendor/laravel/framework/src/Illuminate/Auth/Access/Gate.php(670): Illuminate/Auth/Access/Gate->resolvePolicy('App//Models//Item...')
#6 C:/laragon/www/cadisetramadiR/vendor/laravel/framework/src/Illuminate/Auth/Access/Gate.php(630): Illuminate/Auth/Access/Gate->getPolicyFor('App//Models//Item...')
#7 C:/laragon/www/cadisetramadiR/vendor/laravel/framework/src/Illuminate/Auth/Access/Gate.php(551): Illuminate/Auth/Access/Gate->resolveAuthCallback(Object(App/Models/User), 'delete', Array)
#8 C:/laragon/www/cadisetramadiR/vendor/laravel/framework/src/Illuminate/Auth/Access/Gate.php(448): Illuminate/Auth/Access/Gate->callAuthCallback(Object(App/Models/User), 'delete', Array)
#9 C:/laragon/www/cadisetramadiR/vendor/laravel/framework/src/Illuminate/Auth/Access/Gate.php(411): Illuminate/Auth/Access/Gate->raw('delete', Array)
#10 C:/laragon/www/cadisetramadiR/vendor/laravel/framework/src/Illuminate/Auth/Access/Gate.php(359): Illuminate/Auth/Access/Gate->inspect('delete', Object(App/Models/ItemPenjualan))
#11 C:/laragon/www/cadisetramadiR/vendor/laravel/framework/src/Illuminate/Collections/Traits/EnumeratesValues.php(312): Illuminate/Auth/Access/Gate->{closure:Illuminate/Auth/Access/Gate::check():359}('delete', 0)
#12 C:/laragon/www/cadisetramadiR/vendor/laravel/framework/src/Illuminate/Auth/Access/Gate.php(358): Illuminate/Support/Collection->every(Object(Closure))
#13 C:/laragon/www/cadisetramadiR/storage/framework/views/039c11e4e4c6c654390eec4b963587e8.php(318): Illuminate/Auth/Access/Gate->check('delete', Object(App/Models/ItemPenjualan))
#14 C:/laragon/www/cadisetramadiR/vendor/laravel/framework/src/Illuminate/Filesystem/Filesystem.php(123): require('C://laragon//www//...')
#15 C:/laragon/www/cadisetramadiR/vendor/laravel/framework/src/Illuminate/Filesystem/Filesystem.php(124): Illuminate/Filesystem/Filesystem::{closure:Illuminate/Filesystem/Filesystem::getRequire():120}()
#16 C:/laragon/www/cadisetramadiR/vendor/laravel/framework/src/Illuminate/View/Engines/PhpEngine.php(57): Illuminate/Filesystem/Filesystem->getRequire('C://laragon//www//...', Array)
#17 C:/laragon/www/cadisetramadiR/vendor/laravel/framework/src/Illuminate/View/Engines/CompilerEngine.php(76): Illuminate/View/Engines/PhpEngine->evaluatePath('C://laragon//www//...', Array)
#18 C:/laragon/www/cadisetramadiR/vendor/laravel/framework/src/Illuminate/View/View.php(208): Illuminate/View/Engines/CompilerEngine->get('C://laragon//www//...', Array)
#19 C:/laragon/www/cadisetramadiR/vendor/laravel/framework/src/Illuminate/View/View.php(191): Illuminate/View/View->getContents()
#20 C:/laragon/www/cadisetramadiR/vendor/laravel/framework/src/Illuminate/View/View.php(160): Illuminate/View/View->renderContents()
#21 C:/laragon/www/cadisetramadiR/vendor/laravel/framework/src/Illuminate/Http/Response.php(78): Illuminate/View/View->render()
#22 C:/laragon/www/cadisetramadiR/vendor/laravel/framework/src/Illuminate/Http/Response.php(34): Illuminate/Http/Response->setContent(Object(Illuminate/View/View))
#23 C:/laragon/www/cadisetramadiR/vendor/laravel/framework/src/Illuminate/Routing/Router.php(939): Illuminate/Http/Response->__construct(Object(Illuminate/View/View), 200, Array)
#24 C:/laragon/www/cadisetramadiR/vendor/laravel/framework/src/Illuminate/Routing/Router.php(906): Illuminate/Routing/Router::toResponse(Object(Illuminate/Http/Request), Object(Illuminate/View/View))
#25 C:/laragon/www/cadisetramadiR/vendor/laravel/framework/src/Illuminate/Routing/Router.php(821): Illuminate/Routing/Router->prepareResponse(Object(Illuminate/Http/Request), Object(Illuminate/View/View))
#26 C:/laragon/www/cadisetramadiR/vendor/laravel/framework/src/Illuminate/Pipeline/Pipeline.php(180): Illuminate/Routing/Router->{closure:Illuminate/Routing/Router::runRouteWithinStack():821}(Object(Illuminate/Http/Request))
#27 C:/laragon/www/cadisetramadiR/app/Http/Middleware/RoleMiddleware.php(29): Illuminate/Pipeline/Pipeline->{closure:Illuminate/Pipeline/Pipeline::prepareDestination():178}(Object(Illuminate/Http/Request))
#28 C:/laragon/www/cadisetramadiR/vendor/laravel/framework/src/Illuminate/Pipeline/Pipeline.php(219): App/Http/Middleware/RoleMiddleware->handle(Object(Illuminate/Http/Request), Object(Closure), 'admin', 'kasir')
#29 C:/laragon/www/cadisetramadiR/app/Http/Middleware/SetLanguage.php(38): Illuminate/Pipeline/Pipeline->{closure:{closure:Illuminate/Pipeline/Pipeline::carry():194}:195}(Object(Illuminate/Http/Request))
#30 C:/laragon/www/cadisetramadiR/vendor/laravel/framework/src/Illuminate/Pipeline/Pipeline.php(219): App/Http/Middleware/SetLanguage->handle(Object(Illuminate/Http/Request), Object(Closure))
#31 C:/laragon/www/cadisetramadiR/vendor/laravel/framework/src/Illuminate/Routing/Middleware/SubstituteBindings.php(50): Illuminate/Pipeline/Pipeline->{closure:{closure:Illuminate/Pipeline/Pipeline::carry():194}:195}(Object(Illuminate/Http/Request))
#32 C:/laragon/www/cadisetramadiR/vendor/laravel/framework/src/Illuminate/Pipeline/Pipeline.php(219): Illuminate/Routing/Middleware/SubstituteBindings->handle(Object(Illuminate/Http/Request), Object(Closure))
#33 C:/laragon/www/cadisetramadiR/vendor/laravel/framework/src/Illuminate/Auth/Middleware/Authenticate.php(63): Illuminate/Pipeline/Pipeline->{closure:{closure:Illuminate/Pipeline/Pipeline::carry():194}:195}(Object(Illuminate/Http/Request))
#34 C:/laragon/www/cadisetramadiR/vendor/laravel/framework/src/Illuminate/Pipeline/Pipeline.php(219): Illuminate/Auth/Middleware/Authenticate->handle(Object(Illuminate/Http/Request), Object(Closure))
#35 C:/laragon/www/cadisetramadiR/vendor/laravel/framework/src/Illuminate/Foundation/Http/Middleware/VerifyCsrfToken.php(87): Illuminate/Pipeline/Pipeline->{closure:{closure:Illuminate/Pipeline/Pipeline::carry():194}:195}(Object(Illuminate/Http/Request))
#36 C:/laragon/www/cadisetramadiR/vendor/laravel/framework/src/Illuminate/Pipeline/Pipeline.php(219): Illuminate/Foundation/Http/Middleware/VerifyCsrfToken->handle(Object(Illuminate/Http/Request), Object(Closure))
#37 C:/laragon/www/cadisetramadiR/vendor/laravel/framework/src/Illuminate/View/Middleware/ShareErrorsFromSession.php(48): Illuminate/Pipeline/Pipeline->{closure:{closure:Illuminate/Pipeline/Pipeline::carry():194}:195}(Object(Illuminate/Http/Request))
#38 C:/laragon/www/cadisetramadiR/vendor/laravel/framework/src/Illuminate/Pipeline/Pipeline.php(219): Illuminate/View/Middleware/ShareErrorsFromSession->handle(Object(Illuminate/Http/Request), Object(Closure))
#39 C:/laragon/www/cadisetramadiR/vendor/laravel/framework/src/Illuminate/Session/Middleware/StartSession.php(120): Illuminate/Pipeline/Pipeline->{closure:{closure:Illuminate/Pipeline/Pipeline::carry():194}:195}(Object(Illuminate/Http/Request))
#40 C:/laragon/www/cadisetramadiR/vendor/laravel/framework/src/Illuminate/Session/Middleware/StartSession.php(63): Illuminate/Session/Middleware/StartSession->handleStatefulRequest(Object(Illuminate/Http/Request), Object(Illuminate/Session/Store), Object(Closure))
#41 C:/laragon/www/cadisetramadiR/vendor/laravel/framework/src/Illuminate/Pipeline/Pipeline.php(219): Illuminate/Session/Middleware/StartSession->handle(Object(Illuminate/Http/Request), Object(Closure))
#42 C:/laragon/www/cadisetramadiR/vendor/laravel/framework/src/Illuminate/Cookie/Middleware/AddQueuedCookiesToResponse.php(36): Illuminate/Pipeline/Pipeline->{closure:{closure:Illuminate/Pipeline/Pipeline::carry():194}:195}(Object(Illuminate/Http/Request))
#43 C:/laragon/www/cadisetramadiR/vendor/laravel/framework/src/Illuminate/Pipeline/Pipeline.php(219): Illuminate/Cookie/Middleware/AddQueuedCookiesToResponse->handle(Object(Illuminate/Http/Request), Object(Closure))
#44 C:/laragon/www/cadisetramadiR/vendor/laravel/framework/src/Illuminate/Cookie/Middleware/EncryptCookies.php(74): Illuminate/Pipeline/Pipeline->{closure:{closure:Illuminate/Pipeline/Pipeline::carry():194}:195}(Object(Illuminate/Http/Request))
#45 C:/laragon/www/cadisetramadiR/vendor/laravel/framework/src/Illuminate/Pipeline/Pipeline.php(219): Illuminate/Cookie/Middleware/EncryptCookies->handle(Object(Illuminate/Http/Request), Object(Closure))
#46 C:/laragon/www/cadisetramadiR/vendor/laravel/framework/src/Illuminate/Pipeline/Pipeline.php(137): Illuminate/Pipeline/Pipeline->{closure:{closure:Illuminate/Pipeline/Pipeline::carry():194}:195}(Object(Illuminate/Http/Request))
#47 C:/laragon/www/cadisetramadiR/vendor/laravel/framework/src/Illuminate/Routing/Router.php(821): Illuminate/Pipeline/Pipeline->then(Object(Closure))
#48 C:/laragon/www/cadisetramadiR/vendor/laravel/framework/src/Illuminate/Routing/Router.php(800): Illuminate/Routing/Router->runRouteWithinStack(Object(Illuminate/Routing/Route), Object(Illuminate/Http/Request))
#49 C:/laragon/www/cadisetramadiR/vendor/laravel/framework/src/Illuminate/Routing/Router.php(764): Illuminate/Routing/Router->runRoute(Object(Illuminate/Http/Request), Object(Illuminate/Routing/Route))
#50 C:/laragon/www/cadisetramadiR/vendor/laravel/framework/src/Illuminate/Routing/Router.php(753): Illuminate/Routing/Router->dispatchToRoute(Object(Illuminate/Http/Request))
#51 C:/laragon/www/cadisetramadiR/vendor/laravel/framework/src/Illuminate/Foundation/Http/Kernel.php(200): Illuminate/Routing/Router->dispatch(Object(Illuminate/Http/Request))
#52 C:/laragon/www/cadisetramadiR/vendor/laravel/framework/src/Illuminate/Pipeline/Pipeline.php(180): Illuminate/Foundation/Http/Kernel->{closure:Illuminate/Foundation/Http/Kernel::dispatchToRouter():197}(Object(Illuminate/Http/Request))
#53 C:/laragon/www/cadisetramadiR/vendor/laravel/framework/src/Illuminate/Foundation/Http/Middleware/TransformsRequest.php(21): Illuminate/Pipeline/Pipeline->{closure:Illuminate/Pipeline/Pipeline::prepareDestination():178}(Object(Illuminate/Http/Request))
#54 C:/laragon/www/cadisetramadiR/vendor/laravel/framework/src/Illuminate/Foundation/Http/Middleware/ConvertEmptyStringsToNull.php(31): Illuminate/Foundation/Http/Middleware/TransformsRequest->handle(Object(Illuminate/Http/Request), Object(Closure))
#55 C:/laragon/www/cadisetramadiR/vendor/laravel/framework/src/Illuminate/Pipeline/Pipeline.php(219): Illuminate/Foundation/Http/Middleware/ConvertEmptyStringsToNull->handle(Object(Illuminate/Http/Request), Object(Closure))
#56 C:/laragon/www/cadisetramadiR/vendor/laravel/framework/src/Illuminate/Foundation/Http/Middleware/TransformsRequest.php(21): Illuminate/Pipeline/Pipeline->{closure:{closure:Illuminate/Pipeline/Pipeline::carry():194}:195}(Object(Illuminate/Http/Request))
#57 C:/laragon/www/cadisetramadiR/vendor/laravel/framework/src/Illuminate/Foundation/Http/Middleware/TrimStrings.php(51): Illuminate/Foundation/Http/Middleware/TransformsRequest->handle(Object(Illuminate/Http/Request), Object(Closure))
#58 C:/laragon/www/cadisetramadiR/vendor/laravel/framework/src/Illuminate/Pipeline/Pipeline.php(219): Illuminate/Foundation/Http/Middleware/TrimStrings->handle(Object(Illuminate/Http/Request), Object(Closure))
#59 C:/laragon/www/cadisetramadiR/vendor/laravel/framework/src/Illuminate/Http/Middleware/ValidatePostSize.php(27): Illuminate/Pipeline/Pipeline->{closure:{closure:Illuminate/Pipeline/Pipeline::carry():194}:195}(Object(Illuminate/Http/Request))
#60 C:/laragon/www/cadisetramadiR/vendor/laravel/framework/src/Illuminate/Pipeline/Pipeline.php(219): Illuminate/Http/Middleware/ValidatePostSize->handle(Object(Illuminate/Http/Request), Object(Closure))
#61 C:/laragon/www/cadisetramadiR/vendor/laravel/framework/src/Illuminate/Foundation/Http/Middleware/PreventRequestsDuringMaintenance.php(109): Illuminate/Pipeline/Pipeline->{closure:{closure:Illuminate/Pipeline/Pipeline::carry():194}:195}(Object(Illuminate/Http/Request))
#62 C:/laragon/www/cadisetramadiR/vendor/laravel/framework/src/Illuminate/Pipeline/Pipeline.php(219): Illuminate/Foundation/Http/Middleware/PreventRequestsDuringMaintenance->handle(Object(Illuminate/Http/Request), Object(Closure))
#63 C:/laragon/www/cadisetramadiR/vendor/laravel/framework/src/Illuminate/Http/Middleware/HandleCors.php(61): Illuminate/Pipeline/Pipeline->{closure:{closure:Illuminate/Pipeline/Pipeline::carry():194}:195}(Object(Illuminate/Http/Request))
#64 C:/laragon/www/cadisetramadiR/vendor/laravel/framework/src/Illuminate/Pipeline/Pipeline.php(219): Illuminate/Http/Middleware/HandleCors->handle(Object(Illuminate/Http/Request), Object(Closure))
#65 C:/laragon/www/cadisetramadiR/vendor/laravel/framework/src/Illuminate/Http/Middleware/TrustProxies.php(58): Illuminate/Pipeline/Pipeline->{closure:{closure:Illuminate/Pipeline/Pipeline::carry():194}:195}(Object(Illuminate/Http/Request))
#66 C:/laragon/www/cadisetramadiR/vendor/laravel/framework/src/Illuminate/Pipeline/Pipeline.php(219): Illuminate/Http/Middleware/TrustProxies->handle(Object(Illuminate/Http/Request), Object(Closure))
#67 C:/laragon/www/cadisetramadiR/vendor/laravel/framework/src/Illuminate/Foundation/Http/Middleware/InvokeDeferredCallbacks.php(22): Illuminate/Pipeline/Pipeline->{closure:{closure:Illuminate/Pipeline/Pipeline::carry():194}:195}(Object(Illuminate/Http/Request))
#68 C:/laragon/www/cadisetramadiR/vendor/laravel/framework/src/Illuminate/Pipeline/Pipeline.php(219): Illuminate/Foundation/Http/Middleware/InvokeDeferredCallbacks->handle(Object(Illuminate/Http/Request), Object(Closure))
#69 C:/laragon/www/cadisetramadiR/vendor/laravel/framework/src/Illuminate/Http/Middleware/ValidatePathEncoding.php(26): Illuminate/Pipeline/Pipeline->{closure:{closure:Illuminate/Pipeline/Pipeline::carry():194}:195}(Object(Illuminate/Http/Request))
#70 C:/laragon/www/cadisetramadiR/vendor/laravel/framework/src/Illuminate/Pipeline/Pipeline.php(219): Illuminate/Http/Middleware/ValidatePathEncoding->handle(Object(Illuminate/Http/Request), Object(Closure))
#71 C:/laragon/www/cadisetramadiR/vendor/laravel/framework/src/Illuminate/Pipeline/Pipeline.php(137): Illuminate/Pipeline/Pipeline->{closure:{closure:Illuminate/Pipeline/Pipeline::carry():194}:195}(Object(Illuminate/Http/Request))
#72 C:/laragon/www/cadisetramadiR/vendor/laravel/framework/src/Illuminate/Foundation/Http/Kernel.php(175): Illuminate/Pipeline/Pipeline->then(Object(Closure))
#73 C:/laragon/www/cadisetramadiR/vendor/laravel/framework/src/Illuminate/Foundation/Http/Kernel.php(144): Illuminate/Foundation/Http/Kernel->sendRequestThroughRouter(Object(Illuminate/Http/Request))
#74 C:/laragon/www/cadisetramadiR/vendor/laravel/framework/src/Illuminate/Foundation/Application.php(1220): Illuminate/Foundation/Http/Kernel->handle(Object(Illuminate/Http/Request))
#75 C:/laragon/www/cadisetramadiR/public/index.php(20): Illuminate/Foundation/Application->handleRequest(Object(Illuminate/Http/Request))
#76 C:/laragon/www/cadisetramadiR/vendor/laravel/framework/src/Illuminate/Foundation/resources/server.php(23): require_once('C://laragon//www//...')
#77 {main}

[previous exception] [object] (ReflectionException(code: -1): Class \"App\\Models\\ItemPenjualanPolicy\" does not exist at C:/laragon/www/cadisetramadiR/vendor/laravel/framework/src/Illuminate/Container/Container.php:1122)
[stacktrace]
#0 C:/laragon/www/cadisetramadiR/vendor/laravel/framework/src/Illuminate/Container/Container.php(1122): ReflectionClass->__construct('App//Models//Item...')
#1 C:/laragon/www/cadisetramadiR/vendor/laravel/framework/src/Illuminate/Container/Container.php(933): Illuminate/Container/Container->build('App//Models//Item...')
#2 C:/laragon/www/cadisetramadiR/vendor/laravel/framework/src/Illuminate/Foundation/Application.php(1078): Illuminate/Container/Container->resolve('App//Models//Item...', Array, true)
#3 C:/laragon/www/cadisetramadiR/vendor/laravel/framework/src/Illuminate/Container/Container.php(864): Illuminate/Foundation/Application->resolve('App//Models//Item...', Array)
#4 C:/laragon/www/cadisetramadiR/vendor/laravel/framework/src/Illuminate/Foundation/Application.php(1058): Illuminate/Container/Container->make('App//Models//Item...', Array)
#5 C:/laragon/www/cadisetramadiR/vendor/laravel/framework/src/Illuminate/Auth/Access/Gate.php(762): Illuminate/Foundation/Application->make('App//Models//Item...')
#6 C:/laragon/www/cadisetramadiR/vendor/laravel/framework/src/Illuminate/Auth/Access/Gate.php(670): Illuminate/Auth/Access/Gate->resolvePolicy('App//Models//Item...')
#7 C:/laragon/www/cadisetramadiR/vendor/laravel/framework/src/Illuminate/Auth/Access/Gate.php(630): Illuminate/Auth/Access/Gate->getPolicyFor('App//Models//Item...')
#8 C:/laragon/www/cadisetramadiR/vendor/laravel/framework/src/Illuminate/Auth/Access/Gate.php(551): Illuminate/Auth/Access/Gate->resolveAuthCallback(Object(App/Models/User), 'delete', Array)
#9 C:/laragon/www/cadisetramadiR/vendor/laravel/framework/src/Illuminate/Auth/Access/Gate.php(448): Illuminate/Auth/Access/Gate->callAuthCallback(Object(App/Models/User), 'delete', Array)
#10 C:/laragon/www/cadisetramadiR/vendor/laravel/framework/src/Illuminate/Auth/Access/Gate.php(411): Illuminate/Auth/Access/Gate->raw('delete', Array)
#11 C:/laragon/www/cadisetramadiR/vendor/laravel/framework/src/Illuminate/Auth/Access/Gate.php(359): Illuminate/Auth/Access/Gate->inspect('delete', Object(App/Models/ItemPenjualan))
#12 C:/laragon/www/cadisetramadiR/vendor/laravel/framework/src/Illuminate/Collections/Traits/EnumeratesValues.php(312): Illuminate/Auth/Access/Gate->{closure:Illuminate/Auth/Access/Gate::check():359}('delete', 0)
#13 C:/laragon/www/cadisetramadiR/vendor/laravel/framework/src/Illuminate/Auth/Access/Gate.php(358): Illuminate/Support/Collection->every(Object(Closure))
#14 C:/laragon/www/cadisetramadiR/storage/framework/views/039c11e4e4c6c654390eec4b963587e8.php(318): Illuminate/Auth/Access/Gate->check('delete', Object(App/Models/ItemPenjualan))
#15 C:/laragon/www/cadisetramadiR/vendor/laravel/framework/src/Illuminate/Filesystem/Filesystem.php(123): require('C://laragon//www//...')
#16 C:/laragon/www/cadisetramadiR/vendor/laravel/framework/src/Illuminate/Filesystem/Filesystem.php(124): Illuminate/Filesystem/Filesystem::{closure:Illuminate/Filesystem/Filesystem::getRequire():120}()
#17 C:/laragon/www/cadisetramadiR/vendor/laravel/framework/src/Illuminate/View/Engines/PhpEngine.php(57): Illuminate/Filesystem/Filesystem->getRequire('C://laragon//www//...', Array)
#18 C:/laragon/www/cadisetramadiR/vendor/laravel/framework/src/Illuminate/View/Engines/CompilerEngine.php(76): Illuminate/View/Engines/PhpEngine->evaluatePath('C://laragon//www//...', Array)
#19 C:/laragon/www/cadisetramadiR/vendor/laravel/framework/src/Illuminate/View/View.php(208): Illuminate/View/Engines/CompilerEngine->get('C://laragon//www//...', Array)
#20 C:/laragon/www/cadisetramadiR/vendor/laravel/framework/src/Illuminate/View/View.php(191): Illuminate/View/View->getContents()
#21 C:/laragon/www/cadisetramadiR/vendor/laravel/framework/src/Illuminate/View/View.php(160): Illuminate/View/View->renderContents()
#22 C:/laragon/www/cadisetramadiR/vendor/laravel/framework/src/Illuminate/Http/Response.php(78): Illuminate/View/View->render()
#23 C:/laragon/www/cadisetramadiR/vendor/laravel/framework/src/Illuminate/Http/Response.php(34): Illuminate/Http/Response->setContent(Object(Illuminate/View/View))
#24 C:/laragon/www/cadisetramadiR/vendor/laravel/framework/src/Illuminate/Routing/Router.php(939): Illuminate/Http/Response->__construct(Object(Illuminate/View/View), 200, Array)
#25 C:/laragon/www/cadisetramadiR/vendor/laravel/framework/src/Illuminate/Routing/Router.php(906): Illuminate/Routing/Router::toResponse(Object(Illuminate/Http/Request), Object(Illuminate/View/View))
#26 C:/laragon/www/cadisetramadiR/vendor/laravel/framework/src/Illuminate/Routing/Router.php(821): Illuminate/Routing/Router->prepareResponse(Object(Illuminate/Http/Request), Object(Illuminate/View/View))
#27 C:/laragon/www/cadisetramadiR/vendor/laravel/framework/src/Illuminate/Pipeline/Pipeline.php(180): Illuminate/Routing/Router->{closure:Illuminate/Routing/Router::runRouteWithinStack():821}(Object(Illuminate/Http/Request))
#28 C:/laragon/www/cadisetramadiR/app/Http/Middleware/RoleMiddleware.php(29): Illuminate/Pipeline/Pipeline->{closure:Illuminate/Pipeline/Pipeline::prepareDestination():178}(Object(Illuminate/Http/Request))
#29 C:/laragon/www/cadisetramadiR/vendor/laravel/framework/src/Illuminate/Pipeline/Pipeline.php(219): App/Http/Middleware/RoleMiddleware->handle(Object(Illuminate/Http/Request), Object(Closure), 'admin', 'kasir')
#30 C:/laragon/www/cadisetramadiR/app/Http/Middleware/SetLanguage.php(38): Illuminate/Pipeline/Pipeline->{closure:{closure:Illuminate/Pipeline/Pipeline::carry():194}:195}(Object(Illuminate/Http/Request))
#31 C:/laragon/www/cadisetramadiR/vendor/laravel/framework/src/Illuminate/Pipeline/Pipeline.php(219): App/Http/Middleware/SetLanguage->handle(Object(Illuminate/Http/Request), Object(Closure))
#32 C:/laragon/www/cadisetramadiR/vendor/laravel/framework/src/Illuminate/Routing/Middleware/SubstituteBindings.php(50): Illuminate/Pipeline/Pipeline->{closure:{closure:Illuminate/Pipeline/Pipeline::carry():194}:195}(Object(Illuminate/Http/Request))
#33 C:/laragon/www/cadisetramadiR/vendor/laravel/framework/src/Illuminate/Pipeline/Pipeline.php(219): Illuminate/Routing/Middleware/SubstituteBindings->handle(Object(Illuminate/Http/Request), Object(Closure))
#34 C:/laragon/www/cadisetramadiR/vendor/laravel/framework/src/Illuminate/Auth/Middleware/Authenticate.php(63): Illuminate/Pipeline/Pipeline->{closure:{closure:Illuminate/Pipeline/Pipeline::carry():194}:195}(Object(Illuminate/Http/Request))
#35 C:/laragon/www/cadisetramadiR/vendor/laravel/framework/src/Illuminate/Pipeline/Pipeline.php(219): Illuminate/Auth/Middleware/Authenticate->handle(Object(Illuminate/Http/Request), Object(Closure))
#36 C:/laragon/www/cadisetramadiR/vendor/laravel/framework/src/Illuminate/Foundation/Http/Middleware/VerifyCsrfToken.php(87): Illuminate/Pipeline/Pipeline->{closure:{closure:Illuminate/Pipeline/Pipeline::carry():194}:195}(Object(Illuminate/Http/Request))
#37 C:/laragon/www/cadisetramadiR/vendor/laravel/framework/src/Illuminate/Pipeline/Pipeline.php(219): Illuminate/Foundation/Http/Middleware/VerifyCsrfToken->handle(Object(Illuminate/Http/Request), Object(Closure))
#38 C:/laragon/www/cadisetramadiR/vendor/laravel/framework/src/Illuminate/View/Middleware/ShareErrorsFromSession.php(48): Illuminate/Pipeline/Pipeline->{closure:{closure:Illuminate/Pipeline/Pipeline::carry():194}:195}(Object(Illuminate/Http/Request))
#39 C:/laragon/www/cadisetramadiR/vendor/laravel/framework/src/Illuminate/Pipeline/Pipeline.php(219): Illuminate/View/Middleware/ShareErrorsFromSession->handle(Object(Illuminate/Http/Request), Object(Closure))
#40 C:/laragon/www/cadisetramadiR/vendor/laravel/framework/src/Illuminate/Session/Middleware/StartSession.php(120): Illuminate/Pipeline/Pipeline->{closure:{closure:Illuminate/Pipeline/Pipeline::carry():194}:195}(Object(Illuminate/Http/Request))
#41 C:/laragon/www/cadisetramadiR/vendor/laravel/framework/src/Illuminate/Session/Middleware/StartSession.php(63): Illuminate/Session/Middleware/StartSession->handleStatefulRequest(Object(Illuminate/Http/Request), Object(Illuminate/Session/Store), Object(Closure))
#42 C:/laragon/www/cadisetramadiR/vendor/laravel/framework/src/Illuminate/Pipeline/Pipeline.php(219): Illuminate/Session/Middleware/StartSession->handle(Object(Illuminate/Http/Request), Object(Closure))
#43 C:/laragon/www/cadisetramadiR/vendor/laravel/framework/src/Illuminate/Cookie/Middleware/AddQueuedCookiesToResponse.php(36): Illuminate/Pipeline/Pipeline->{closure:{closure:Illuminate/Pipeline/Pipeline::carry():194}:195}(Object(Illuminate/Http/Request))
#44 C:/laragon/www/cadisetramadiR/vendor/laravel/framework/src/Illuminate/Pipeline/Pipeline.php(219): Illuminate/Cookie/Middleware/AddQueuedCookiesToResponse->handle(Object(Illuminate/Http/Request), Object(Closure))
#45 C:/laragon/www/cadisetramadiR/vendor/laravel/framework/src/Illuminate/Cookie/Middleware/EncryptCookies.php(74): Illuminate/Pipeline/Pipeline->{closure:{closure:Illuminate/Pipeline/Pipeline::carry():194}:195}(Object(Illuminate/Http/Request))
#46 C:/laragon/www/cadisetramadiR/vendor/laravel/framework/src/Illuminate/Pipeline/Pipeline.php(219): Illuminate/Cookie/Middleware/EncryptCookies->handle(Object(Illuminate/Http/Request), Object(Closure))
#47 C:/laragon/www/cadisetramadiR/vendor/laravel/framework/src/Illuminate/Pipeline/Pipeline.php(137): Illuminate/Pipeline/Pipeline->{closure:{closure:Illuminate/Pipeline/Pipeline::carry():194}:195}(Object(Illuminate/Http/Request))
#48 C:/laragon/www/cadisetramadiR/vendor/laravel/framework/src/Illuminate/Routing/Router.php(821): Illuminate/Pipeline/Pipeline->then(Object(Closure))
#49 C:/laragon/www/cadisetramadiR/vendor/laravel/framework/src/Illuminate/Routing/Router.php(800): Illuminate/Routing/Router->runRouteWithinStack(Object(Illuminate/Routing/Route), Object(Illuminate/Http/Request))
#50 C:/laragon/www/cadisetramadiR/vendor/laravel/framework/src/Illuminate/Routing/Router.php(764): Illuminate/Routing/Router->runRoute(Object(Illuminate/Http/Request), Object(Illuminate/Routing/Route))
#51 C:/laragon/www/cadisetramadiR/vendor/laravel/framework/src/Illuminate/Routing/Router.php(753): Illuminate/Routing/Router->dispatchToRoute(Object(Illuminate/Http/Request))
#52 C:/laragon/www/cadisetramadiR/vendor/laravel/framework/src/Illuminate/Foundation/Http/Kernel.php(200): Illuminate/Routing/Router->dispatch(Object(Illuminate/Http/Request))
#53 C:/laragon/www/cadisetramadiR/vendor/laravel/framework/src/Illuminate/Pipeline/Pipeline.php(180): Illuminate/Foundation/Http/Kernel->{closure:Illuminate/Foundation/Http/Kernel::dispatchToRouter():197}(Object(Illuminate/Http/Request))
#54 C:/laragon/www/cadisetramadiR/vendor/laravel/framework/src/Illuminate/Foundation/Http/Middleware/TransformsRequest.php(21): Illuminate/Pipeline/Pipeline->{closure:Illuminate/Pipeline/Pipeline::prepareDestination():178}(Object(Illuminate/Http/Request))
#55 C:/laragon/www/cadisetramadiR/vendor/laravel/framework/src/Illuminate/Foundation/Http/Middleware/ConvertEmptyStringsToNull.php(31): Illuminate/Foundation/Http/Middleware/TransformsRequest->handle(Object(Illuminate/Http/Request), Object(Closure))
#56 C:/laragon/www/cadisetramadiR/vendor/laravel/framework/src/Illuminate/Pipeline/Pipeline.php(219): Illuminate/Foundation/Http/Middleware/ConvertEmptyStringsToNull->handle(Object(Illuminate/Http/Request), Object(Closure))
#57 C:/laragon/www/cadisetramadiR/vendor/laravel/framework/src/Illuminate/Foundation/Http/Middleware/TransformsRequest.php(21): Illuminate/Pipeline/Pipeline->{closure:{closure:Illuminate/Pipeline/Pipeline::carry():194}:195}(Object(Illuminate/Http/Request))
#58 C:/laragon/www/cadisetramadiR/vendor/laravel/framework/src/Illuminate/Foundation/Http/Middleware/TrimStrings.php(51): Illuminate/Foundation/Http/Middleware/TransformsRequest->handle(Object(Illuminate/Http/Request), Object(Closure))
#59 C:/laragon/www/cadisetramadiR/vendor/laravel/framework/src/Illuminate/Pipeline/Pipeline.php(219): Illuminate/Foundation/Http/Middleware/TrimStrings->handle(Object(Illuminate/Http/Request), Object(Closure))
#60 C:/laragon/www/cadisetramadiR/vendor/laravel/framework/src/Illuminate/Http/Middleware/ValidatePostSize.php(27): Illuminate/Pipeline/Pipeline->{closure:{closure:Illuminate/Pipeline/Pipeline::carry():194}:195}(Object(Illuminate/Http/Request))
#61 C:/laragon/www/cadisetramadiR/vendor/laravel/framework/src/Illuminate/Pipeline/Pipeline.php(219): Illuminate/Http/Middleware/ValidatePostSize->handle(Object(Illuminate/Http/Request), Object(Closure))
#62 C:/laragon/www/cadisetramadiR/vendor/laravel/framework/src/Illuminate/Foundation/Http/Middleware/PreventRequestsDuringMaintenance.php(109): Illuminate/Pipeline/Pipeline->{closure:{closure:Illuminate/Pipeline/Pipeline::carry():194}:195}(Object(Illuminate/Http/Request))
#63 C:/laragon/www/cadisetramadiR/vendor/laravel/framework/src/Illuminate/Pipeline/Pipeline.php(219): Illuminate/Foundation/Http/Middleware/PreventRequestsDuringMaintenance->handle(Object(Illuminate/Http/Request), Object(Closure))
#64 C:/laragon/www/cadisetramadiR/vendor/laravel/framework/src/Illuminate/Http/Middleware/HandleCors.php(61): Illuminate/Pipeline/Pipeline->{closure:{closure:Illuminate/Pipeline/Pipeline::carry():194}:195}(Object(Illuminate/Http/Request))
#65 C:/laragon/www/cadisetramadiR/vendor/laravel/framework/src/Illuminate/Pipeline/Pipeline.php(219): Illuminate/Http/Middleware/HandleCors->handle(Object(Illuminate/Http/Request), Object(Closure))
#66 C:/laragon/www/cadisetramadiR/vendor/laravel/framework/src/Illuminate/Http/Middleware/TrustProxies.php(58): Illuminate/Pipeline/Pipeline->{closure:{closure:Illuminate/Pipeline/Pipeline::carry():194}:195}(Object(Illuminate/Http/Request))
#67 C:/laragon/www/cadisetramadiR/vendor/laravel/framework/src/Illuminate/Pipeline/Pipeline.php(219): Illuminate/Http/Middleware/TrustProxies->handle(Object(Illuminate/Http/Request), Object(Closure))
#68 C:/laragon/www/cadisetramadiR/vendor/laravel/framework/src/Illuminate/Foundation/Http/Middleware/InvokeDeferredCallbacks.php(22): Illuminate/Pipeline/Pipeline->{closure:{closure:Illuminate/Pipeline/Pipeline::carry():194}:195}(Object(Illuminate/Http/Request))
#69 C:/laragon/www/cadisetramadiR/vendor/laravel/framework/src/Illuminate/Pipeline/Pipeline.php(219): Illuminate/Foundation/Http/Middleware/InvokeDeferredCallbacks->handle(Object(Illuminate/Http/Request), Object(Closure))
#70 C:/laragon/www/cadisetramadiR/vendor/laravel/framework/src/Illuminate/Http/Middleware/ValidatePathEncoding.php(26): Illuminate/Pipeline/Pipeline->{closure:{closure:Illuminate/Pipeline/Pipeline::carry():194}:195}(Object(Illuminate/Http/Request))
#71 C:/laragon/www/cadisetramadiR/vendor/laravel/framework/src/Illuminate/Pipeline/Pipeline.php(219): Illuminate/Http/Middleware/ValidatePathEncoding->handle(Object(Illuminate/Http/Request), Object(Closure))
#72 C:/laragon/www/cadisetramadiR/vendor/laravel/framework/src/Illuminate/Pipeline/Pipeline.php(137): Illuminate/Pipeline/Pipeline->{closure:{closure:Illuminate/Pipeline/Pipeline::carry():194}:195}(Object(Illuminate/Http/Request))
#73 C:/laragon/www/cadisetramadiR/vendor/laravel/framework/src/Illuminate/Foundation/Http/Kernel.php(175): Illuminate/Pipeline/Pipeline->then(Object(Closure))
#74 C:/laragon/www/cadisetramadiR/vendor/laravel/framework/src/Illuminate/Foundation/Http/Kernel.php(144): Illuminate/Foundation/Http/Kernel->sendRequestThroughRouter(Object(Illuminate/Http/Request))
#75 C:/laragon/www/cadisetramadiR/vendor/laravel/framework/src/Illuminate/Foundation/Application.php(1220): Illuminate/Foundation/Http/Kernel->handle(Object(Illuminate/Http/Request))
#76 C:/laragon/www/cadisetramadiR/public/index.php(20): Illuminate/Foundation/Application->handleRequest(Object(Illuminate/Http/Request))
#77 C:/laragon/www/cadisetramadiR/vendor/laravel/framework/src/Illuminate/Foundation/resources/server.php(23): require_once('C://laragon//www//...')
#78 {main}
"} 
[2026-08-19 06:45:32] local.ERROR: Uncaught ReflectionException: Class "App\Models\ItemPenjualanPolicy" does not exist in Command line code:1
Stack trace:
#0 Command line code(1): ReflectionClass->__construct('App\\Models\\Item...')
#1 [internal function]: {closure:Command line code:1}('App\\Models\\Item...', 'App\\Models\\Item...')
#2 Command line code(1): array_map(Object(Closure), Array, Array)
#3 {main}
  thrown {"exception":"[object] (Symfony\\Component\\ErrorHandler\\Error\\FatalError(code: 0): Uncaught ReflectionException: Class \"App\\Models\\ItemPenjualanPolicy\" does not exist in Command line code:1
Stack trace:
#0 Command line code(1): ReflectionClass->__construct('App\\\\Models\\\\Item...')
#1 [internal function]: {closure:Command line code:1}('App\\\\Models\\\\Item...', 'App\\\\Models\\\\Item...')
#2 Command line code(1): array_map(Object(Closure), Array, Array)
#3 {main}
  thrown at Command line code:1)
[stacktrace]
#0 {main}
"} 
[2026-08-19 06:46:18] local.ERROR: Target class [App\Models\ItemPenjualanPolicy] does not exist. (View: C:\laragon\www\cadisetramadiR\resources\views\penjualan\pos.blade.php) {"userId":4,"exception":"[object] (Illuminate\\View\\ViewException(code: 0): Target class [App\\Models\\ItemPenjualanPolicy] does not exist. (View: C:\\laragon\\www\\cadisetramadiR\\resources\\views\\penjualan\\pos.blade.php) at C:/laragon/www/cadisetramadiR/vendor/laravel/framework/src/Illuminate/Container/Container.php:1124)
[stacktrace]
#0 C:/laragon/www/cadisetramadiR/vendor/laravel/framework/src/Illuminate/View/Engines/PhpEngine.php(59): Illuminate/View/Engines/CompilerEngine->handleViewException(Object(Illuminate/Contracts/Container/BindingResolutionException), 1)
#1 C:/laragon/www/cadisetramadiR/vendor/laravel/framework/src/Illuminate/View/Engines/CompilerEngine.php(76): Illuminate/View/Engines/PhpEngine->evaluatePath('C://laragon//www//...', Array)
#2 C:/laragon/www/cadisetramadiR/vendor/laravel/framework/src/Illuminate/View/View.php(208): Illuminate/View/Engines/CompilerEngine->get('C://laragon//www//...', Array)
#3 C:/laragon/www/cadisetramadiR/vendor/laravel/framework/src/Illuminate/View/View.php(191): Illuminate/View/View->getContents()
#4 C:/laragon/www/cadisetramadiR/vendor/laravel/framework/src/Illuminate/View/View.php(160): Illuminate/View/View->renderContents()
#5 C:/laragon/www/cadisetramadiR/vendor/laravel/framework/src/Illuminate/Http/Response.php(78): Illuminate/View/View->render()
#6 C:/laragon/www/cadisetramadiR/vendor/laravel/framework/src/Illuminate/Http/Response.php(34): Illuminate/Http/Response->setContent(Object(Illuminate/View/View))
#7 C:/laragon/www/cadisetramadiR/vendor/laravel/framework/src/Illuminate/Routing/Router.php(939): Illuminate/Http/Response->__construct(Object(Illuminate/View/View), 200, Array)
#8 C:/laragon/www/cadisetramadiR/vendor/laravel/framework/src/Illuminate/Routing/Router.php(906): Illuminate/Routing/Router::toResponse(Object(Illuminate/Http/Request), Object(Illuminate/View/View))
#9 C:/laragon/www/cadisetramadiR/vendor/laravel/framework/src/Illuminate/Routing/Router.php(821): Illuminate/Routing/Router->prepareResponse(Object(Illuminate/Http/Request), Object(Illuminate/View/View))
#10 C:/laragon/www/cadisetramadiR/vendor/laravel/framework/src/Illuminate/Pipeline/Pipeline.php(180): Illuminate/Routing/Router->{closure:Illuminate/Routing/Router::runRouteWithinStack():821}(Object(Illuminate/Http/Request))
#11 C:/laragon/www/cadisetramadiR/app/Http/Middleware/RoleMiddleware.php(29): Illuminate/Pipeline/Pipeline->{closure:Illuminate/Pipeline/Pipeline::prepareDestination():178}(Object(Illuminate/Http/Request))
#12 C:/laragon/www/cadisetramadiR/vendor/laravel/framework/src/Illuminate/Pipeline/Pipeline.php(219): App/Http/Middleware/RoleMiddleware->handle(Object(Illuminate/Http/Request), Object(Closure), 'admin', 'kasir')
#13 C:/laragon/www/cadisetramadiR/app/Http/Middleware/SetLanguage.php(38): Illuminate/Pipeline/Pipeline->{closure:{closure:Illuminate/Pipeline/Pipeline::carry():194}:195}(Object(Illuminate/Http/Request))
#14 C:/laragon/www/cadisetramadiR/vendor/laravel/framework/src/Illuminate/Pipeline/Pipeline.php(219): App/Http/Middleware/SetLanguage->handle(Object(Illuminate/Http/Request), Object(Closure))
#15 C:/laragon/www/cadisetramadiR/vendor/laravel/framework/src/Illuminate/Routing/Middleware/SubstituteBindings.php(50): Illuminate/Pipeline/Pipeline->{closure:{closure:Illuminate/Pipeline/Pipeline::carry():194}:195}(Object(Illuminate/Http/Request))
#16 C:/laragon/www/cadisetramadiR/vendor/laravel/framework/src/Illuminate/Pipeline/Pipeline.php(219): Illuminate/Routing/Middleware/SubstituteBindings->handle(Object(Illuminate/Http/Request), Object(Closure))
#17 C:/laragon/www/cadisetramadiR/vendor/laravel/framework/src/Illuminate/Auth/Middleware/Authenticate.php(63): Illuminate/Pipeline/Pipeline->{closure:{closure:Illuminate/Pipeline/Pipeline::carry():194}:195}(Object(Illuminate/Http/Request))
#18 C:/laragon/www/cadisetramadiR/vendor/laravel/framework/src/Illuminate/Pipeline/Pipeline.php(219): Illuminate/Auth/Middleware/Authenticate->handle(Object(Illuminate/Http/Request), Object(Closure))
#19 C:/laragon/www/cadisetramadiR/vendor/laravel/framework/src/Illuminate/Foundation/Http/Middleware/VerifyCsrfToken.php(87): Illuminate/Pipeline/Pipeline->{closure:{closure:Illuminate/Pipeline/Pipeline::carry():194}:195}(Object(Illuminate/Http/Request))
#20 C:/laragon/www/cadisetramadiR/vendor/laravel/framework/src/Illuminate/Pipeline/Pipeline.php(219): Illuminate/Foundation/Http/Middleware/VerifyCsrfToken->handle(Object(Illuminate/Http/Request), Object(Closure))
#21 C:/laragon/www/cadisetramadiR/vendor/laravel/framework/src/Illuminate/View/Middleware/ShareErrorsFromSession.php(48): Illuminate/Pipeline/Pipeline->{closure:{closure:Illuminate/Pipeline/Pipeline::carry():194}:195}(Object(Illuminate/Http/Request))
#22 C:/laragon/www/cadisetramadiR/vendor/laravel/framework/src/Illuminate/Pipeline/Pipeline.php(219): Illuminate/View/Middleware/ShareErrorsFromSession->handle(Object(Illuminate/Http/Request), Object(Closure))
#23 C:/laragon/www/cadisetramadiR/vendor/laravel/framework/src/Illuminate/Session/Middleware/StartSession.php(120): Illuminate/Pipeline/Pipeline->{closure:{closure:Illuminate/Pipeline/Pipeline::carry():194}:195}(Object(Illuminate/Http/Request))
#24 C:/laragon/www/cadisetramadiR/vendor/laravel/framework/src/Illuminate/Session/Middleware/StartSession.php(63): Illuminate/Session/Middleware/StartSession->handleStatefulRequest(Object(Illuminate/Http/Request), Object(Illuminate/Session/Store), Object(Closure))
#25 C:/laragon/www/cadisetramadiR/vendor/laravel/framework/src/Illuminate/Pipeline/Pipeline.php(219): Illuminate/Session/Middleware/StartSession->handle(Object(Illuminate/Http/Request), Object(Closure))
#26 C:/laragon/www/cadisetramadiR/vendor/laravel/framework/src/Illuminate/Cookie/Middleware/AddQueuedCookiesToResponse.php(36): Illuminate/Pipeline/Pipeline->{closure:{closure:Illuminate/Pipeline/Pipeline::carry():194}:195}(Object(Illuminate/Http/Request))
#27 C:/laragon/www/cadisetramadiR/vendor/laravel/framework/src/Illuminate/Pipeline/Pipeline.php(219): Illuminate/Cookie/Middleware/AddQueuedCookiesToResponse->handle(Object(Illuminate/Http/Request), Object(Closure))
#28 C:/laragon/www/cadisetramadiR/vendor/laravel/framework/src/Illuminate/Cookie/Middleware/EncryptCookies.php(74): Illuminate/Pipeline/Pipeline->{closure:{closure:Illuminate/Pipeline/Pipeline::carry():194}:195}(Object(Illuminate/Http/Request))
#29 C:/laragon/www/cadisetramadiR/vendor/laravel/framework/src/Illuminate/Pipeline/Pipeline.php(219): Illuminate/Cookie/Middleware/EncryptCookies->handle(Object(Illuminate/Http/Request), Object(Closure))
#30 C:/laragon/www/cadisetramadiR/vendor/laravel/framework/src/Illuminate/Pipeline/Pipeline.php(137): Illuminate/Pipeline/Pipeline->{closure:{closure:Illuminate/Pipeline/Pipeline::carry():194}:195}(Object(Illuminate/Http/Request))
#31 C:/laragon/www/cadisetramadiR/vendor/laravel/framework/src/Illuminate/Routing/Router.php(821): Illuminate/Pipeline/Pipeline->then(Object(Closure))
#32 C:/laragon/www/cadisetramadiR/vendor/laravel/framework/src/Illuminate/Routing/Router.php(800): Illuminate/Routing/Router->runRouteWithinStack(Object(Illuminate/Routing/Route), Object(Illuminate/Http/Request))
#33 C:/laragon/www/cadisetramadiR/vendor/laravel/framework/src/Illuminate/Routing/Router.php(764): Illuminate/Routing/Router->runRoute(Object(Illuminate/Http/Request), Object(Illuminate/Routing/Route))
#34 C:/laragon/www/cadisetramadiR/vendor/laravel/framework/src/Illuminate/Routing/Router.php(753): Illuminate/Routing/Router->dispatchToRoute(Object(Illuminate/Http/Request))
#35 C:/laragon/www/cadisetramadiR/vendor/laravel/framework/src/Illuminate/Foundation/Http/Kernel.php(200): Illuminate/Routing/Router->dispatch(Object(Illuminate/Http/Request))
#36 C:/laragon/www/cadisetramadiR/vendor/laravel/framework/src/Illuminate/Pipeline/Pipeline.php(180): Illuminate/Foundation/Http/Kernel->{closure:Illuminate/Foundation/Http/Kernel::dispatchToRouter():197}(Object(Illuminate/Http/Request))
#37 C:/laragon/www/cadisetramadiR/vendor/laravel/framework/src/Illuminate/Foundation/Http/Middleware/TransformsRequest.php(21): Illuminate/Pipeline/Pipeline->{closure:Illuminate/Pipeline/Pipeline::prepareDestination():178}(Object(Illuminate/Http/Request))
#38 C:/laragon/www/cadisetramadiR/vendor/laravel/framework/src/Illuminate/Foundation/Http/Middleware/ConvertEmptyStringsToNull.php(31): Illuminate/Foundation/Http/Middleware/TransformsRequest->handle(Object(Illuminate/Http/Request), Object(Closure))
#39 C:/laragon/www/cadisetramadiR/vendor/laravel/framework/src/Illuminate/Pipeline/Pipeline.php(219): Illuminate/Foundation/Http/Middleware/ConvertEmptyStringsToNull->handle(Object(Illuminate/Http/Request), Object(Closure))
#40 C:/laragon/www/cadisetramadiR/vendor/laravel/framework/src/Illuminate/Foundation/Http/Middleware/TransformsRequest.php(21): Illuminate/Pipeline/Pipeline->{closure:{closure:Illuminate/Pipeline/Pipeline::carry():194}:195}(Object(Illuminate/Http/Request))
#41 C:/laragon/www/cadisetramadiR/vendor/laravel/framework/src/Illuminate/Foundation/Http/Middleware/TrimStrings.php(51): Illuminate/Foundation/Http/Middleware/TransformsRequest->handle(Object(Illuminate/Http/Request), Object(Closure))
#42 C:/laragon/www/cadisetramadiR/vendor/laravel/framework/src/Illuminate/Pipeline/Pipeline.php(219): Illuminate/Foundation/Http/Middleware/TrimStrings->handle(Object(Illuminate/Http/Request), Object(Closure))
#43 C:/laragon/www/cadisetramadiR/vendor/laravel/framework/src/Illuminate/Http/Middleware/ValidatePostSize.php(27): Illuminate/Pipeline/Pipeline->{closure:{closure:Illuminate/Pipeline/Pipeline::carry():194}:195}(Object(Illuminate/Http/Request))
#44 C:/laragon/www/cadisetramadiR/vendor/laravel/framework/src/Illuminate/Pipeline/Pipeline.php(219): Illuminate/Http/Middleware/ValidatePostSize->handle(Object(Illuminate/Http/Request), Object(Closure))
#45 C:/laragon/www/cadisetramadiR/vendor/laravel/framework/src/Illuminate/Foundation/Http/Middleware/PreventRequestsDuringMaintenance.php(109): Illuminate/Pipeline/Pipeline->{closure:{closure:Illuminate/Pipeline/Pipeline::carry():194}:195}(Object(Illuminate/Http/Request))
#46 C:/laragon/www/cadisetramadiR/vendor/laravel/framework/src/Illuminate/Pipeline/Pipeline.php(219): Illuminate/Foundation/Http/Middleware/PreventRequestsDuringMaintenance->handle(Object(Illuminate/Http/Request), Object(Closure))
#47 C:/laragon/www/cadisetramadiR/vendor/laravel/framework/src/Illuminate/Http/Middleware/HandleCors.php(61): Illuminate/Pipeline/Pipeline->{closure:{closure:Illuminate/Pipeline/Pipeline::carry():194}:195}(Object(Illuminate/Http/Request))
#48 C:/laragon/www/cadisetramadiR/vendor/laravel/framework/src/Illuminate/Pipeline/Pipeline.php(219): Illuminate/Http/Middleware/HandleCors->handle(Object(Illuminate/Http/Request), Object(Closure))
#49 C:/laragon/www/cadisetramadiR/vendor/laravel/framework/src/Illuminate/Http/Middleware/TrustProxies.php(58): Illuminate/Pipeline/Pipeline->{closure:{closure:Illuminate/Pipeline/Pipeline::carry():194}:195}(Object(Illuminate/Http/Request))
#50 C:/laragon/www/cadisetramadiR/vendor/laravel/framework/src/Illuminate/Pipeline/Pipeline.php(219): Illuminate/Http/Middleware/TrustProxies->handle(Object(Illuminate/Http/Request), Object(Closure))
#51 C:/laragon/www/cadisetramadiR/vendor/laravel/framework/src/Illuminate/Foundation/Http/Middleware/InvokeDeferredCallbacks.php(22): Illuminate/Pipeline/Pipeline->{closure:{closure:Illuminate/Pipeline/Pipeline::carry():194}:195}(Object(Illuminate/Http/Request))
#52 C:/laragon/www/cadisetramadiR/vendor/laravel/framework/src/Illuminate/Pipeline/Pipeline.php(219): Illuminate/Foundation/Http/Middleware/InvokeDeferredCallbacks->handle(Object(Illuminate/Http/Request), Object(Closure))
#53 C:/laragon/www/cadisetramadiR/vendor/laravel/framework/src/Illuminate/Http/Middleware/ValidatePathEncoding.php(26): Illuminate/Pipeline/Pipeline->{closure:{closure:Illuminate/Pipeline/Pipeline::carry():194}:195}(Object(Illuminate/Http/Request))
#54 C:/laragon/www/cadisetramadiR/vendor/laravel/framework/src/Illuminate/Pipeline/Pipeline.php(219): Illuminate/Http/Middleware/ValidatePathEncoding->handle(Object(Illuminate/Http/Request), Object(Closure))
#55 C:/laragon/www/cadisetramadiR/vendor/laravel/framework/src/Illuminate/Pipeline/Pipeline.php(137): Illuminate/Pipeline/Pipeline->{closure:{closure:Illuminate/Pipeline/Pipeline::carry():194}:195}(Object(Illuminate/Http/Request))
#56 C:/laragon/www/cadisetramadiR/vendor/laravel/framework/src/Illuminate/Foundation/Http/Kernel.php(175): Illuminate/Pipeline/Pipeline->then(Object(Closure))
#57 C:/laragon/www/cadisetramadiR/vendor/laravel/framework/src/Illuminate/Foundation/Http/Kernel.php(144): Illuminate/Foundation/Http/Kernel->sendRequestThroughRouter(Object(Illuminate/Http/Request))
#58 C:/laragon/www/cadisetramadiR/vendor/laravel/framework/src/Illuminate/Foundation/Application.php(1220): Illuminate/Foundation/Http/Kernel->handle(Object(Illuminate/Http/Request))
#59 C:/laragon/www/cadisetramadiR/public/index.php(20): Illuminate/Foundation/Application->handleRequest(Object(Illuminate/Http/Request))
#60 C:/laragon/www/cadisetramadiR/vendor/laravel/framework/src/Illuminate/Foundation/resources/server.php(23): require_once('C://laragon//www//...')
#61 {main}

[previous exception] [object] (Illuminate\\Contracts\\Container\\BindingResolutionException(code: 0): Target class [App\\Models\\ItemPenjualanPolicy] does not exist. at C:/laragon/www/cadisetramadiR/vendor/laravel/framework/src/Illuminate/Container/Container.php:1124)
[stacktrace]
#0 C:/laragon/www/cadisetramadiR/vendor/laravel/framework/src/Illuminate/Container/Container.php(933): Illuminate/Container/Container->build('App//Models//Item...')
#1 C:/laragon/www/cadisetramadiR/vendor/laravel/framework/src/Illuminate/Foundation/Application.php(1078): Illuminate/Container/Container->resolve('App//Models//Item...', Array, true)
#2 C:/laragon/www/cadisetramadiR/vendor/laravel/framework/src/Illuminate/Container/Container.php(864): Illuminate/Foundation/Application->resolve('App//Models//Item...', Array)
#3 C:/laragon/www/cadisetramadiR/vendor/laravel/framework/src/Illuminate/Foundation/Application.php(1058): Illuminate/Container/Container->make('App//Models//Item...', Array)
#4 C:/laragon/www/cadisetramadiR/vendor/laravel/framework/src/Illuminate/Auth/Access/Gate.php(762): Illuminate/Foundation/Application->make('App//Models//Item...')
#5 C:/laragon/www/cadisetramadiR/vendor/laravel/framework/src/Illuminate/Auth/Access/Gate.php(670): Illuminate/Auth/Access/Gate->resolvePolicy('App//Models//Item...')
#6 C:/laragon/www/cadisetramadiR/vendor/laravel/framework/src/Illuminate/Auth/Access/Gate.php(630): Illuminate/Auth/Access/Gate->getPolicyFor('App//Models//Item...')
#7 C:/laragon/www/cadisetramadiR/vendor/laravel/framework/src/Illuminate/Auth/Access/Gate.php(551): Illuminate/Auth/Access/Gate->resolveAuthCallback(Object(App/Models/User), 'delete', Array)
#8 C:/laragon/www/cadisetramadiR/vendor/laravel/framework/src/Illuminate/Auth/Access/Gate.php(448): Illuminate/Auth/Access/Gate->callAuthCallback(Object(App/Models/User), 'delete', Array)
#9 C:/laragon/www/cadisetramadiR/vendor/laravel/framework/src/Illuminate/Auth/Access/Gate.php(411): Illuminate/Auth/Access/Gate->raw('delete', Array)
#10 C:/laragon/www/cadisetramadiR/vendor/laravel/framework/src/Illuminate/Auth/Access/Gate.php(359): Illuminate/Auth/Access/Gate->inspect('delete', Object(App/Models/ItemPenjualan))
#11 C:/laragon/www/cadisetramadiR/vendor/laravel/framework/src/Illuminate/Collections/Traits/EnumeratesValues.php(312): Illuminate/Auth/Access/Gate->{closure:Illuminate/Auth/Access/Gate::check():359}('delete', 0)
#12 C:/laragon/www/cadisetramadiR/vendor/laravel/framework/src/Illuminate/Auth/Access/Gate.php(358): Illuminate/Support/Collection->every(Object(Closure))
#13 C:/laragon/www/cadisetramadiR/storage/framework/views/039c11e4e4c6c654390eec4b963587e8.php(318): Illuminate/Auth/Access/Gate->check('delete', Object(App/Models/ItemPenjualan))
#14 C:/laragon/www/cadisetramadiR/vendor/laravel/framework/src/Illuminate/Filesystem/Filesystem.php(123): require('C://laragon//www//...')
#15 C:/laragon/www/cadisetramadiR/vendor/laravel/framework/src/Illuminate/Filesystem/Filesystem.php(124): Illuminate/Filesystem/Filesystem::{closure:Illuminate/Filesystem/Filesystem::getRequire():120}()
#16 C:/laragon/www/cadisetramadiR/vendor/laravel/framework/src/Illuminate/View/Engines/PhpEngine.php(57): Illuminate/Filesystem/Filesystem->getRequire('C://laragon//www//...', Array)
#17 C:/laragon/www/cadisetramadiR/vendor/laravel/framework/src/Illuminate/View/Engines/CompilerEngine.php(76): Illuminate/View/Engines/PhpEngine->evaluatePath('C://laragon//www//...', Array)
#18 C:/laragon/www/cadisetramadiR/vendor/laravel/framework/src/Illuminate/View/View.php(208): Illuminate/View/Engines/CompilerEngine->get('C://laragon//www//...', Array)
#19 C:/laragon/www/cadisetramadiR/vendor/laravel/framework/src/Illuminate/View/View.php(191): Illuminate/View/View->getContents()
#20 C:/laragon/www/cadisetramadiR/vendor/laravel/framework/src/Illuminate/View/View.php(160): Illuminate/View/View->renderContents()
#21 C:/laragon/www/cadisetramadiR/vendor/laravel/framework/src/Illuminate/Http/Response.php(78): Illuminate/View/View->render()
#22 C:/laragon/www/cadisetramadiR/vendor/laravel/framework/src/Illuminate/Http/Response.php(34): Illuminate/Http/Response->setContent(Object(Illuminate/View/View))
#23 C:/laragon/www/cadisetramadiR/vendor/laravel/framework/src/Illuminate/Routing/Router.php(939): Illuminate/Http/Response->__construct(Object(Illuminate/View/View), 200, Array)
#24 C:/laragon/www/cadisetramadiR/vendor/laravel/framework/src/Illuminate/Routing/Router.php(906): Illuminate/Routing/Router::toResponse(Object(Illuminate/Http/Request), Object(Illuminate/View/View))
#25 C:/laragon/www/cadisetramadiR/vendor/laravel/framework/src/Illuminate/Routing/Router.php(821): Illuminate/Routing/Router->prepareResponse(Object(Illuminate/Http/Request), Object(Illuminate/View/View))
#26 C:/laragon/www/cadisetramadiR/vendor/laravel/framework/src/Illuminate/Pipeline/Pipeline.php(180): Illuminate/Routing/Router->{closure:Illuminate/Routing/Router::runRouteWithinStack():821}(Object(Illuminate/Http/Request))
#27 C:/laragon/www/cadisetramadiR/app/Http/Middleware/RoleMiddleware.php(29): Illuminate/Pipeline/Pipeline->{closure:Illuminate/Pipeline/Pipeline::prepareDestination():178}(Object(Illuminate/Http/Request))
#28 C:/laragon/www/cadisetramadiR/vendor/laravel/framework/src/Illuminate/Pipeline/Pipeline.php(219): App/Http/Middleware/RoleMiddleware->handle(Object(Illuminate/Http/Request), Object(Closure), 'admin', 'kasir')
#29 C:/laragon/www/cadisetramadiR/app/Http/Middleware/SetLanguage.php(38): Illuminate/Pipeline/Pipeline->{closure:{closure:Illuminate/Pipeline/Pipeline::carry():194}:195}(Object(Illuminate/Http/Request))
#30 C:/laragon/www/cadisetramadiR/vendor/laravel/framework/src/Illuminate/Pipeline/Pipeline.php(219): App/Http/Middleware/SetLanguage->handle(Object(Illuminate/Http/Request), Object(Closure))
#31 C:/laragon/www/cadisetramadiR/vendor/laravel/framework/src/Illuminate/Routing/Middleware/SubstituteBindings.php(50): Illuminate/Pipeline/Pipeline->{closure:{closure:Illuminate/Pipeline/Pipeline::carry():194}:195}(Object(Illuminate/Http/Request))
#32 C:/laragon/www/cadisetramadiR/vendor/laravel/framework/src/Illuminate/Pipeline/Pipeline.php(219): Illuminate/Routing/Middleware/SubstituteBindings->handle(Object(Illuminate/Http/Request), Object(Closure))
#33 C:/laragon/www/cadisetramadiR/vendor/laravel/framework/src/Illuminate/Auth/Middleware/Authenticate.php(63): Illuminate/Pipeline/Pipeline->{closure:{closure:Illuminate/Pipeline/Pipeline::carry():194}:195}(Object(Illuminate/Http/Request))
#34 C:/laragon/www/cadisetramadiR/vendor/laravel/framework/src/Illuminate/Pipeline/Pipeline.php(219): Illuminate/Auth/Middleware/Authenticate->handle(Object(Illuminate/Http/Request), Object(Closure))
#35 C:/laragon/www/cadisetramadiR/vendor/laravel/framework/src/Illuminate/Foundation/Http/Middleware/VerifyCsrfToken.php(87): Illuminate/Pipeline/Pipeline->{closure:{closure:Illuminate/Pipeline/Pipeline::carry():194}:195}(Object(Illuminate/Http/Request))
#36 C:/laragon/www/cadisetramadiR/vendor/laravel/framework/src/Illuminate/Pipeline/Pipeline.php(219): Illuminate/Foundation/Http/Middleware/VerifyCsrfToken->handle(Object(Illuminate/Http/Request), Object(Closure))
#37 C:/laragon/www/cadisetramadiR/vendor/laravel/framework/src/Illuminate/View/Middleware/ShareErrorsFromSession.php(48): Illuminate/Pipeline/Pipeline->{closure:{closure:Illuminate/Pipeline/Pipeline::carry():194}:195}(Object(Illuminate/Http/Request))
#38 C:/laragon/www/cadisetramadiR/vendor/laravel/framework/src/Illuminate/Pipeline/Pipeline.php(219): Illuminate/View/Middleware/ShareErrorsFromSession->handle(Object(Illuminate/Http/Request), Object(Closure))
#39 C:/laragon/www/cadisetramadiR/vendor/laravel/framework/src/Illuminate/Session/Middleware/StartSession.php(120): Illuminate/Pipeline/Pipeline->{closure:{closure:Illuminate/Pipeline/Pipeline::carry():194}:195}(Object(Illuminate/Http/Request))
#40 C:/laragon/www/cadisetramadiR/vendor/laravel/framework/src/Illuminate/Session/Middleware/StartSession.php(63): Illuminate/Session/Middleware/StartSession->handleStatefulRequest(Object(Illuminate/Http/Request), Object(Illuminate/Session/Store), Object(Closure))
#41 C:/laragon/www/cadisetramadiR/vendor/laravel/framework/src/Illuminate/Pipeline/Pipeline.php(219): Illuminate/Session/Middleware/StartSession->handle(Object(Illuminate/Http/Request), Object(Closure))
#42 C:/laragon/www/cadisetramadiR/vendor/laravel/framework/src/Illuminate/Cookie/Middleware/AddQueuedCookiesToResponse.php(36): Illuminate/Pipeline/Pipeline->{closure:{closure:Illuminate/Pipeline/Pipeline::carry():194}:195}(Object(Illuminate/Http/Request))
#43 C:/laragon/www/cadisetramadiR/vendor/laravel/framework/src/Illuminate/Pipeline/Pipeline.php(219): Illuminate/Cookie/Middleware/AddQueuedCookiesToResponse->handle(Object(Illuminate/Http/Request), Object(Closure))
#44 C:/laragon/www/cadisetramadiR/vendor/laravel/framework/src/Illuminate/Cookie/Middleware/EncryptCookies.php(74): Illuminate/Pipeline/Pipeline->{closure:{closure:Illuminate/Pipeline/Pipeline::carry():194}:195}(Object(Illuminate/Http/Request))
#45 C:/laragon/www/cadisetramadiR/vendor/laravel/framework/src/Illuminate/Pipeline/Pipeline.php(219): Illuminate/Cookie/Middleware/EncryptCookies->handle(Object(Illuminate/Http/Request), Object(Closure))
#46 C:/laragon/www/cadisetramadiR/vendor/laravel/framework/src/Illuminate/Pipeline/Pipeline.php(137): Illuminate/Pipeline/Pipeline->{closure:{closure:Illuminate/Pipeline/Pipeline::carry():194}:195}(Object(Illuminate/Http/Request))
#47 C:/laragon/www/cadisetramadiR/vendor/laravel/framework/src/Illuminate/Routing/Router.php(821): Illuminate/Pipeline/Pipeline->then(Object(Closure))
#48 C:/laragon/www/cadisetramadiR/vendor/laravel/framework/src/Illuminate/Routing/Router.php(800): Illuminate/Routing/Router->runRouteWithinStack(Object(Illuminate/Routing/Route), Object(Illuminate/Http/Request))
#49 C:/laragon/www/cadisetramadiR/vendor/laravel/framework/src/Illuminate/Routing/Router.php(764): Illuminate/Routing/Router->runRoute(Object(Illuminate/Http/Request), Object(Illuminate/Routing/Route))
#50 C:/laragon/www/cadisetramadiR/vendor/laravel/framework/src/Illuminate/Routing/Router.php(753): Illuminate/Routing/Router->dispatchToRoute(Object(Illuminate/Http/Request))
#51 C:/laragon/www/cadisetramadiR/vendor/laravel/framework/src/Illuminate/Foundation/Http/Kernel.php(200): Illuminate/Routing/Router->dispatch(Object(Illuminate/Http/Request))
#52 C:/laragon/www/cadisetramadiR/vendor/laravel/framework/src/Illuminate/Pipeline/Pipeline.php(180): Illuminate/Foundation/Http/Kernel->{closure:Illuminate/Foundation/Http/Kernel::dispatchToRouter():197}(Object(Illuminate/Http/Request))
#53 C:/laragon/www/cadisetramadiR/vendor/laravel/framework/src/Illuminate/Foundation/Http/Middleware/TransformsRequest.php(21): Illuminate/Pipeline/Pipeline->{closure:Illuminate/Pipeline/Pipeline::prepareDestination():178}(Object(Illuminate/Http/Request))
#54 C:/laragon/www/cadisetramadiR/vendor/laravel/framework/src/Illuminate/Foundation/Http/Middleware/ConvertEmptyStringsToNull.php(31): Illuminate/Foundation/Http/Middleware/TransformsRequest->handle(Object(Illuminate/Http/Request), Object(Closure))
#55 C:/laragon/www/cadisetramadiR/vendor/laravel/framework/src/Illuminate/Pipeline/Pipeline.php(219): Illuminate/Foundation/Http/Middleware/ConvertEmptyStringsToNull->handle(Object(Illuminate/Http/Request), Object(Closure))
#56 C:/laragon/www/cadisetramadiR/vendor/laravel/framework/src/Illuminate/Foundation/Http/Middleware/TransformsRequest.php(21): Illuminate/Pipeline/Pipeline->{closure:{closure:Illuminate/Pipeline/Pipeline::carry():194}:195}(Object(Illuminate/Http/Request))
#57 C:/laragon/www/cadisetramadiR/vendor/laravel/framework/src/Illuminate/Foundation/Http/Middleware/TrimStrings.php(51): Illuminate/Foundation/Http/Middleware/TransformsRequest->handle(Object(Illuminate/Http/Request), Object(Closure))
#58 C:/laragon/www/cadisetramadiR/vendor/laravel/framework/src/Illuminate/Pipeline/Pipeline.php(219): Illuminate/Foundation/Http/Middleware/TrimStrings->handle(Object(Illuminate/Http/Request), Object(Closure))
#59 C:/laragon/www/cadisetramadiR/vendor/laravel/framework/src/Illuminate/Http/Middleware/ValidatePostSize.php(27): Illuminate/Pipeline/Pipeline->{closure:{closure:Illuminate/Pipeline/Pipeline::carry():194}:195}(Object(Illuminate/Http/Request))
#60 C:/laragon/www/cadisetramadiR/vendor/laravel/framework/src/Illuminate/Pipeline/Pipeline.php(219): Illuminate/Http/Middleware/ValidatePostSize->handle(Object(Illuminate/Http/Request), Object(Closure))
#61 C:/laragon/www/cadisetramadiR/vendor/laravel/framework/src/Illuminate/Foundation/Http/Middleware/PreventRequestsDuringMaintenance.php(109): Illuminate/Pipeline/Pipeline->{closure:{closure:Illuminate/Pipeline/Pipeline::carry():194}:195}(Object(Illuminate/Http/Request))
#62 C:/laragon/www/cadisetramadiR/vendor/laravel/framework/src/Illuminate/Pipeline/Pipeline.php(219): Illuminate/Foundation/Http/Middleware/PreventRequestsDuringMaintenance->handle(Object(Illuminate/Http/Request), Object(Closure))
#63 C:/laragon/www/cadisetramadiR/vendor/laravel/framework/src/Illuminate/Http/Middleware/HandleCors.php(61): Illuminate/Pipeline/Pipeline->{closure:{closure:Illuminate/Pipeline/Pipeline::carry():194}:195}(Object(Illuminate/Http/Request))
#64 C:/laragon/www/cadisetramadiR/vendor/laravel/framework/src/Illuminate/Pipeline/Pipeline.php(219): Illuminate/Http/Middleware/HandleCors->handle(Object(Illuminate/Http/Request), Object(Closure))
#65 C:/laragon/www/cadisetramadiR/vendor/laravel/framework/src/Illuminate/Http/Middleware/TrustProxies.php(58): Illuminate/Pipeline/Pipeline->{closure:{closure:Illuminate/Pipeline/Pipeline::carry():194}:195}(Object(Illuminate/Http/Request))
#66 C:/laragon/www/cadisetramadiR/vendor/laravel/framework/src/Illuminate/Pipeline/Pipeline.php(219): Illuminate/Http/Middleware/TrustProxies->handle(Object(Illuminate/Http/Request), Object(Closure))
#67 C:/laragon/www/cadisetramadiR/vendor/laravel/framework/src/Illuminate/Foundation/Http/Middleware/InvokeDeferredCallbacks.php(22): Illuminate/Pipeline/Pipeline->{closure:{closure:Illuminate/Pipeline/Pipeline::carry():194}:195}(Object(Illuminate/Http/Request))
#68 C:/laragon/www/cadisetramadiR/vendor/laravel/framework/src/Illuminate/Pipeline/Pipeline.php(219): Illuminate/Foundation/Http/Middleware/InvokeDeferredCallbacks->handle(Object(Illuminate/Http/Request), Object(Closure))
#69 C:/laragon/www/cadisetramadiR/vendor/laravel/framework/src/Illuminate/Http/Middleware/ValidatePathEncoding.php(26): Illuminate/Pipeline/Pipeline->{closure:{closure:Illuminate/Pipeline/Pipeline::carry():194}:195}(Object(Illuminate/Http/Request))
#70 C:/laragon/www/cadisetramadiR/vendor/laravel/framework/src/Illuminate/Pipeline/Pipeline.php(219): Illuminate/Http/Middleware/ValidatePathEncoding->handle(Object(Illuminate/Http/Request), Object(Closure))
#71 C:/laragon/www/cadisetramadiR/vendor/laravel/framework/src/Illuminate/Pipeline/Pipeline.php(137): Illuminate/Pipeline/Pipeline->{closure:{closure:Illuminate/Pipeline/Pipeline::carry():194}:195}(Object(Illuminate/Http/Request))
#72 C:/laragon/www/cadisetramadiR/vendor/laravel/framework/src/Illuminate/Foundation/Http/Kernel.php(175): Illuminate/Pipeline/Pipeline->then(Object(Closure))
#73 C:/laragon/www/cadisetramadiR/vendor/laravel/framework/src/Illuminate/Foundation/Http/Kernel.php(144): Illuminate/Foundation/Http/Kernel->sendRequestThroughRouter(Object(Illuminate/Http/Request))
#74 C:/laragon/www/cadisetramadiR/vendor/laravel/framework/src/Illuminate/Foundation/Application.php(1220): Illuminate/Foundation/Http/Kernel->handle(Object(Illuminate/Http/Request))
#75 C:/laragon/www/cadisetramadiR/public/index.php(20): Illuminate/Foundation/Application->handleRequest(Object(Illuminate/Http/Request))
#76 C:/laragon/www/cadisetramadiR/vendor/laravel/framework/src/Illuminate/Foundation/resources/server.php(23): require_once('C://laragon//www//...')
#77 {main}

[previous exception] [object] (ReflectionException(code: -1): Class \"App\\Models\\ItemPenjualanPolicy\" does not exist at C:/laragon/www/cadisetramadiR/vendor/laravel/framework/src/Illuminate/Container/Container.php:1122)
[stacktrace]
#0 C:/laragon/www/cadisetramadiR/vendor/laravel/framework/src/Illuminate/Container/Container.php(1122): ReflectionClass->__construct('App//Models//Item...')
#1 C:/laragon/www/cadisetramadiR/vendor/laravel/framework/src/Illuminate/Container/Container.php(933): Illuminate/Container/Container->build('App//Models//Item...')
#2 C:/laragon/www/cadisetramadiR/vendor/laravel/framework/src/Illuminate/Foundation/Application.php(1078): Illuminate/Container/Container->resolve('App//Models//Item...', Array, true)
#3 C:/laragon/www/cadisetramadiR/vendor/laravel/framework/src/Illuminate/Container/Container.php(864): Illuminate/Foundation/Application->resolve('App//Models//Item...', Array)
#4 C:/laragon/www/cadisetramadiR/vendor/laravel/framework/src/Illuminate/Foundation/Application.php(1058): Illuminate/Container/Container->make('App//Models//Item...', Array)
#5 C:/laragon/www/cadisetramadiR/vendor/laravel/framework/src/Illuminate/Auth/Access/Gate.php(762): Illuminate/Foundation/Application->make('App//Models//Item...')
#6 C:/laragon/www/cadisetramadiR/vendor/laravel/framework/src/Illuminate/Auth/Access/Gate.php(670): Illuminate/Auth/Access/Gate->resolvePolicy('App//Models//Item...')
#7 C:/laragon/www/cadisetramadiR/vendor/laravel/framework/src/Illuminate/Auth/Access/Gate.php(630): Illuminate/Auth/Access/Gate->getPolicyFor('App//Models//Item...')
#8 C:/laragon/www/cadisetramadiR/vendor/laravel/framework/src/Illuminate/Auth/Access/Gate.php(551): Illuminate/Auth/Access/Gate->resolveAuthCallback(Object(App/Models/User), 'delete', Array)
#9 C:/laragon/www/cadisetramadiR/vendor/laravel/framework/src/Illuminate/Auth/Access/Gate.php(448): Illuminate/Auth/Access/Gate->callAuthCallback(Object(App/Models/User), 'delete', Array)
#10 C:/laragon/www/cadisetramadiR/vendor/laravel/framework/src/Illuminate/Auth/Access/Gate.php(411): Illuminate/Auth/Access/Gate->raw('delete', Array)
#11 C:/laragon/www/cadisetramadiR/vendor/laravel/framework/src/Illuminate/Auth/Access/Gate.php(359): Illuminate/Auth/Access/Gate->inspect('delete', Object(App/Models/ItemPenjualan))
#12 C:/laragon/www/cadisetramadiR/vendor/laravel/framework/src/Illuminate/Collections/Traits/EnumeratesValues.php(312): Illuminate/Auth/Access/Gate->{closure:Illuminate/Auth/Access/Gate::check():359}('delete', 0)
#13 C:/laragon/www/cadisetramadiR/vendor/laravel/framework/src/Illuminate/Auth/Access/Gate.php(358): Illuminate/Support/Collection->every(Object(Closure))
#14 C:/laragon/www/cadisetramadiR/storage/framework/views/039c11e4e4c6c654390eec4b963587e8.php(318): Illuminate/Auth/Access/Gate->check('delete', Object(App/Models/ItemPenjualan))
#15 C:/laragon/www/cadisetramadiR/vendor/laravel/framework/src/Illuminate/Filesystem/Filesystem.php(123): require('C://laragon//www//...')
#16 C:/laragon/www/cadisetramadiR/vendor/laravel/framework/src/Illuminate/Filesystem/Filesystem.php(124): Illuminate/Filesystem/Filesystem::{closure:Illuminate/Filesystem/Filesystem::getRequire():120}()
#17 C:/laragon/www/cadisetramadiR/vendor/laravel/framework/src/Illuminate/View/Engines/PhpEngine.php(57): Illuminate/Filesystem/Filesystem->getRequire('C://laragon//www//...', Array)
#18 C:/laragon/www/cadisetramadiR/vendor/laravel/framework/src/Illuminate/View/Engines/CompilerEngine.php(76): Illuminate/View/Engines/PhpEngine->evaluatePath('C://laragon//www//...', Array)
#19 C:/laragon/www/cadisetramadiR/vendor/laravel/framework/src/Illuminate/View/View.php(208): Illuminate/View/Engines/CompilerEngine->get('C://laragon//www//...', Array)
#20 C:/laragon/www/cadisetramadiR/vendor/laravel/framework/src/Illuminate/View/View.php(191): Illuminate/View/View->getContents()
#21 C:/laragon/www/cadisetramadiR/vendor/laravel/framework/src/Illuminate/View/View.php(160): Illuminate/View/View->renderContents()
#22 C:/laragon/www/cadisetramadiR/vendor/laravel/framework/src/Illuminate/Http/Response.php(78): Illuminate/View/View->render()
#23 C:/laragon/www/cadisetramadiR/vendor/laravel/framework/src/Illuminate/Http/Response.php(34): Illuminate/Http/Response->setContent(Object(Illuminate/View/View))
#24 C:/laragon/www/cadisetramadiR/vendor/laravel/framework/src/Illuminate/Routing/Router.php(939): Illuminate/Http/Response->__construct(Object(Illuminate/View/View), 200, Array)
#25 C:/laragon/www/cadisetramadiR/vendor/laravel/framework/src/Illuminate/Routing/Router.php(906): Illuminate/Routing/Router::toResponse(Object(Illuminate/Http/Request), Object(Illuminate/View/View))
#26 C:/laragon/www/cadisetramadiR/vendor/laravel/framework/src/Illuminate/Routing/Router.php(821): Illuminate/Routing/Router->prepareResponse(Object(Illuminate/Http/Request), Object(Illuminate/View/View))
#27 C:/laragon/www/cadisetramadiR/vendor/laravel/framework/src/Illuminate/Pipeline/Pipeline.php(180): Illuminate/Routing/Router->{closure:Illuminate/Routing/Router::runRouteWithinStack():821}(Object(Illuminate/Http/Request))
#28 C:/laragon/www/cadisetramadiR/app/Http/Middleware/RoleMiddleware.php(29): Illuminate/Pipeline/Pipeline->{closure:Illuminate/Pipeline/Pipeline::prepareDestination():178}(Object(Illuminate/Http/Request))
#29 C:/laragon/www/cadisetramadiR/vendor/laravel/framework/src/Illuminate/Pipeline/Pipeline.php(219): App/Http/Middleware/RoleMiddleware->handle(Object(Illuminate/Http/Request), Object(Closure), 'admin', 'kasir')
#30 C:/laragon/www/cadisetramadiR/app/Http/Middleware/SetLanguage.php(38): Illuminate/Pipeline/Pipeline->{closure:{closure:Illuminate/Pipeline/Pipeline::carry():194}:195}(Object(Illuminate/Http/Request))
#31 C:/laragon/www/cadisetramadiR/vendor/laravel/framework/src/Illuminate/Pipeline/Pipeline.php(219): App/Http/Middleware/SetLanguage->handle(Object(Illuminate/Http/Request), Object(Closure))
#32 C:/laragon/www/cadisetramadiR/vendor/laravel/framework/src/Illuminate/Routing/Middleware/SubstituteBindings.php(50): Illuminate/Pipeline/Pipeline->{closure:{closure:Illuminate/Pipeline/Pipeline::carry():194}:195}(Object(Illuminate/Http/Request))
#33 C:/laragon/www/cadisetramadiR/vendor/laravel/framework/src/Illuminate/Pipeline/Pipeline.php(219): Illuminate/Routing/Middleware/SubstituteBindings->handle(Object(Illuminate/Http/Request), Object(Closure))
#34 C:/laragon/www/cadisetramadiR/vendor/laravel/framework/src/Illuminate/Auth/Middleware/Authenticate.php(63): Illuminate/Pipeline/Pipeline->{closure:{closure:Illuminate/Pipeline/Pipeline::carry():194}:195}(Object(Illuminate/Http/Request))
#35 C:/laragon/www/cadisetramadiR/vendor/laravel/framework/src/Illuminate/Pipeline/Pipeline.php(219): Illuminate/Auth/Middleware/Authenticate->handle(Object(Illuminate/Http/Request), Object(Closure))
#36 C:/laragon/www/cadisetramadiR/vendor/laravel/framework/src/Illuminate/Foundation/Http/Middleware/VerifyCsrfToken.php(87): Illuminate/Pipeline/Pipeline->{closure:{closure:Illuminate/Pipeline/Pipeline::carry():194}:195}(Object(Illuminate/Http/Request))
#37 C:/laragon/www/cadisetramadiR/vendor/laravel/framework/src/Illuminate/Pipeline/Pipeline.php(219): Illuminate/Foundation/Http/Middleware/VerifyCsrfToken->handle(Object(Illuminate/Http/Request), Object(Closure))
#38 C:/laragon/www/cadisetramadiR/vendor/laravel/framework/src/Illuminate/View/Middleware/ShareErrorsFromSession.php(48): Illuminate/Pipeline/Pipeline->{closure:{closure:Illuminate/Pipeline/Pipeline::carry():194}:195}(Object(Illuminate/Http/Request))
#39 C:/laragon/www/cadisetramadiR/vendor/laravel/framework/src/Illuminate/Pipeline/Pipeline.php(219): Illuminate/View/Middleware/ShareErrorsFromSession->handle(Object(Illuminate/Http/Request), Object(Closure))
#40 C:/laragon/www/cadisetramadiR/vendor/laravel/framework/src/Illuminate/Session/Middleware/StartSession.php(120): Illuminate/Pipeline/Pipeline->{closure:{closure:Illuminate/Pipeline/Pipeline::carry():194}:195}(Object(Illuminate/Http/Request))
#41 C:/laragon/www/cadisetramadiR/vendor/laravel/framework/src/Illuminate/Session/Middleware/StartSession.php(63): Illuminate/Session/Middleware/StartSession->handleStatefulRequest(Object(Illuminate/Http/Request), Object(Illuminate/Session/Store), Object(Closure))
#42 C:/laragon/www/cadisetramadiR/vendor/laravel/framework/src/Illuminate/Pipeline/Pipeline.php(219): Illuminate/Session/Middleware/StartSession->handle(Object(Illuminate/Http/Request), Object(Closure))
#43 C:/laragon/www/cadisetramadiR/vendor/laravel/framework/src/Illuminate/Cookie/Middleware/AddQueuedCookiesToResponse.php(36): Illuminate/Pipeline/Pipeline->{closure:{closure:Illuminate/Pipeline/Pipeline::carry():194}:195}(Object(Illuminate/Http/Request))
#44 C:/laragon/www/cadisetramadiR/vendor/laravel/framework/src/Illuminate/Pipeline/Pipeline.php(219): Illuminate/Cookie/Middleware/AddQueuedCookiesToResponse->handle(Object(Illuminate/Http/Request), Object(Closure))
#45 C:/laragon/www/cadisetramadiR/vendor/laravel/framework/src/Illuminate/Cookie/Middleware/EncryptCookies.php(74): Illuminate/Pipeline/Pipeline->{closure:{closure:Illuminate/Pipeline/Pipeline::carry():194}:195}(Object(Illuminate/Http/Request))
#46 C:/laragon/www/cadisetramadiR/vendor/laravel/framework/src/Illuminate/Pipeline/Pipeline.php(219): Illuminate/Cookie/Middleware/EncryptCookies->handle(Object(Illuminate/Http/Request), Object(Closure))
#47 C:/laragon/www/cadisetramadiR/vendor/laravel/framework/src/Illuminate/Pipeline/Pipeline.php(137): Illuminate/Pipeline/Pipeline->{closure:{closure:Illuminate/Pipeline/Pipeline::carry():194}:195}(Object(Illuminate/Http/Request))
#48 C:/laragon/www/cadisetramadiR/vendor/laravel/framework/src/Illuminate/Routing/Router.php(821): Illuminate/Pipeline/Pipeline->then(Object(Closure))
#49 C:/laragon/www/cadisetramadiR/vendor/laravel/framework/src/Illuminate/Routing/Router.php(800): Illuminate/Routing/Router->runRouteWithinStack(Object(Illuminate/Routing/Route), Object(Illuminate/Http/Request))
#50 C:/laragon/www/cadisetramadiR/vendor/laravel/framework/src/Illuminate/Routing/Router.php(764): Illuminate/Routing/Router->runRoute(Object(Illuminate/Http/Request), Object(Illuminate/Routing/Route))
#51 C:/laragon/www/cadisetramadiR/vendor/laravel/framework/src/Illuminate/Routing/Router.php(753): Illuminate/Routing/Router->dispatchToRoute(Object(Illuminate/Http/Request))
#52 C:/laragon/www/cadisetramadiR/vendor/laravel/framework/src/Illuminate/Foundation/Http/Kernel.php(200): Illuminate/Routing/Router->dispatch(Object(Illuminate/Http/Request))
#53 C:/laragon/www/cadisetramadiR/vendor/laravel/framework/src/Illuminate/Pipeline/Pipeline.php(180): Illuminate/Foundation/Http/Kernel->{closure:Illuminate/Foundation/Http/Kernel::dispatchToRouter():197}(Object(Illuminate/Http/Request))
#54 C:/laragon/www/cadisetramadiR/vendor/laravel/framework/src/Illuminate/Foundation/Http/Middleware/TransformsRequest.php(21): Illuminate/Pipeline/Pipeline->{closure:Illuminate/Pipeline/Pipeline::prepareDestination():178}(Object(Illuminate/Http/Request))
#55 C:/laragon/www/cadisetramadiR/vendor/laravel/framework/src/Illuminate/Foundation/Http/Middleware/ConvertEmptyStringsToNull.php(31): Illuminate/Foundation/Http/Middleware/TransformsRequest->handle(Object(Illuminate/Http/Request), Object(Closure))
#56 C:/laragon/www/cadisetramadiR/vendor/laravel/framework/src/Illuminate/Pipeline/Pipeline.php(219): Illuminate/Foundation/Http/Middleware/ConvertEmptyStringsToNull->handle(Object(Illuminate/Http/Request), Object(Closure))
#57 C:/laragon/www/cadisetramadiR/vendor/laravel/framework/src/Illuminate/Foundation/Http/Middleware/TransformsRequest.php(21): Illuminate/Pipeline/Pipeline->{closure:{closure:Illuminate/Pipeline/Pipeline::carry():194}:195}(Object(Illuminate/Http/Request))
#58 C:/laragon/www/cadisetramadiR/vendor/laravel/framework/src/Illuminate/Foundation/Http/Middleware/TrimStrings.php(51): Illuminate/Foundation/Http/Middleware/TransformsRequest->handle(Object(Illuminate/Http/Request), Object(Closure))
#59 C:/laragon/www/cadisetramadiR/vendor/laravel/framework/src/Illuminate/Pipeline/Pipeline.php(219): Illuminate/Foundation/Http/Middleware/TrimStrings->handle(Object(Illuminate/Http/Request), Object(Closure))
#60 C:/laragon/www/cadisetramadiR/vendor/laravel/framework/src/Illuminate/Http/Middleware/ValidatePostSize.php(27): Illuminate/Pipeline/Pipeline->{closure:{closure:Illuminate/Pipeline/Pipeline::carry():194}:195}(Object(Illuminate/Http/Request))
#61 C:/laragon/www/cadisetramadiR/vendor/laravel/framework/src/Illuminate/Pipeline/Pipeline.php(219): Illuminate/Http/Middleware/ValidatePostSize->handle(Object(Illuminate/Http/Request), Object(Closure))
#62 C:/laragon/www/cadisetramadiR/vendor/laravel/framework/src/Illuminate/Foundation/Http/Middleware/PreventRequestsDuringMaintenance.php(109): Illuminate/Pipeline/Pipeline->{closure:{closure:Illuminate/Pipeline/Pipeline::carry():194}:195}(Object(Illuminate/Http/Request))
#63 C:/laragon/www/cadisetramadiR/vendor/laravel/framework/src/Illuminate/Pipeline/Pipeline.php(219): Illuminate/Foundation/Http/Middleware/PreventRequestsDuringMaintenance->handle(Object(Illuminate/Http/Request), Object(Closure))
#64 C:/laragon/www/cadisetramadiR/vendor/laravel/framework/src/Illuminate/Http/Middleware/HandleCors.php(61): Illuminate/Pipeline/Pipeline->{closure:{closure:Illuminate/Pipeline/Pipeline::carry():194}:195}(Object(Illuminate/Http/Request))
#65 C:/laragon/www/cadisetramadiR/vendor/laravel/framework/src/Illuminate/Pipeline/Pipeline.php(219): Illuminate/Http/Middleware/HandleCors->handle(Object(Illuminate/Http/Request), Object(Closure))
#66 C:/laragon/www/cadisetramadiR/vendor/laravel/framework/src/Illuminate/Http/Middleware/TrustProxies.php(58): Illuminate/Pipeline/Pipeline->{closure:{closure:Illuminate/Pipeline/Pipeline::carry():194}:195}(Object(Illuminate/Http/Request))
#67 C:/laragon/www/cadisetramadiR/vendor/laravel/framework/src/Illuminate/Pipeline/Pipeline.php(219): Illuminate/Http/Middleware/TrustProxies->handle(Object(Illuminate/Http/Request), Object(Closure))
#68 C:/laragon/www/cadisetramadiR/vendor/laravel/framework/src/Illuminate/Foundation/Http/Middleware/InvokeDeferredCallbacks.php(22): Illuminate/Pipeline/Pipeline->{closure:{closure:Illuminate/Pipeline/Pipeline::carry():194}:195}(Object(Illuminate/Http/Request))
#69 C:/laragon/www/cadisetramadiR/vendor/laravel/framework/src/Illuminate/Pipeline/Pipeline.php(219): Illuminate/Foundation/Http/Middleware/InvokeDeferredCallbacks->handle(Object(Illuminate/Http/Request), Object(Closure))
#70 C:/laragon/www/cadisetramadiR/vendor/laravel/framework/src/Illuminate/Http/Middleware/ValidatePathEncoding.php(26): Illuminate/Pipeline/Pipeline->{closure:{closure:Illuminate/Pipeline/Pipeline::carry():194}:195}(Object(Illuminate/Http/Request))
#71 C:/laragon/www/cadisetramadiR/vendor/laravel/framework/src/Illuminate/Pipeline/Pipeline.php(219): Illuminate/Http/Middleware/ValidatePathEncoding->handle(Object(Illuminate/Http/Request), Object(Closure))
#72 C:/laragon/www/cadisetramadiR/vendor/laravel/framework/src/Illuminate/Pipeline/Pipeline.php(137): Illuminate/Pipeline/Pipeline->{closure:{closure:Illuminate/Pipeline/Pipeline::carry():194}:195}(Object(Illuminate/Http/Request))
#73 C:/laragon/www/cadisetramadiR/vendor/laravel/framework/src/Illuminate/Foundation/Http/Kernel.php(175): Illuminate/Pipeline/Pipeline->then(Object(Closure))
#74 C:/laragon/www/cadisetramadiR/vendor/laravel/framework/src/Illuminate/Foundation/Http/Kernel.php(144): Illuminate/Foundation/Http/Kernel->sendRequestThroughRouter(Object(Illuminate/Http/Request))
#75 C:/laragon/www/cadisetramadiR/vendor/laravel/framework/src/Illuminate/Foundation/Application.php(1220): Illuminate/Foundation/Http/Kernel->handle(Object(Illuminate/Http/Request))
#76 C:/laragon/www/cadisetramadiR/public/index.php(20): Illuminate/Foundation/Application->handleRequest(Object(Illuminate/Http/Request))
#77 C:/laragon/www/cadisetramadiR/vendor/laravel/framework/src/Illuminate/Foundation/resources/server.php(23): require_once('C://laragon//www//...')
#78 {main}
"} 
[2026-08-19 06:46:32] local.ERROR: Uncaught ReflectionException: Class "App\Models\ItemPenjualanPolicy" does not exist in Command line code:1
Stack trace:
#0 Command line code(1): ReflectionClass->__construct('App\\Models\\Item...')
#1 [internal function]: {closure:Command line code:1}('App\\Models\\Item...', 'App\\Models\\Item...')
#2 Command line code(1): array_map(Object(Closure), Array, Array)
#3 {main}
  thrown {"exception":"[object] (Symfony\\Component\\ErrorHandler\\Error\\FatalError(code: 0): Uncaught ReflectionException: Class \"App\\Models\\ItemPenjualanPolicy\" does not exist in Command line code:1
Stack trace:
#0 Command line code(1): ReflectionClass->__construct('App\\\\Models\\\\Item...')
#1 [internal function]: {closure:Command line code:1}('App\\\\Models\\\\Item...', 'App\\\\Models\\\\Item...')
#2 Command line code(1): array_map(Object(Closure), Array, Array)
#3 {main}
  thrown at Command line code:1)
[stacktrace]
#0 {main}
"} 
[2026-08-19 06:46:37] local.ERROR: Target class [App\Models\ItemPenjualanPolicy] does not exist. (View: C:\laragon\www\cadisetramadiR\resources\views\penjualan\pos.blade.php) {"userId":4,"exception":"[object] (Illuminate\\View\\ViewException(code: 0): Target class [App\\Models\\ItemPenjualanPolicy] does not exist. (View: C:\\laragon\\www\\cadisetramadiR\\resources\\views\\penjualan\\pos.blade.php) at C:/laragon/www/cadisetramadiR/vendor/laravel/framework/src/Illuminate/Container/Container.php:1124)
[stacktrace]
#0 C:/laragon/www/cadisetramadiR/vendor/laravel/framework/src/Illuminate/View/Engines/PhpEngine.php(59): Illuminate/View/Engines/CompilerEngine->handleViewException(Object(Illuminate/Contracts/Container/BindingResolutionException), 1)
#1 C:/laragon/www/cadisetramadiR/vendor/laravel/framework/src/Illuminate/View/Engines/CompilerEngine.php(76): Illuminate/View/Engines/PhpEngine->evaluatePath('C://laragon//www//...', Array)
#2 C:/laragon/www/cadisetramadiR/vendor/laravel/framework/src/Illuminate/View/View.php(208): Illuminate/View/Engines/CompilerEngine->get('C://laragon//www//...', Array)
#3 C:/laragon/www/cadisetramadiR/vendor/laravel/framework/src/Illuminate/View/View.php(191): Illuminate/View/View->getContents()
#4 C:/laragon/www/cadisetramadiR/vendor/laravel/framework/src/Illuminate/View/View.php(160): Illuminate/View/View->renderContents()
#5 C:/laragon/www/cadisetramadiR/vendor/laravel/framework/src/Illuminate/Http/Response.php(78): Illuminate/View/View->render()
#6 C:/laragon/www/cadisetramadiR/vendor/laravel/framework/src/Illuminate/Http/Response.php(34): Illuminate/Http/Response->setContent(Object(Illuminate/View/View))
#7 C:/laragon/www/cadisetramadiR/vendor/laravel/framework/src/Illuminate/Routing/Router.php(939): Illuminate/Http/Response->__construct(Object(Illuminate/View/View), 200, Array)
#8 C:/laragon/www/cadisetramadiR/vendor/laravel/framework/src/Illuminate/Routing/Router.php(906): Illuminate/Routing/Router::toResponse(Object(Illuminate/Http/Request), Object(Illuminate/View/View))
#9 C:/laragon/www/cadisetramadiR/vendor/laravel/framework/src/Illuminate/Routing/Router.php(821): Illuminate/Routing/Router->prepareResponse(Object(Illuminate/Http/Request), Object(Illuminate/View/View))
#10 C:/laragon/www/cadisetramadiR/vendor/laravel/framework/src/Illuminate/Pipeline/Pipeline.php(180): Illuminate/Routing/Router->{closure:Illuminate/Routing/Router::runRouteWithinStack():821}(Object(Illuminate/Http/Request))
#11 C:/laragon/www/cadisetramadiR/app/Http/Middleware/RoleMiddleware.php(29): Illuminate/Pipeline/Pipeline->{closure:Illuminate/Pipeline/Pipeline::prepareDestination():178}(Object(Illuminate/Http/Request))
#12 C:/laragon/www/cadisetramadiR/vendor/laravel/framework/src/Illuminate/Pipeline/Pipeline.php(219): App/Http/Middleware/RoleMiddleware->handle(Object(Illuminate/Http/Request), Object(Closure), 'admin', 'kasir')
#13 C:/laragon/www/cadisetramadiR/app/Http/Middleware/SetLanguage.php(38): Illuminate/Pipeline/Pipeline->{closure:{closure:Illuminate/Pipeline/Pipeline::carry():194}:195}(Object(Illuminate/Http/Request))
#14 C:/laragon/www/cadisetramadiR/vendor/laravel/framework/src/Illuminate/Pipeline/Pipeline.php(219): App/Http/Middleware/SetLanguage->handle(Object(Illuminate/Http/Request), Object(Closure))
#15 C:/laragon/www/cadisetramadiR/vendor/laravel/framework/src/Illuminate/Routing/Middleware/SubstituteBindings.php(50): Illuminate/Pipeline/Pipeline->{closure:{closure:Illuminate/Pipeline/Pipeline::carry():194}:195}(Object(Illuminate/Http/Request))
#16 C:/laragon/www/cadisetramadiR/vendor/laravel/framework/src/Illuminate/Pipeline/Pipeline.php(219): Illuminate/Routing/Middleware/SubstituteBindings->handle(Object(Illuminate/Http/Request), Object(Closure))
#17 C:/laragon/www/cadisetramadiR/vendor/laravel/framework/src/Illuminate/Auth/Middleware/Authenticate.php(63): Illuminate/Pipeline/Pipeline->{closure:{closure:Illuminate/Pipeline/Pipeline::carry():194}:195}(Object(Illuminate/Http/Request))
#18 C:/laragon/www/cadisetramadiR/vendor/laravel/framework/src/Illuminate/Pipeline/Pipeline.php(219): Illuminate/Auth/Middleware/Authenticate->handle(Object(Illuminate/Http/Request), Object(Closure))
#19 C:/laragon/www/cadisetramadiR/vendor/laravel/framework/src/Illuminate/Foundation/Http/Middleware/VerifyCsrfToken.php(87): Illuminate/Pipeline/Pipeline->{closure:{closure:Illuminate/Pipeline/Pipeline::carry():194}:195}(Object(Illuminate/Http/Request))
#20 C:/laragon/www/cadisetramadiR/vendor/laravel/framework/src/Illuminate/Pipeline/Pipeline.php(219): Illuminate/Foundation/Http/Middleware/VerifyCsrfToken->handle(Object(Illuminate/Http/Request), Object(Closure))
#21 C:/laragon/www/cadisetramadiR/vendor/laravel/framework/src/Illuminate/View/Middleware/ShareErrorsFromSession.php(48): Illuminate/Pipeline/Pipeline->{closure:{closure:Illuminate/Pipeline/Pipeline::carry():194}:195}(Object(Illuminate/Http/Request))
#22 C:/laragon/www/cadisetramadiR/vendor/laravel/framework/src/Illuminate/Pipeline/Pipeline.php(219): Illuminate/View/Middleware/ShareErrorsFromSession->handle(Object(Illuminate/Http/Request), Object(Closure))
#23 C:/laragon/www/cadisetramadiR/vendor/laravel/framework/src/Illuminate/Session/Middleware/StartSession.php(120): Illuminate/Pipeline/Pipeline->{closure:{closure:Illuminate/Pipeline/Pipeline::carry():194}:195}(Object(Illuminate/Http/Request))
#24 C:/laragon/www/cadisetramadiR/vendor/laravel/framework/src/Illuminate/Session/Middleware/StartSession.php(63): Illuminate/Session/Middleware/StartSession->handleStatefulRequest(Object(Illuminate/Http/Request), Object(Illuminate/Session/Store), Object(Closure))
#25 C:/laragon/www/cadisetramadiR/vendor/laravel/framework/src/Illuminate/Pipeline/Pipeline.php(219): Illuminate/Session/Middleware/StartSession->handle(Object(Illuminate/Http/Request), Object(Closure))
#26 C:/laragon/www/cadisetramadiR/vendor/laravel/framework/src/Illuminate/Cookie/Middleware/AddQueuedCookiesToResponse.php(36): Illuminate/Pipeline/Pipeline->{closure:{closure:Illuminate/Pipeline/Pipeline::carry():194}:195}(Object(Illuminate/Http/Request))
#27 C:/laragon/www/cadisetramadiR/vendor/laravel/framework/src/Illuminate/Pipeline/Pipeline.php(219): Illuminate/Cookie/Middleware/AddQueuedCookiesToResponse->handle(Object(Illuminate/Http/Request), Object(Closure))
#28 C:/laragon/www/cadisetramadiR/vendor/laravel/framework/src/Illuminate/Cookie/Middleware/EncryptCookies.php(74): Illuminate/Pipeline/Pipeline->{closure:{closure:Illuminate/Pipeline/Pipeline::carry():194}:195}(Object(Illuminate/Http/Request))
#29 C:/laragon/www/cadisetramadiR/vendor/laravel/framework/src/Illuminate/Pipeline/Pipeline.php(219): Illuminate/Cookie/Middleware/EncryptCookies->handle(Object(Illuminate/Http/Request), Object(Closure))
#30 C:/laragon/www/cadisetramadiR/vendor/laravel/framework/src/Illuminate/Pipeline/Pipeline.php(137): Illuminate/Pipeline/Pipeline->{closure:{closure:Illuminate/Pipeline/Pipeline::carry():194}:195}(Object(Illuminate/Http/Request))
#31 C:/laragon/www/cadisetramadiR/vendor/laravel/framework/src/Illuminate/Routing/Router.php(821): Illuminate/Pipeline/Pipeline->then(Object(Closure))
#32 C:/laragon/www/cadisetramadiR/vendor/laravel/framework/src/Illuminate/Routing/Router.php(800): Illuminate/Routing/Router->runRouteWithinStack(Object(Illuminate/Routing/Route), Object(Illuminate/Http/Request))
#33 C:/laragon/www/cadisetramadiR/vendor/laravel/framework/src/Illuminate/Routing/Router.php(764): Illuminate/Routing/Router->runRoute(Object(Illuminate/Http/Request), Object(Illuminate/Routing/Route))
#34 C:/laragon/www/cadisetramadiR/vendor/laravel/framework/src/Illuminate/Routing/Router.php(753): Illuminate/Routing/Router->dispatchToRoute(Object(Illuminate/Http/Request))
#35 C:/laragon/www/cadisetramadiR/vendor/laravel/framework/src/Illuminate/Foundation/Http/Kernel.php(200): Illuminate/Routing/Router->dispatch(Object(Illuminate/Http/Request))
#36 C:/laragon/www/cadisetramadiR/vendor/laravel/framework/src/Illuminate/Pipeline/Pipeline.php(180): Illuminate/Foundation/Http/Kernel->{closure:Illuminate/Foundation/Http/Kernel::dispatchToRouter():197}(Object(Illuminate/Http/Request))
#37 C:/laragon/www/cadisetramadiR/vendor/laravel/framework/src/Illuminate/Foundation/Http/Middleware/TransformsRequest.php(21): Illuminate/Pipeline/Pipeline->{closure:Illuminate/Pipeline/Pipeline::prepareDestination():178}(Object(Illuminate/Http/Request))
#38 C:/laragon/www/cadisetramadiR/vendor/laravel/framework/src/Illuminate/Foundation/Http/Middleware/ConvertEmptyStringsToNull.php(31): Illuminate/Foundation/Http/Middleware/TransformsRequest->handle(Object(Illuminate/Http/Request), Object(Closure))
#39 C:/laragon/www/cadisetramadiR/vendor/laravel/framework/src/Illuminate/Pipeline/Pipeline.php(219): Illuminate/Foundation/Http/Middleware/ConvertEmptyStringsToNull->handle(Object(Illuminate/Http/Request), Object(Closure))
#40 C:/laragon/www/cadisetramadiR/vendor/laravel/framework/src/Illuminate/Foundation/Http/Middleware/TransformsRequest.php(21): Illuminate/Pipeline/Pipeline->{closure:{closure:Illuminate/Pipeline/Pipeline::carry():194}:195}(Object(Illuminate/Http/Request))
#41 C:/laragon/www/cadisetramadiR/vendor/laravel/framework/src/Illuminate/Foundation/Http/Middleware/TrimStrings.php(51): Illuminate/Foundation/Http/Middleware/TransformsRequest->handle(Object(Illuminate/Http/Request), Object(Closure))
#42 C:/laragon/www/cadisetramadiR/vendor/laravel/framework/src/Illuminate/Pipeline/Pipeline.php(219): Illuminate/Foundation/Http/Middleware/TrimStrings->handle(Object(Illuminate/Http/Request), Object(Closure))
#43 C:/laragon/www/cadisetramadiR/vendor/laravel/framework/src/Illuminate/Http/Middleware/ValidatePostSize.php(27): Illuminate/Pipeline/Pipeline->{closure:{closure:Illuminate/Pipeline/Pipeline::carry():194}:195}(Object(Illuminate/Http/Request))
#44 C:/laragon/www/cadisetramadiR/vendor/laravel/framework/src/Illuminate/Pipeline/Pipeline.php(219): Illuminate/Http/Middleware/ValidatePostSize->handle(Object(Illuminate/Http/Request), Object(Closure))
#45 C:/laragon/www/cadisetramadiR/vendor/laravel/framework/src/Illuminate/Foundation/Http/Middleware/PreventRequestsDuringMaintenance.php(109): Illuminate/Pipeline/Pipeline->{closure:{closure:Illuminate/Pipeline/Pipeline::carry():194}:195}(Object(Illuminate/Http/Request))
#46 C:/laragon/www/cadisetramadiR/vendor/laravel/framework/src/Illuminate/Pipeline/Pipeline.php(219): Illuminate/Foundation/Http/Middleware/PreventRequestsDuringMaintenance->handle(Object(Illuminate/Http/Request), Object(Closure))
#47 C:/laragon/www/cadisetramadiR/vendor/laravel/framework/src/Illuminate/Http/Middleware/HandleCors.php(61): Illuminate/Pipeline/Pipeline->{closure:{closure:Illuminate/Pipeline/Pipeline::carry():194}:195}(Object(Illuminate/Http/Request))
#48 C:/laragon/www/cadisetramadiR/vendor/laravel/framework/src/Illuminate/Pipeline/Pipeline.php(219): Illuminate/Http/Middleware/HandleCors->handle(Object(Illuminate/Http/Request), Object(Closure))
#49 C:/laragon/www/cadisetramadiR/vendor/laravel/framework/src/Illuminate/Http/Middleware/TrustProxies.php(58): Illuminate/Pipeline/Pipeline->{closure:{closure:Illuminate/Pipeline/Pipeline::carry():194}:195}(Object(Illuminate/Http/Request))
#50 C:/laragon/www/cadisetramadiR/vendor/laravel/framework/src/Illuminate/Pipeline/Pipeline.php(219): Illuminate/Http/Middleware/TrustProxies->handle(Object(Illuminate/Http/Request), Object(Closure))
#51 C:/laragon/www/cadisetramadiR/vendor/laravel/framework/src/Illuminate/Foundation/Http/Middleware/InvokeDeferredCallbacks.php(22): Illuminate/Pipeline/Pipeline->{closure:{closure:Illuminate/Pipeline/Pipeline::carry():194}:195}(Object(Illuminate/Http/Request))
#52 C:/laragon/www/cadisetramadiR/vendor/laravel/framework/src/Illuminate/Pipeline/Pipeline.php(219): Illuminate/Foundation/Http/Middleware/InvokeDeferredCallbacks->handle(Object(Illuminate/Http/Request), Object(Closure))
#53 C:/laragon/www/cadisetramadiR/vendor/laravel/framework/src/Illuminate/Http/Middleware/ValidatePathEncoding.php(26): Illuminate/Pipeline/Pipeline->{closure:{closure:Illuminate/Pipeline/Pipeline::carry():194}:195}(Object(Illuminate/Http/Request))
#54 C:/laragon/www/cadisetramadiR/vendor/laravel/framework/src/Illuminate/Pipeline/Pipeline.php(219): Illuminate/Http/Middleware/ValidatePathEncoding->handle(Object(Illuminate/Http/Request), Object(Closure))
#55 C:/laragon/www/cadisetramadiR/vendor/laravel/framework/src/Illuminate/Pipeline/Pipeline.php(137): Illuminate/Pipeline/Pipeline->{closure:{closure:Illuminate/Pipeline/Pipeline::carry():194}:195}(Object(Illuminate/Http/Request))
#56 C:/laragon/www/cadisetramadiR/vendor/laravel/framework/src/Illuminate/Foundation/Http/Kernel.php(175): Illuminate/Pipeline/Pipeline->then(Object(Closure))
#57 C:/laragon/www/cadisetramadiR/vendor/laravel/framework/src/Illuminate/Foundation/Http/Kernel.php(144): Illuminate/Foundation/Http/Kernel->sendRequestThroughRouter(Object(Illuminate/Http/Request))
#58 C:/laragon/www/cadisetramadiR/vendor/laravel/framework/src/Illuminate/Foundation/Application.php(1220): Illuminate/Foundation/Http/Kernel->handle(Object(Illuminate/Http/Request))
#59 C:/laragon/www/cadisetramadiR/public/index.php(20): Illuminate/Foundation/Application->handleRequest(Object(Illuminate/Http/Request))
#60 C:/laragon/www/cadisetramadiR/vendor/laravel/framework/src/Illuminate/Foundation/resources/server.php(23): require_once('C://laragon//www//...')
#61 {main}

[previous exception] [object] (Illuminate\\Contracts\\Container\\BindingResolutionException(code: 0): Target class [App\\Models\\ItemPenjualanPolicy] does not exist. at C:/laragon/www/cadisetramadiR/vendor/laravel/framework/src/Illuminate/Container/Container.php:1124)
[stacktrace]
#0 C:/laragon/www/cadisetramadiR/vendor/laravel/framework/src/Illuminate/Container/Container.php(933): Illuminate/Container/Container->build('App//Models//Item...')
#1 C:/laragon/www/cadisetramadiR/vendor/laravel/framework/src/Illuminate/Foundation/Application.php(1078): Illuminate/Container/Container->resolve('App//Models//Item...', Array, true)
#2 C:/laragon/www/cadisetramadiR/vendor/laravel/framework/src/Illuminate/Container/Container.php(864): Illuminate/Foundation/Application->resolve('App//Models//Item...', Array)
#3 C:/laragon/www/cadisetramadiR/vendor/laravel/framework/src/Illuminate/Foundation/Application.php(1058): Illuminate/Container/Container->make('App//Models//Item...', Array)
#4 C:/laragon/www/cadisetramadiR/vendor/laravel/framework/src/Illuminate/Auth/Access/Gate.php(762): Illuminate/Foundation/Application->make('App//Models//Item...')
#5 C:/laragon/www/cadisetramadiR/vendor/laravel/framework/src/Illuminate/Auth/Access/Gate.php(670): Illuminate/Auth/Access/Gate->resolvePolicy('App//Models//Item...')
#6 C:/laragon/www/cadisetramadiR/vendor/laravel/framework/src/Illuminate/Auth/Access/Gate.php(630): Illuminate/Auth/Access/Gate->getPolicyFor('App//Models//Item...')
#7 C:/laragon/www/cadisetramadiR/vendor/laravel/framework/src/Illuminate/Auth/Access/Gate.php(551): Illuminate/Auth/Access/Gate->resolveAuthCallback(Object(App/Models/User), 'delete', Array)
#8 C:/laragon/www/cadisetramadiR/vendor/laravel/framework/src/Illuminate/Auth/Access/Gate.php(448): Illuminate/Auth/Access/Gate->callAuthCallback(Object(App/Models/User), 'delete', Array)
#9 C:/laragon/www/cadisetramadiR/vendor/laravel/framework/src/Illuminate/Auth/Access/Gate.php(411): Illuminate/Auth/Access/Gate->raw('delete', Array)
#10 C:/laragon/www/cadisetramadiR/vendor/laravel/framework/src/Illuminate/Auth/Access/Gate.php(359): Illuminate/Auth/Access/Gate->inspect('delete', Object(App/Models/ItemPenjualan))
#11 C:/laragon/www/cadisetramadiR/vendor/laravel/framework/src/Illuminate/Collections/Traits/EnumeratesValues.php(312): Illuminate/Auth/Access/Gate->{closure:Illuminate/Auth/Access/Gate::check():359}('delete', 0)
#12 C:/laragon/www/cadisetramadiR/vendor/laravel/framework/src/Illuminate/Auth/Access/Gate.php(358): Illuminate/Support/Collection->every(Object(Closure))
#13 C:/laragon/www/cadisetramadiR/storage/framework/views/039c11e4e4c6c654390eec4b963587e8.php(318): Illuminate/Auth/Access/Gate->check('delete', Object(App/Models/ItemPenjualan))
#14 C:/laragon/www/cadisetramadiR/vendor/laravel/framework/src/Illuminate/Filesystem/Filesystem.php(123): require('C://laragon//www//...')
#15 C:/laragon/www/cadisetramadiR/vendor/laravel/framework/src/Illuminate/Filesystem/Filesystem.php(124): Illuminate/Filesystem/Filesystem::{closure:Illuminate/Filesystem/Filesystem::getRequire():120}()
#16 C:/laragon/www/cadisetramadiR/vendor/laravel/framework/src/Illuminate/View/Engines/PhpEngine.php(57): Illuminate/Filesystem/Filesystem->getRequire('C://laragon//www//...', Array)
#17 C:/laragon/www/cadisetramadiR/vendor/laravel/framework/src/Illuminate/View/Engines/CompilerEngine.php(76): Illuminate/View/Engines/PhpEngine->evaluatePath('C://laragon//www//...', Array)
#18 C:/laragon/www/cadisetramadiR/vendor/laravel/framework/src/Illuminate/View/View.php(208): Illuminate/View/Engines/CompilerEngine->get('C://laragon//www//...', Array)
#19 C:/laragon/www/cadisetramadiR/vendor/laravel/framework/src/Illuminate/View/View.php(191): Illuminate/View/View->getContents()
#20 C:/laragon/www/cadisetramadiR/vendor/laravel/framework/src/Illuminate/View/View.php(160): Illuminate/View/View->renderContents()
#21 C:/laragon/www/cadisetramadiR/vendor/laravel/framework/src/Illuminate/Http/Response.php(78): Illuminate/View/View->render()
#22 C:/laragon/www/cadisetramadiR/vendor/laravel/framework/src/Illuminate/Http/Response.php(34): Illuminate/Http/Response->setContent(Object(Illuminate/View/View))
#23 C:/laragon/www/cadisetramadiR/vendor/laravel/framework/src/Illuminate/Routing/Router.php(939): Illuminate/Http/Response->__construct(Object(Illuminate/View/View), 200, Array)
#24 C:/laragon/www/cadisetramadiR/vendor/laravel/framework/src/Illuminate/Routing/Router.php(906): Illuminate/Routing/Router::toResponse(Object(Illuminate/Http/Request), Object(Illuminate/View/View))
#25 C:/laragon/www/cadisetramadiR/vendor/laravel/framework/src/Illuminate/Routing/Router.php(821): Illuminate/Routing/Router->prepareResponse(Object(Illuminate/Http/Request), Object(Illuminate/View/View))
#26 C:/laragon/www/cadisetramadiR/vendor/laravel/framework/src/Illuminate/Pipeline/Pipeline.php(180): Illuminate/Routing/Router->{closure:Illuminate/Routing/Router::runRouteWithinStack():821}(Object(Illuminate/Http/Request))
#27 C:/laragon/www/cadisetramadiR/app/Http/Middleware/RoleMiddleware.php(29): Illuminate/Pipeline/Pipeline->{closure:Illuminate/Pipeline/Pipeline::prepareDestination():178}(Object(Illuminate/Http/Request))
#28 C:/laragon/www/cadisetramadiR/vendor/laravel/framework/src/Illuminate/Pipeline/Pipeline.php(219): App/Http/Middleware/RoleMiddleware->handle(Object(Illuminate/Http/Request), Object(Closure), 'admin', 'kasir')
#29 C:/laragon/www/cadisetramadiR/app/Http/Middleware/SetLanguage.php(38): Illuminate/Pipeline/Pipeline->{closure:{closure:Illuminate/Pipeline/Pipeline::carry():194}:195}(Object(Illuminate/Http/Request))
#30 C:/laragon/www/cadisetramadiR/vendor/laravel/framework/src/Illuminate/Pipeline/Pipeline.php(219): App/Http/Middleware/SetLanguage->handle(Object(Illuminate/Http/Request), Object(Closure))
#31 C:/laragon/www/cadisetramadiR/vendor/laravel/framework/src/Illuminate/Routing/Middleware/SubstituteBindings.php(50): Illuminate/Pipeline/Pipeline->{closure:{closure:Illuminate/Pipeline/Pipeline::carry():194}:195}(Object(Illuminate/Http/Request))
#32 C:/laragon/www/cadisetramadiR/vendor/laravel/framework/src/Illuminate/Pipeline/Pipeline.php(219): Illuminate/Routing/Middleware/SubstituteBindings->handle(Object(Illuminate/Http/Request), Object(Closure))
#33 C:/laragon/www/cadisetramadiR/vendor/laravel/framework/src/Illuminate/Auth/Middleware/Authenticate.php(63): Illuminate/Pipeline/Pipeline->{closure:{closure:Illuminate/Pipeline/Pipeline::carry():194}:195}(Object(Illuminate/Http/Request))
#34 C:/laragon/www/cadisetramadiR/vendor/laravel/framework/src/Illuminate/Pipeline/Pipeline.php(219): Illuminate/Auth/Middleware/Authenticate->handle(Object(Illuminate/Http/Request), Object(Closure))
#35 C:/laragon/www/cadisetramadiR/vendor/laravel/framework/src/Illuminate/Foundation/Http/Middleware/VerifyCsrfToken.php(87): Illuminate/Pipeline/Pipeline->{closure:{closure:Illuminate/Pipeline/Pipeline::carry():194}:195}(Object(Illuminate/Http/Request))
#36 C:/laragon/www/cadisetramadiR/vendor/laravel/framework/src/Illuminate/Pipeline/Pipeline.php(219): Illuminate/Foundation/Http/Middleware/VerifyCsrfToken->handle(Object(Illuminate/Http/Request), Object(Closure))
#37 C:/laragon/www/cadisetramadiR/vendor/laravel/framework/src/Illuminate/View/Middleware/ShareErrorsFromSession.php(48): Illuminate/Pipeline/Pipeline->{closure:{closure:Illuminate/Pipeline/Pipeline::carry():194}:195}(Object(Illuminate/Http/Request))
#38 C:/laragon/www/cadisetramadiR/vendor/laravel/framework/src/Illuminate/Pipeline/Pipeline.php(219): Illuminate/View/Middleware/ShareErrorsFromSession->handle(Object(Illuminate/Http/Request), Object(Closure))
#39 C:/laragon/www/cadisetramadiR/vendor/laravel/framework/src/Illuminate/Session/Middleware/StartSession.php(120): Illuminate/Pipeline/Pipeline->{closure:{closure:Illuminate/Pipeline/Pipeline::carry():194}:195}(Object(Illuminate/Http/Request))
#40 C:/laragon/www/cadisetramadiR/vendor/laravel/framework/src/Illuminate/Session/Middleware/StartSession.php(63): Illuminate/Session/Middleware/StartSession->handleStatefulRequest(Object(Illuminate/Http/Request), Object(Illuminate/Session/Store), Object(Closure))
#41 C:/laragon/www/cadisetramadiR/vendor/laravel/framework/src/Illuminate/Pipeline/Pipeline.php(219): Illuminate/Session/Middleware/StartSession->handle(Object(Illuminate/Http/Request), Object(Closure))
#42 C:/laragon/www/cadisetramadiR/vendor/laravel/framework/src/Illuminate/Cookie/Middleware/AddQueuedCookiesToResponse.php(36): Illuminate/Pipeline/Pipeline->{closure:{closure:Illuminate/Pipeline/Pipeline::carry():194}:195}(Object(Illuminate/Http/Request))
#43 C:/laragon/www/cadisetramadiR/vendor/laravel/framework/src/Illuminate/Pipeline/Pipeline.php(219): Illuminate/Cookie/Middleware/AddQueuedCookiesToResponse->handle(Object(Illuminate/Http/Request), Object(Closure))
#44 C:/laragon/www/cadisetramadiR/vendor/laravel/framework/src/Illuminate/Cookie/Middleware/EncryptCookies.php(74): Illuminate/Pipeline/Pipeline->{closure:{closure:Illuminate/Pipeline/Pipeline::carry():194}:195}(Object(Illuminate/Http/Request))
#45 C:/laragon/www/cadisetramadiR/vendor/laravel/framework/src/Illuminate/Pipeline/Pipeline.php(219): Illuminate/Cookie/Middleware/EncryptCookies->handle(Object(Illuminate/Http/Request), Object(Closure))
#46 C:/laragon/www/cadisetramadiR/vendor/laravel/framework/src/Illuminate/Pipeline/Pipeline.php(137): Illuminate/Pipeline/Pipeline->{closure:{closure:Illuminate/Pipeline/Pipeline::carry():194}:195}(Object(Illuminate/Http/Request))
#47 C:/laragon/www/cadisetramadiR/vendor/laravel/framework/src/Illuminate/Routing/Router.php(821): Illuminate/Pipeline/Pipeline->then(Object(Closure))
#48 C:/laragon/www/cadisetramadiR/vendor/laravel/framework/src/Illuminate/Routing/Router.php(800): Illuminate/Routing/Router->runRouteWithinStack(Object(Illuminate/Routing/Route), Object(Illuminate/Http/Request))
#49 C:/laragon/www/cadisetramadiR/vendor/laravel/framework/src/Illuminate/Routing/Router.php(764): Illuminate/Routing/Router->runRoute(Object(Illuminate/Http/Request), Object(Illuminate/Routing/Route))
#50 C:/laragon/www/cadisetramadiR/vendor/laravel/framework/src/Illuminate/Routing/Router.php(753): Illuminate/Routing/Router->dispatchToRoute(Object(Illuminate/Http/Request))
#51 C:/laragon/www/cadisetramadiR/vendor/laravel/framework/src/Illuminate/Foundation/Http/Kernel.php(200): Illuminate/Routing/Router->dispatch(Object(Illuminate/Http/Request))
#52 C:/laragon/www/cadisetramadiR/vendor/laravel/framework/src/Illuminate/Pipeline/Pipeline.php(180): Illuminate/Foundation/Http/Kernel->{closure:Illuminate/Foundation/Http/Kernel::dispatchToRouter():197}(Object(Illuminate/Http/Request))
#53 C:/laragon/www/cadisetramadiR/vendor/laravel/framework/src/Illuminate/Foundation/Http/Middleware/TransformsRequest.php(21): Illuminate/Pipeline/Pipeline->{closure:Illuminate/Pipeline/Pipeline::prepareDestination():178}(Object(Illuminate/Http/Request))
#54 C:/laragon/www/cadisetramadiR/vendor/laravel/framework/src/Illuminate/Foundation/Http/Middleware/ConvertEmptyStringsToNull.php(31): Illuminate/Foundation/Http/Middleware/TransformsRequest->handle(Object(Illuminate/Http/Request), Object(Closure))
#55 C:/laragon/www/cadisetramadiR/vendor/laravel/framework/src/Illuminate/Pipeline/Pipeline.php(219): Illuminate/Foundation/Http/Middleware/ConvertEmptyStringsToNull->handle(Object(Illuminate/Http/Request), Object(Closure))
#56 C:/laragon/www/cadisetramadiR/vendor/laravel/framework/src/Illuminate/Foundation/Http/Middleware/TransformsRequest.php(21): Illuminate/Pipeline/Pipeline->{closure:{closure:Illuminate/Pipeline/Pipeline::carry():194}:195}(Object(Illuminate/Http/Request))
#57 C:/laragon/www/cadisetramadiR/vendor/laravel/framework/src/Illuminate/Foundation/Http/Middleware/TrimStrings.php(51): Illuminate/Foundation/Http/Middleware/TransformsRequest->handle(Object(Illuminate/Http/Request), Object(Closure))
#58 C:/laragon/www/cadisetramadiR/vendor/laravel/framework/src/Illuminate/Pipeline/Pipeline.php(219): Illuminate/Foundation/Http/Middleware/TrimStrings->handle(Object(Illuminate/Http/Request), Object(Closure))
#59 C:/laragon/www/cadisetramadiR/vendor/laravel/framework/src/Illuminate/Http/Middleware/ValidatePostSize.php(27): Illuminate/Pipeline/Pipeline->{closure:{closure:Illuminate/Pipeline/Pipeline::carry():194}:195}(Object(Illuminate/Http/Request))
#60 C:/laragon/www/cadisetramadiR/vendor/laravel/framework/src/Illuminate/Pipeline/Pipeline.php(219): Illuminate/Http/Middleware/ValidatePostSize->handle(Object(Illuminate/Http/Request), Object(Closure))
#61 C:/laragon/www/cadisetramadiR/vendor/laravel/framework/src/Illuminate/Foundation/Http/Middleware/PreventRequestsDuringMaintenance.php(109): Illuminate/Pipeline/Pipeline->{closure:{closure:Illuminate/Pipeline/Pipeline::carry():194}:195}(Object(Illuminate/Http/Request))
#62 C:/laragon/www/cadisetramadiR/vendor/laravel/framework/src/Illuminate/Pipeline/Pipeline.php(219): Illuminate/Foundation/Http/Middleware/PreventRequestsDuringMaintenance->handle(Object(Illuminate/Http/Request), Object(Closure))
#63 C:/laragon/www/cadisetramadiR/vendor/laravel/framework/src/Illuminate/Http/Middleware/HandleCors.php(61): Illuminate/Pipeline/Pipeline->{closure:{closure:Illuminate/Pipeline/Pipeline::carry():194}:195}(Object(Illuminate/Http/Request))
#64 C:/laragon/www/cadisetramadiR/vendor/laravel/framework/src/Illuminate/Pipeline/Pipeline.php(219): Illuminate/Http/Middleware/HandleCors->handle(Object(Illuminate/Http/Request), Object(Closure))
#65 C:/laragon/www/cadisetramadiR/vendor/laravel/framework/src/Illuminate/Http/Middleware/TrustProxies.php(58): Illuminate/Pipeline/Pipeline->{closure:{closure:Illuminate/Pipeline/Pipeline::carry():194}:195}(Object(Illuminate/Http/Request))
#66 C:/laragon/www/cadisetramadiR/vendor/laravel/framework/src/Illuminate/Pipeline/Pipeline.php(219): Illuminate/Http/Middleware/TrustProxies->handle(Object(Illuminate/Http/Request), Object(Closure))
#67 C:/laragon/www/cadisetramadiR/vendor/laravel/framework/src/Illuminate/Foundation/Http/Middleware/InvokeDeferredCallbacks.php(22): Illuminate/Pipeline/Pipeline->{closure:{closure:Illuminate/Pipeline/Pipeline::carry():194}:195}(Object(Illuminate/Http/Request))
#68 C:/laragon/www/cadisetramadiR/vendor/laravel/framework/src/Illuminate/Pipeline/Pipeline.php(219): Illuminate/Foundation/Http/Middleware/InvokeDeferredCallbacks->handle(Object(Illuminate/Http/Request), Object(Closure))
#69 C:/laragon/www/cadisetramadiR/vendor/laravel/framework/src/Illuminate/Http/Middleware/ValidatePathEncoding.php(26): Illuminate/Pipeline/Pipeline->{closure:{closure:Illuminate/Pipeline/Pipeline::carry():194}:195}(Object(Illuminate/Http/Request))
#70 C:/laragon/www/cadisetramadiR/vendor/laravel/framework/src/Illuminate/Pipeline/Pipeline.php(219): Illuminate/Http/Middleware/ValidatePathEncoding->handle(Object(Illuminate/Http/Request), Object(Closure))
#71 C:/laragon/www/cadisetramadiR/vendor/laravel/framework/src/Illuminate/Pipeline/Pipeline.php(137): Illuminate/Pipeline/Pipeline->{closure:{closure:Illuminate/Pipeline/Pipeline::carry():194}:195}(Object(Illuminate/Http/Request))
#72 C:/laragon/www/cadisetramadiR/vendor/laravel/framework/src/Illuminate/Foundation/Http/Kernel.php(175): Illuminate/Pipeline/Pipeline->then(Object(Closure))
#73 C:/laragon/www/cadisetramadiR/vendor/laravel/framework/src/Illuminate/Foundation/Http/Kernel.php(144): Illuminate/Foundation/Http/Kernel->sendRequestThroughRouter(Object(Illuminate/Http/Request))
#74 C:/laragon/www/cadisetramadiR/vendor/laravel/framework/src/Illuminate/Foundation/Application.php(1220): Illuminate/Foundation/Http/Kernel->handle(Object(Illuminate/Http/Request))
#75 C:/laragon/www/cadisetramadiR/public/index.php(20): Illuminate/Foundation/Application->handleRequest(Object(Illuminate/Http/Request))
#76 C:/laragon/www/cadisetramadiR/vendor/laravel/framework/src/Illuminate/Foundation/resources/server.php(23): require_once('C://laragon//www//...')
#77 {main}

[previous exception] [object] (ReflectionException(code: -1): Class \"App\\Models\\ItemPenjualanPolicy\" does not exist at C:/laragon/www/cadisetramadiR/vendor/laravel/framework/src/Illuminate/Container/Container.php:1122)
[stacktrace]
#0 C:/laragon/www/cadisetramadiR/vendor/laravel/framework/src/Illuminate/Container/Container.php(1122): ReflectionClass->__construct('App//Models//Item...')
#1 C:/laragon/www/cadisetramadiR/vendor/laravel/framework/src/Illuminate/Container/Container.php(933): Illuminate/Container/Container->build('App//Models//Item...')
#2 C:/laragon/www/cadisetramadiR/vendor/laravel/framework/src/Illuminate/Foundation/Application.php(1078): Illuminate/Container/Container->resolve('App//Models//Item...', Array, true)
#3 C:/laragon/www/cadisetramadiR/vendor/laravel/framework/src/Illuminate/Container/Container.php(864): Illuminate/Foundation/Application->resolve('App//Models//Item...', Array)
#4 C:/laragon/www/cadisetramadiR/vendor/laravel/framework/src/Illuminate/Foundation/Application.php(1058): Illuminate/Container/Container->make('App//Models//Item...', Array)
#5 C:/laragon/www/cadisetramadiR/vendor/laravel/framework/src/Illuminate/Auth/Access/Gate.php(762): Illuminate/Foundation/Application->make('App//Models//Item...')
#6 C:/laragon/www/cadisetramadiR/vendor/laravel/framework/src/Illuminate/Auth/Access/Gate.php(670): Illuminate/Auth/Access/Gate->resolvePolicy('App//Models//Item...')
#7 C:/laragon/www/cadisetramadiR/vendor/laravel/framework/src/Illuminate/Auth/Access/Gate.php(630): Illuminate/Auth/Access/Gate->getPolicyFor('App//Models//Item...')
#8 C:/laragon/www/cadisetramadiR/vendor/laravel/framework/src/Illuminate/Auth/Access/Gate.php(551): Illuminate/Auth/Access/Gate->resolveAuthCallback(Object(App/Models/User), 'delete', Array)
#9 C:/laragon/www/cadisetramadiR/vendor/laravel/framework/src/Illuminate/Auth/Access/Gate.php(448): Illuminate/Auth/Access/Gate->callAuthCallback(Object(App/Models/User), 'delete', Array)
#10 C:/laragon/www/cadisetramadiR/vendor/laravel/framework/src/Illuminate/Auth/Access/Gate.php(411): Illuminate/Auth/Access/Gate->raw('delete', Array)
#11 C:/laragon/www/cadisetramadiR/vendor/laravel/framework/src/Illuminate/Auth/Access/Gate.php(359): Illuminate/Auth/Access/Gate->inspect('delete', Object(App/Models/ItemPenjualan))
#12 C:/laragon/www/cadisetramadiR/vendor/laravel/framework/src/Illuminate/Collections/Traits/EnumeratesValues.php(312): Illuminate/Auth/Access/Gate->{closure:Illuminate/Auth/Access/Gate::check():359}('delete', 0)
#13 C:/laragon/www/cadisetramadiR/vendor/laravel/framework/src/Illuminate/Auth/Access/Gate.php(358): Illuminate/Support/Collection->every(Object(Closure))
#14 C:/laragon/www/cadisetramadiR/storage/framework/views/039c11e4e4c6c654390eec4b963587e8.php(318): Illuminate/Auth/Access/Gate->check('delete', Object(App/Models/ItemPenjualan))
#15 C:/laragon/www/cadisetramadiR/vendor/laravel/framework/src/Illuminate/Filesystem/Filesystem.php(123): require('C://laragon//www//...')
#16 C:/laragon/www/cadisetramadiR/vendor/laravel/framework/src/Illuminate/Filesystem/Filesystem.php(124): Illuminate/Filesystem/Filesystem::{closure:Illuminate/Filesystem/Filesystem::getRequire():120}()
#17 C:/laragon/www/cadisetramadiR/vendor/laravel/framework/src/Illuminate/View/Engines/PhpEngine.php(57): Illuminate/Filesystem/Filesystem->getRequire('C://laragon//www//...', Array)
#18 C:/laragon/www/cadisetramadiR/vendor/laravel/framework/src/Illuminate/View/Engines/CompilerEngine.php(76): Illuminate/View/Engines/PhpEngine->evaluatePath('C://laragon//www//...', Array)
#19 C:/laragon/www/cadisetramadiR/vendor/laravel/framework/src/Illuminate/View/View.php(208): Illuminate/View/Engines/CompilerEngine->get('C://laragon//www//...', Array)
#20 C:/laragon/www/cadisetramadiR/vendor/laravel/framework/src/Illuminate/View/View.php(191): Illuminate/View/View->getContents()
#21 C:/laragon/www/cadisetramadiR/vendor/laravel/framework/src/Illuminate/View/View.php(160): Illuminate/View/View->renderContents()
#22 C:/laragon/www/cadisetramadiR/vendor/laravel/framework/src/Illuminate/Http/Response.php(78): Illuminate/View/View->render()
#23 C:/laragon/www/cadisetramadiR/vendor/laravel/framework/src/Illuminate/Http/Response.php(34): Illuminate/Http/Response->setContent(Object(Illuminate/View/View))
#24 C:/laragon/www/cadisetramadiR/vendor/laravel/framework/src/Illuminate/Routing/Router.php(939): Illuminate/Http/Response->__construct(Object(Illuminate/View/View), 200, Array)
#25 C:/laragon/www/cadisetramadiR/vendor/laravel/framework/src/Illuminate/Routing/Router.php(906): Illuminate/Routing/Router::toResponse(Object(Illuminate/Http/Request), Object(Illuminate/View/View))
#26 C:/laragon/www/cadisetramadiR/vendor/laravel/framework/src/Illuminate/Routing/Router.php(821): Illuminate/Routing/Router->prepareResponse(Object(Illuminate/Http/Request), Object(Illuminate/View/View))
#27 C:/laragon/www/cadisetramadiR/vendor/laravel/framework/src/Illuminate/Pipeline/Pipeline.php(180): Illuminate/Routing/Router->{closure:Illuminate/Routing/Router::runRouteWithinStack():821}(Object(Illuminate/Http/Request))
#28 C:/laragon/www/cadisetramadiR/app/Http/Middleware/RoleMiddleware.php(29): Illuminate/Pipeline/Pipeline->{closure:Illuminate/Pipeline/Pipeline::prepareDestination():178}(Object(Illuminate/Http/Request))
#29 C:/laragon/www/cadisetramadiR/vendor/laravel/framework/src/Illuminate/Pipeline/Pipeline.php(219): App/Http/Middleware/RoleMiddleware->handle(Object(Illuminate/Http/Request), Object(Closure), 'admin', 'kasir')
#30 C:/laragon/www/cadisetramadiR/app/Http/Middleware/SetLanguage.php(38): Illuminate/Pipeline/Pipeline->{closure:{closure:Illuminate/Pipeline/Pipeline::carry():194}:195}(Object(Illuminate/Http/Request))
#31 C:/laragon/www/cadisetramadiR/vendor/laravel/framework/src/Illuminate/Pipeline/Pipeline.php(219): App/Http/Middleware/SetLanguage->handle(Object(Illuminate/Http/Request), Object(Closure))
#32 C:/laragon/www/cadisetramadiR/vendor/laravel/framework/src/Illuminate/Routing/Middleware/SubstituteBindings.php(50): Illuminate/Pipeline/Pipeline->{closure:{closure:Illuminate/Pipeline/Pipeline::carry():194}:195}(Object(Illuminate/Http/Request))
#33 C:/laragon/www/cadisetramadiR/vendor/laravel/framework/src/Illuminate/Pipeline/Pipeline.php(219): Illuminate/Routing/Middleware/SubstituteBindings->handle(Object(Illuminate/Http/Request), Object(Closure))
#34 C:/laragon/www/cadisetramadiR/vendor/laravel/framework/src/Illuminate/Auth/Middleware/Authenticate.php(63): Illuminate/Pipeline/Pipeline->{closure:{closure:Illuminate/Pipeline/Pipeline::carry():194}:195}(Object(Illuminate/Http/Request))
#35 C:/laragon/www/cadisetramadiR/vendor/laravel/framework/src/Illuminate/Pipeline/Pipeline.php(219): Illuminate/Auth/Middleware/Authenticate->handle(Object(Illuminate/Http/Request), Object(Closure))
#36 C:/laragon/www/cadisetramadiR/vendor/laravel/framework/src/Illuminate/Foundation/Http/Middleware/VerifyCsrfToken.php(87): Illuminate/Pipeline/Pipeline->{closure:{closure:Illuminate/Pipeline/Pipeline::carry():194}:195}(Object(Illuminate/Http/Request))
#37 C:/laragon/www/cadisetramadiR/vendor/laravel/framework/src/Illuminate/Pipeline/Pipeline.php(219): Illuminate/Foundation/Http/Middleware/VerifyCsrfToken->handle(Object(Illuminate/Http/Request), Object(Closure))
#38 C:/laragon/www/cadisetramadiR/vendor/laravel/framework/src/Illuminate/View/Middleware/ShareErrorsFromSession.php(48): Illuminate/Pipeline/Pipeline->{closure:{closure:Illuminate/Pipeline/Pipeline::carry():194}:195}(Object(Illuminate/Http/Request))
#39 C:/laragon/www/cadisetramadiR/vendor/laravel/framework/src/Illuminate/Pipeline/Pipeline.php(219): Illuminate/View/Middleware/ShareErrorsFromSession->handle(Object(Illuminate/Http/Request), Object(Closure))
#40 C:/laragon/www/cadisetramadiR/vendor/laravel/framework/src/Illuminate/Session/Middleware/StartSession.php(120): Illuminate/Pipeline/Pipeline->{closure:{closure:Illuminate/Pipeline/Pipeline::carry():194}:195}(Object(Illuminate/Http/Request))
#41 C:/laragon/www/cadisetramadiR/vendor/laravel/framework/src/Illuminate/Session/Middleware/StartSession.php(63): Illuminate/Session/Middleware/StartSession->handleStatefulRequest(Object(Illuminate/Http/Request), Object(Illuminate/Session/Store), Object(Closure))
#42 C:/laragon/www/cadisetramadiR/vendor/laravel/framework/src/Illuminate/Pipeline/Pipeline.php(219): Illuminate/Session/Middleware/StartSession->handle(Object(Illuminate/Http/Request), Object(Closure))
#43 C:/laragon/www/cadisetramadiR/vendor/laravel/framework/src/Illuminate/Cookie/Middleware/AddQueuedCookiesToResponse.php(36): Illuminate/Pipeline/Pipeline->{closure:{closure:Illuminate/Pipeline/Pipeline::carry():194}:195}(Object(Illuminate/Http/Request))
#44 C:/laragon/www/cadisetramadiR/vendor/laravel/framework/src/Illuminate/Pipeline/Pipeline.php(219): Illuminate/Cookie/Middleware/AddQueuedCookiesToResponse->handle(Object(Illuminate/Http/Request), Object(Closure))
#45 C:/laragon/www/cadisetramadiR/vendor/laravel/framework/src/Illuminate/Cookie/Middleware/EncryptCookies.php(74): Illuminate/Pipeline/Pipeline->{closure:{closure:Illuminate/Pipeline/Pipeline::carry():194}:195}(Object(Illuminate/Http/Request))
#46 C:/laragon/www/cadisetramadiR/vendor/laravel/framework/src/Illuminate/Pipeline/Pipeline.php(219): Illuminate/Cookie/Middleware/EncryptCookies->handle(Object(Illuminate/Http/Request), Object(Closure))
#47 C:/laragon/www/cadisetramadiR/vendor/laravel/framework/src/Illuminate/Pipeline/Pipeline.php(137): Illuminate/Pipeline/Pipeline->{closure:{closure:Illuminate/Pipeline/Pipeline::carry():194}:195}(Object(Illuminate/Http/Request))
#48 C:/laragon/www/cadisetramadiR/vendor/laravel/framework/src/Illuminate/Routing/Router.php(821): Illuminate/Pipeline/Pipeline->then(Object(Closure))
#49 C:/laragon/www/cadisetramadiR/vendor/laravel/framework/src/Illuminate/Routing/Router.php(800): Illuminate/Routing/Router->runRouteWithinStack(Object(Illuminate/Routing/Route), Object(Illuminate/Http/Request))
#50 C:/laragon/www/cadisetramadiR/vendor/laravel/framework/src/Illuminate/Routing/Router.php(764): Illuminate/Routing/Router->runRoute(Object(Illuminate/Http/Request), Object(Illuminate/Routing/Route))
#51 C:/laragon/www/cadisetramadiR/vendor/laravel/framework/src/Illuminate/Routing/Router.php(753): Illuminate/Routing/Router->dispatchToRoute(Object(Illuminate/Http/Request))
#52 C:/laragon/www/cadisetramadiR/vendor/laravel/framework/src/Illuminate/Foundation/Http/Kernel.php(200): Illuminate/Routing/Router->dispatch(Object(Illuminate/Http/Request))
#53 C:/laragon/www/cadisetramadiR/vendor/laravel/framework/src/Illuminate/Pipeline/Pipeline.php(180): Illuminate/Foundation/Http/Kernel->{closure:Illuminate/Foundation/Http/Kernel::dispatchToRouter():197}(Object(Illuminate/Http/Request))
#54 C:/laragon/www/cadisetramadiR/vendor/laravel/framework/src/Illuminate/Foundation/Http/Middleware/TransformsRequest.php(21): Illuminate/Pipeline/Pipeline->{closure:Illuminate/Pipeline/Pipeline::prepareDestination():178}(Object(Illuminate/Http/Request))
#55 C:/laragon/www/cadisetramadiR/vendor/laravel/framework/src/Illuminate/Foundation/Http/Middleware/ConvertEmptyStringsToNull.php(31): Illuminate/Foundation/Http/Middleware/TransformsRequest->handle(Object(Illuminate/Http/Request), Object(Closure))
#56 C:/laragon/www/cadisetramadiR/vendor/laravel/framework/src/Illuminate/Pipeline/Pipeline.php(219): Illuminate/Foundation/Http/Middleware/ConvertEmptyStringsToNull->handle(Object(Illuminate/Http/Request), Object(Closure))
#57 C:/laragon/www/cadisetramadiR/vendor/laravel/framework/src/Illuminate/Foundation/Http/Middleware/TransformsRequest.php(21): Illuminate/Pipeline/Pipeline->{closure:{closure:Illuminate/Pipeline/Pipeline::carry():194}:195}(Object(Illuminate/Http/Request))
#58 C:/laragon/www/cadisetramadiR/vendor/laravel/framework/src/Illuminate/Foundation/Http/Middleware/TrimStrings.php(51): Illuminate/Foundation/Http/Middleware/TransformsRequest->handle(Object(Illuminate/Http/Request), Object(Closure))
#59 C:/laragon/www/cadisetramadiR/vendor/laravel/framework/src/Illuminate/Pipeline/Pipeline.php(219): Illuminate/Foundation/Http/Middleware/TrimStrings->handle(Object(Illuminate/Http/Request), Object(Closure))
#60 C:/laragon/www/cadisetramadiR/vendor/laravel/framework/src/Illuminate/Http/Middleware/ValidatePostSize.php(27): Illuminate/Pipeline/Pipeline->{closure:{closure:Illuminate/Pipeline/Pipeline::carry():194}:195}(Object(Illuminate/Http/Request))
#61 C:/laragon/www/cadisetramadiR/vendor/laravel/framework/src/Illuminate/Pipeline/Pipeline.php(219): Illuminate/Http/Middleware/ValidatePostSize->handle(Object(Illuminate/Http/Request), Object(Closure))
#62 C:/laragon/www/cadisetramadiR/vendor/laravel/framework/src/Illuminate/Foundation/Http/Middleware/PreventRequestsDuringMaintenance.php(109): Illuminate/Pipeline/Pipeline->{closure:{closure:Illuminate/Pipeline/Pipeline::carry():194}:195}(Object(Illuminate/Http/Request))
#63 C:/laragon/www/cadisetramadiR/vendor/laravel/framework/src/Illuminate/Pipeline/Pipeline.php(219): Illuminate/Foundation/Http/Middleware/PreventRequestsDuringMaintenance->handle(Object(Illuminate/Http/Request), Object(Closure))
#64 C:/laragon/www/cadisetramadiR/vendor/laravel/framework/src/Illuminate/Http/Middleware/HandleCors.php(61): Illuminate/Pipeline/Pipeline->{closure:{closure:Illuminate/Pipeline/Pipeline::carry():194}:195}(Object(Illuminate/Http/Request))
#65 C:/laragon/www/cadisetramadiR/vendor/laravel/framework/src/Illuminate/Pipeline/Pipeline.php(219): Illuminate/Http/Middleware/HandleCors->handle(Object(Illuminate/Http/Request), Object(Closure))
#66 C:/laragon/www/cadisetramadiR/vendor/laravel/framework/src/Illuminate/Http/Middleware/TrustProxies.php(58): Illuminate/Pipeline/Pipeline->{closure:{closure:Illuminate/Pipeline/Pipeline::carry():194}:195}(Object(Illuminate/Http/Request))
#67 C:/laragon/www/cadisetramadiR/vendor/laravel/framework/src/Illuminate/Pipeline/Pipeline.php(219): Illuminate/Http/Middleware/TrustProxies->handle(Object(Illuminate/Http/Request), Object(Closure))
#68 C:/laragon/www/cadisetramadiR/vendor/laravel/framework/src/Illuminate/Foundation/Http/Middleware/InvokeDeferredCallbacks.php(22): Illuminate/Pipeline/Pipeline->{closure:{closure:Illuminate/Pipeline/Pipeline::carry():194}:195}(Object(Illuminate/Http/Request))
#69 C:/laragon/www/cadisetramadiR/vendor/laravel/framework/src/Illuminate/Pipeline/Pipeline.php(219): Illuminate/Foundation/Http/Middleware/InvokeDeferredCallbacks->handle(Object(Illuminate/Http/Request), Object(Closure))
#70 C:/laragon/www/cadisetramadiR/vendor/laravel/framework/src/Illuminate/Http/Middleware/ValidatePathEncoding.php(26): Illuminate/Pipeline/Pipeline->{closure:{closure:Illuminate/Pipeline/Pipeline::carry():194}:195}(Object(Illuminate/Http/Request))
#71 C:/laragon/www/cadisetramadiR/vendor/laravel/framework/src/Illuminate/Pipeline/Pipeline.php(219): Illuminate/Http/Middleware/ValidatePathEncoding->handle(Object(Illuminate/Http/Request), Object(Closure))
#72 C:/laragon/www/cadisetramadiR/vendor/laravel/framework/src/Illuminate/Pipeline/Pipeline.php(137): Illuminate/Pipeline/Pipeline->{closure:{closure:Illuminate/Pipeline/Pipeline::carry():194}:195}(Object(Illuminate/Http/Request))
#73 C:/laragon/www/cadisetramadiR/vendor/laravel/framework/src/Illuminate/Foundation/Http/Kernel.php(175): Illuminate/Pipeline/Pipeline->then(Object(Closure))
#74 C:/laragon/www/cadisetramadiR/vendor/laravel/framework/src/Illuminate/Foundation/Http/Kernel.php(144): Illuminate/Foundation/Http/Kernel->sendRequestThroughRouter(Object(Illuminate/Http/Request))
#75 C:/laragon/www/cadisetramadiR/vendor/laravel/framework/src/Illuminate/Foundation/Application.php(1220): Illuminate/Foundation/Http/Kernel->handle(Object(Illuminate/Http/Request))
#76 C:/laragon/www/cadisetramadiR/public/index.php(20): Illuminate/Foundation/Application->handleRequest(Object(Illuminate/Http/Request))
#77 C:/laragon/www/cadisetramadiR/vendor/laravel/framework/src/Illuminate/Foundation/resources/server.php(23): require_once('C://laragon//www//...')
#78 {main}
"} 
[2026-08-19 06:47:32] local.ERROR: Uncaught ReflectionException: Class "App\Models\ItemPenjualanPolicy" does not exist in Command line code:1
Stack trace:
#0 Command line code(1): ReflectionClass->__construct('App\\Models\\Item...')
#1 [internal function]: {closure:Command line code:1}('App\\Models\\Item...', 'App\\Models\\Item...')
#2 Command line code(1): array_map(Object(Closure), Array, Array)
#3 {main}
  thrown {"exception":"[object] (Symfony\\Component\\ErrorHandler\\Error\\FatalError(code: 0): Uncaught ReflectionException: Class \"App\\Models\\ItemPenjualanPolicy\" does not exist in Command line code:1
Stack trace:
#0 Command line code(1): ReflectionClass->__construct('App\\\\Models\\\\Item...')
#1 [internal function]: {closure:Command line code:1}('App\\\\Models\\\\Item...', 'App\\\\Models\\\\Item...')
#2 Command line code(1): array_map(Object(Closure), Array, Array)
#3 {main}
  thrown at Command line code:1)
[stacktrace]
#0 {main}
"} 
[2026-08-19 06:58:34] local.INFO: Updating settings for User ID: 4  
[2026-08-19 06:58:34] local.INFO: Settings updated successfully for User ID: 4  
[2026-08-19 06:58:43] local.INFO: User ID: 4  
[2026-08-19 06:58:43] local.INFO: Notifications count: 9  
[2026-08-19 06:58:43] local.INFO: Unread count: 9  
[2026-08-19 06:58:46] local.INFO: User ID: 4  
[2026-08-19 06:58:46] local.INFO: Notifications count: 9  
[2026-08-19 06:58:46] local.INFO: Unread count: 9  
[2026-08-19 07:02:39] local.INFO: User ID: 4  
[2026-08-19 07:02:39] local.INFO: Notifications count: 9  
[2026-08-19 07:02:39] local.INFO: Unread count: 9  
[2026-08-19 07:19:06] local.INFO: User ID: 4  
[2026-08-19 07:19:06] local.INFO: Notifications count: 10  
[2026-08-19 07:19:06] local.INFO: Unread count: 10  
